sample_id,patient_id,label,split,raw_relpath,npz_relpath,height,width,mask_area,bbox_r0,bbox_r1,bbox_c0,bbox_c1,bbox_h,bbox_w,bbox_longest,content_sha256
1,100360,1,train,1512427/brainTumorDataPublic_1-766/1.mat,data/processed/samples/1.npz,512,512,4569,176,253,267,380,77,113,113,9e57fbc1815cf4d219627431547542919aa4d9e1913d2bcc2e2b598b06b22b47
2,100360,1,train,1512427/brainTumorDataPublic_1-766/2.mat,data/processed/samples/2.npz,512,512,8630,153,256,264,377,103,113,113,e3bd2eae387a5ee9cc522f225b3e1e12e083020b110b28d5299797d90d80aaf2
3,100360,1,train,1512427/brainTumorDataPublic_1-766/3.mat,data/processed/samples/3.npz,512,512,10511,156,281,267,381,125,114,125,33b2e9c45b709b69821d08843f769c0b4bf3652b9b9745fa9dabb5e7a28d7b43
4,100360,1,train,1512427/brainTumorDataPublic_1-766/4.mat,data/processed/samples/4.npz,512,512,8897,163,280,273,379,117,106,117,3f853d92f3f87283053ef6d261efb1ae8ef684f9f6799e6de3c22ab4e8852713
5,100360,1,train,1512427/brainTumorDataPublic_1-766/5.mat,data/processed/samples/5.npz,512,512,11250,158,298,284,393,140,109,140,160b11dc65f1c763b9f7e5cfe692df90fd738eff1af03a36aac0e34a57d9e4cd
6,100572,1,train,1512427/brainTumorDataPublic_1-766/6.mat,data/processed/samples/6.npz,512,512,2179,182,244,258,314,62,56,62,a75e0d3beb5b815735cc16b98dff371f4053b220511ad27828fd990d4187193d
7,100572,1,train,1512427/brainTumorDataPublic_1-766/7.mat,data/processed/samples/7.npz,512,512,2360,184,245,257,313,61,56,61,89e3b381b24ec2f40bfcc5c31483fb18fe8521d6c59e4c523e1f94dc4da7f945
8,100572,1,train,1512427/brainTumorDataPublic_1-766/8.mat,data/processed/samples/8.npz,512,512,2245,193,259,255,311,66,56,66,94de96baf0996a3e2eefa02c98fee50bed6cb5ec8476652e62e4d1a9f0274f60
9,101016,1,train,1512427/brainTumorDataPublic_1-766/9.mat,data/processed/samples/9.npz,512,512,3353,255,319,209,286,64,77,77,7b183018c375798848c6c6dd7727050f5b29ade7e14d19d4859e58a485321f8b
10,101016,1,train,1512427/brainTumorDataPublic_1-766/10.mat,data/processed/samples/10.npz,512,512,3707,251,325,236,300,74,64,74,50b81e16946bf53d56956b6964ab16e6b409ed2a7c3d1c513e1adddf5f28b6e0
11,101016,1,train,1512427/brainTumorDataPublic_1-766/11.mat,data/processed/samples/11.npz,512,512,6121,246,334,231,318,88,87,88,aaebfcf0f66d19a8669be49321be9a35aedd22a1472aeb1612495201cd37738a
12,101016,1,train,1512427/brainTumorDataPublic_1-766/12.mat,data/processed/samples/12.npz,512,512,7618,239,343,230,325,104,95,104,bba7ff3ad094a02d0895b23c63eccfcf3b28c87170d88d4f4124ddec5a4f83b1
13,101016,1,train,1512427/brainTumorDataPublic_1-766/13.mat,data/processed/samples/13.npz,512,512,8000,237,347,230,325,110,95,110,2535f59bebd78cc070c952ffc2a5bd04d87b077a0a04013200f12ade20d73744
14,101016,1,train,1512427/brainTumorDataPublic_1-766/14.mat,data/processed/samples/14.npz,512,512,6729,241,341,235,317,100,82,100,719320091a721fe5464ad16e598783a791d8bdd32f648dbedeeb4a3b774d3f4d
15,101016,1,train,1512427/brainTumorDataPublic_1-766/15.mat,data/processed/samples/15.npz,512,512,4046,253,332,240,307,79,67,79,1cdb0a62e3642aa27e6090866b238861081794ea2ba1d6cc7dd9a63bcdd8a0e8
16,101127,1,val,1512427/brainTumorDataPublic_1-766/16.mat,data/processed/samples/16.npz,512,512,684,194,217,237,276,23,39,39,de6eee7e01453574f3e604ff1776d1f21130eedaa5885197a012347735cf3921
17,101127,1,val,1512427/brainTumorDataPublic_1-766/17.mat,data/processed/samples/17.npz,512,512,2547,161,221,232,293,60,61,61,c33ed3edbdcdc10c8faaf9207790085226b60f23f9c58613045d43b8ed8a5971
18,101127,1,val,1512427/brainTumorDataPublic_1-766/18.mat,data/processed/samples/18.npz,512,512,1937,162,209,237,288,47,51,51,39f500da6347148e462832db1d373cdc9cc1420327302b4b1d673b114de4b43e
19,101127,1,val,1512427/brainTumorDataPublic_1-766/19.mat,data/processed/samples/19.npz,512,512,1031,169,201,245,285,32,40,40,66a1deec59f21d1f034f03231f285658221e5c1c105f0afe8eaec86b5dc4236e
20,101797,1,train,1512427/brainTumorDataPublic_1-766/20.mat,data/processed/samples/20.npz,512,512,4709,270,347,238,327,77,89,89,bc329b2dea69ca3eb836164da57ce4260a341259915458d5fb30c543590a9d33
21,101797,1,train,1512427/brainTumorDataPublic_1-766/21.mat,data/processed/samples/21.npz,512,512,5802,269,351,233,332,82,99,99,35c6a675d143ba0f8c1c57d7999e94a0e560098c19fca30f0ff2f73e6d43db67
22,101797,1,train,1512427/brainTumorDataPublic_1-766/22.mat,data/processed/samples/22.npz,512,512,6350,266,347,231,334,81,103,103,05da5a22aab5dad685a4fe79c7aaf6d61508ca76cf2cef68d89109496beaeeaf
23,101797,1,train,1512427/brainTumorDataPublic_1-766/23.mat,data/processed/samples/23.npz,512,512,5277,264,346,231,316,82,85,85,69a87298aeb34547de068a46e24fa8ac0fd65645e02db43c003f2274604e8f3a
24,102420,1,train,1512427/brainTumorDataPublic_1-766/24.mat,data/processed/samples/24.npz,512,512,3028,232,301,274,335,69,61,69,08b278a210f8703772b933ff622023371aaea1f4c3eaab08edd9bc2321bf1bc9
25,102420,1,train,1512427/brainTumorDataPublic_1-766/25.mat,data/processed/samples/25.npz,512,512,3400,228,349,274,328,121,54,121,d313db02c4b579a35cf95a49ff769709f06aa37d4da50809958f4ba064c848d6
26,102446,1,val,1512427/brainTumorDataPublic_1-766/26.mat,data/processed/samples/26.npz,512,512,725,358,392,203,232,34,29,34,a27ebfefe1e63c1dff7d5b039770853adc2806c89627c817b4cbb0287b602e66
27,102675,1,val,1512427/brainTumorDataPublic_1-766/27.mat,data/processed/samples/27.npz,512,512,1401,131,170,175,227,39,52,52,03e8da1d7809d8e7dd219fbece9748b6985d44a6f234a43cbabc3c383aa8e01f
28,102714,1,test,1512427/brainTumorDataPublic_1-766/28.mat,data/processed/samples/28.npz,512,512,2117,169,211,161,230,42,69,69,fb74b123230307561ac4ab3a13f2d86c3feec66d27e7fd5808e20d32ee420caf
29,102714,1,test,1512427/brainTumorDataPublic_1-766/29.mat,data/processed/samples/29.npz,512,512,3531,168,232,154,231,64,77,77,bb02215489ac796ad6cc16e35dead458f8171a00a6b80fb47cda001179a576b7
30,102714,1,test,1512427/brainTumorDataPublic_1-766/30.mat,data/processed/samples/30.npz,512,512,4352,153,236,154,228,83,74,83,30d8fb897af8c905c70d26598d4848df9adb9d75d55c5b37ace3493de55264a9
31,102714,1,test,1512427/brainTumorDataPublic_1-766/31.mat,data/processed/samples/31.npz,512,512,4454,148,237,152,230,89,78,89,cc32aa364af25264aae6fca7d14b33d5f8572c8ae68eaa61538748d00f84cf47
32,102929,1,test,1512427/brainTumorDataPublic_1-766/32.mat,data/processed/samples/32.npz,512,512,2885,187,276,206,254,89,48,89,fa0d56d39e30d3b71e58933a59d541273cadf5e210f27eb1f5a599f471d67921
33,102929,1,test,1512427/brainTumorDataPublic_1-766/33.mat,data/processed/samples/33.npz,512,512,2174,205,282,207,254,77,47,77,c1d2f87f6a2a51b36db92300d59ae9bd9ed7e01a1facb646aac309d13a47dcaf
34,102935,1,train,1512427/brainTumorDataPublic_1-766/34.mat,data/processed/samples/34.npz,512,512,379,125,154,245,261,29,16,29,27602743690e5cd9224f9751edccf57cb6a8d69e59dcc7312023949e254720b8
35,102985,1,train,1512427/brainTumorDataPublic_1-766/35.mat,data/processed/samples/35.npz,512,512,459,360,393,253,273,33,20,33,498db5c2f823f0bbb5c860ee23841b5d1803a355b341f0aa12b54a235053da52
36,103673,1,train,1512427/brainTumorDataPublic_1-766/36.mat,data/processed/samples/36.npz,512,512,2010,191,239,225,283,48,58,58,334ce713a525a90d91c67339ec6759f05a7e09858e3e46668ef53169ac91879c
37,103673,1,train,1512427/brainTumorDataPublic_1-766/37.mat,data/processed/samples/37.npz,512,512,2599,190,241,223,285,51,62,62,9475aa2c0b1e96a6291828de09fc5f3fabb868c9c81412b711537aab4a7cd028
38,103673,1,train,1512427/brainTumorDataPublic_1-766/38.mat,data/processed/samples/38.npz,512,512,3211,178,246,220,287,68,67,68,fa2c3b60772777683ee54a3d7b3b7b065e3ffda9468495127ee1b5d276b54b84
39,103673,1,train,1512427/brainTumorDataPublic_1-766/39.mat,data/processed/samples/39.npz,512,512,3374,173,247,213,284,74,71,74,1bbb00cab5b0919be6db662b52b9bb91567a4412939ea3ecc0f5d8fb1ac35a90
40,103673,1,train,1512427/brainTumorDataPublic_1-766/40.mat,data/processed/samples/40.npz,512,512,2916,176,244,217,279,68,62,68,9ae2f0f6db9560f615f3d66cad284793479659e672b40d9597172480e55d9bcd
41,103673,1,train,1512427/brainTumorDataPublic_1-766/41.mat,data/processed/samples/41.npz,512,512,2422,178,238,221,278,60,57,60,158097d5de8071ce01f7db50e5a72e7174b235388064efcf3e83a607993d8a94
42,103925,1,test,1512427/brainTumorDataPublic_1-766/42.mat,data/processed/samples/42.npz,512,512,3950,237,304,263,350,67,87,87,2f9c85f459374a9474dcff2bff51e3303a9a5e4fd4af489f6357dda1783ec615
43,103925,1,test,1512427/brainTumorDataPublic_1-766/43.mat,data/processed/samples/43.npz,512,512,3746,233,300,265,336,67,71,71,ff7035de92f15ba0974ab3a83914e2dbe94ad7a34266ab653dffd6d6c942e6ae
44,103925,1,test,1512427/brainTumorDataPublic_1-766/44.mat,data/processed/samples/44.npz,512,512,2273,239,294,273,325,55,52,55,a6c9e06f4fcef155f23be65a4c5b56144ac5ea2ca7b43671f793fb91177fb938
45,104167,1,train,1512427/brainTumorDataPublic_1-766/45.mat,data/processed/samples/45.npz,512,512,5169,149,248,136,206,99,70,99,481d86756090a802076076dd50f55ccec3510ffb5919c707e48d85de31d71f0a
46,104167,1,train,1512427/brainTumorDataPublic_1-766/46.mat,data/processed/samples/46.npz,512,512,6162,146,250,137,216,104,79,104,ff74cbf7d3fef6a1295825f2240f77c1bb308300fa683711c4df19f502318767
47,104167,1,train,1512427/brainTumorDataPublic_1-766/47.mat,data/processed/samples/47.npz,512,512,5159,149,241,144,216,92,72,92,8c366e26afb18bb2e51d7ed20c0ef661964a5caab08442fc10de81231020f049
48,104167,1,train,1512427/brainTumorDataPublic_1-766/48.mat,data/processed/samples/48.npz,512,512,3939,151,243,154,215,92,61,92,18306ed1cf250cd28e9e48d1eb5a9516f4392ec402e19e1aed54b684451c952f
49,104281,1,train,1512427/brainTumorDataPublic_1-766/49.mat,data/processed/samples/49.npz,512,512,1852,270,317,328,378,47,50,50,54a6f8bd2f8a663f5e1968bf0a9975218e8a69914c75771924e96ef3c60da36e
50,104281,1,train,1512427/brainTumorDataPublic_1-766/50.mat,data/processed/samples/50.npz,512,512,4989,265,357,316,384,92,68,92,de813d5388b702901e05ef8bb4cbd119d623266409c7d6144b7d41fc19c454d6
51,104281,1,train,1512427/brainTumorDataPublic_1-766/51.mat,data/processed/samples/51.npz,512,512,5822,265,361,307,387,96,80,96,fe93a0afc3c3a523fe49faec1e1047920e754366d9a86e2cb328b33a99d1a840
52,104281,1,train,1512427/brainTumorDataPublic_1-766/52.mat,data/processed/samples/52.npz,512,512,5565,268,362,305,387,94,82,94,440c45f69cd25da8bef7fa2cb596e8fb786eb010fa148b3af5a4ce33b03e45af
53,104281,1,train,1512427/brainTumorDataPublic_1-766/53.mat,data/processed/samples/53.npz,512,512,4077,283,358,305,371,75,66,75,bf3e7c72a9a7f22f9691fb1b58d0687c7345080bc74c3e2f8e2952326b5f47fb
54,104281,1,train,1512427/brainTumorDataPublic_1-766/54.mat,data/processed/samples/54.npz,512,512,2337,284,336,306,363,52,57,57,3b6267085cd9c201f43395eeac2cb3e767eea28cfb7f69ad2532426b2d6e0d4c
55,104281,1,train,1512427/brainTumorDataPublic_1-766/55.mat,data/processed/samples/55.npz,512,512,1294,287,324,312,355,37,43,43,a75d1a3627c803b5d16504adaa0f4946b74ad66629110db63547415274d67425
56,105374,1,train,1512427/brainTumorDataPublic_1-766/56.mat,data/processed/samples/56.npz,512,512,1044,314,350,308,351,36,43,43,1d4aa16321f80de66bfe1758302f1b375ba0dd83b1115eebb3bf2fe9a27e42c8
57,105374,1,train,1512427/brainTumorDataPublic_1-766/57.mat,data/processed/samples/57.npz,512,512,1063,294,350,307,348,56,41,56,8971d5934496eac546436be3b5497e4a96476408e27022c387a20b14b95848d8
58,105555,1,train,1512427/brainTumorDataPublic_1-766/58.mat,data/processed/samples/58.npz,512,512,892,284,319,324,358,35,34,35,7920d13d9aecd71cfe4976c79a390589393da595def194703c27f7cf4a33d7b7
59,58392,3,train,1512427/brainTumorDataPublic_1-766/59.mat,data/processed/samples/59.npz,512,512,2916,226,291,216,283,65,67,67,ef3a04106994e28a0ee2a3b43e151c852ebf78ceb55c3286c2a94410b2db566e
60,105937,1,train,1512427/brainTumorDataPublic_1-766/60.mat,data/processed/samples/60.npz,512,512,3847,233,305,241,308,72,67,72,4bcec15d3450b0eb28742d3b5579da632f2ee21dde515621535d36e42be20907
61,105937,1,train,1512427/brainTumorDataPublic_1-766/61.mat,data/processed/samples/61.npz,512,512,4730,230,311,238,312,81,74,81,ab7c50379d0fbec2f0ff62a98e64c324c7cb6d2dbc38720615482d21f53d6f93
62,106284,1,train,1512427/brainTumorDataPublic_1-766/62.mat,data/processed/samples/62.npz,512,512,4454,169,250,248,323,81,75,81,b7fee4bbb436295c59794c5f2e6875a9cceb6c990c81beba1268183b36c85bf3
63,106284,1,train,1512427/brainTumorDataPublic_1-766/63.mat,data/processed/samples/63.npz,512,512,5584,167,253,244,327,86,83,86,54bfdc1fbb8573fc4683e01c78cee1bf3896d6e318fa3705d0d8ad9e761e590e
64,106284,1,train,1512427/brainTumorDataPublic_1-766/64.mat,data/processed/samples/64.npz,512,512,5841,165,251,245,328,86,83,86,16ca54156d76a7c2f0dcd748483a78247d37fbcb2de4b31f9e728b570e162ea0
65,106284,1,train,1512427/brainTumorDataPublic_1-766/65.mat,data/processed/samples/65.npz,512,512,5688,158,249,242,327,91,85,91,8cef9c33b21ab832ac91aafda225766a05f59e51739457b5ab0dcf0da8af64b6
66,106284,1,train,1512427/brainTumorDataPublic_1-766/66.mat,data/processed/samples/66.npz,512,512,3852,169,238,250,326,69,76,76,6fa6d1b7ac9af3d617dac3574f8d452bdf31951ca6954dc97e08a5f63c3e378d
67,106442,1,train,1512427/brainTumorDataPublic_1-766/67.mat,data/processed/samples/67.npz,512,512,2326,355,408,184,238,53,54,54,4d76a569b93d0be073c877ce4054747aac3b52ad3f0c99e60d558ca11429e953
68,106442,1,train,1512427/brainTumorDataPublic_1-766/68.mat,data/processed/samples/68.npz,512,512,3740,351,433,176,240,82,64,82,8aebd832fb460820a2124df94da63ed453682229b3e4275c94834c4c282f24f5
69,106442,1,train,1512427/brainTumorDataPublic_1-766/69.mat,data/processed/samples/69.npz,512,512,2644,353,407,175,240,54,65,65,12673d4e34db56aa9e28dd5ec4e3dbafb19b16bb4528fefe9ea6f3199bfc67a0
70,106442,1,train,1512427/brainTumorDataPublic_1-766/70.mat,data/processed/samples/70.npz,512,512,1404,360,397,181,234,37,53,53,faab6bb22df3262876e7fdde363bbfc3e0cab283bd4604e696a417d0b1f750cd
71,106534,1,train,1512427/brainTumorDataPublic_1-766/71.mat,data/processed/samples/71.npz,512,512,801,380,411,237,269,31,32,32,d5204a718e5597d26f1097eb9c69a8a298e05863116d662042c99316dc2a7c02
72,106534,1,train,1512427/brainTumorDataPublic_1-766/72.mat,data/processed/samples/72.npz,512,512,812,381,409,234,270,28,36,36,304973ad0a780dd0194693490aec911728bff404706f4edc77e4850839d430e0
73,106665,1,train,1512427/brainTumorDataPublic_1-766/73.mat,data/processed/samples/73.npz,512,512,7521,172,284,205,301,112,96,112,2b76bf7a3e15b810d6644c67ed44680d184d4fc3f82338fff57dcddf0e8fa017
74,106665,1,train,1512427/brainTumorDataPublic_1-766/74.mat,data/processed/samples/74.npz,512,512,10609,159,286,184,296,127,112,127,fc313a98e938dd4a49aa260bd51c86d5c7021d6a09505e1bf7c5125237ebdc93
75,106665,1,train,1512427/brainTumorDataPublic_1-766/75.mat,data/processed/samples/75.npz,512,512,11470,153,284,167,292,131,125,131,aa1493aa8ee8c988b10d7af93958033ddb31475048d42c329aee10164cfa86e2
76,106665,1,train,1512427/brainTumorDataPublic_1-766/76.mat,data/processed/samples/76.npz,512,512,10447,157,277,165,284,120,119,120,22ce8ec1929ed28144295bceedf2e99df81a856731c02cbabc65b7f78aa1f200
77,106665,1,train,1512427/brainTumorDataPublic_1-766/77.mat,data/processed/samples/77.npz,512,512,8344,158,277,172,270,119,98,119,1b64b3e7a78ea5e66ef81988cb4a2976308c9ad82892f547133c131219a21fa9
78,106665,1,train,1512427/brainTumorDataPublic_1-766/78.mat,data/processed/samples/78.npz,512,512,7024,160,268,178,267,108,89,108,654b9480511bd2a49d5b0e4af73bd5ef1accb304193a536120f9045fcc2693c1
79,106665,1,train,1512427/brainTumorDataPublic_1-766/79.mat,data/processed/samples/79.npz,512,512,2352,205,264,206,262,59,56,59,c84403382bdddd1055b3da6cfc760f1dfda9dcfd37742139a9688d6402d17271
80,106720,1,train,1512427/brainTumorDataPublic_1-766/80.mat,data/processed/samples/80.npz,512,512,11514,135,325,344,437,190,93,190,7ecfcb851e0adb4546f727abfa635ea1f58542979ef0d0058777feb76d561c97
81,106720,1,train,1512427/brainTumorDataPublic_1-766/81.mat,data/processed/samples/81.npz,512,512,11790,161,334,335,441,173,106,173,aaa9de407231143da9ae066154978323e4bf3538948261255a3dad9cabbd40ae
82,106720,1,train,1512427/brainTumorDataPublic_1-766/82.mat,data/processed/samples/82.npz,512,512,13463,160,341,330,444,181,114,181,fbcdc976890ef9e6f6898c01e7b351bb76dfffec0d947c41182ffa360eace71e
83,106720,1,train,1512427/brainTumorDataPublic_1-766/83.mat,data/processed/samples/83.npz,512,512,13489,163,330,331,446,167,115,167,198b98b9ba705dd97a52be1f35aa215f645ce79b589ccd2c1f8a1990f5247b1c
84,106720,1,train,1512427/brainTumorDataPublic_1-766/84.mat,data/processed/samples/84.npz,512,512,11986,168,329,329,437,161,108,161,285f4b19fb8fa16578a8eb056bc1013aa6d4e18e6dc027b7ab7035376fb6f77e
85,106720,1,train,1512427/brainTumorDataPublic_1-766/85.mat,data/processed/samples/85.npz,512,512,9021,179,297,328,426,118,98,118,9c8f0695ca56cc41dbb4eed0183c5dc0fb3545a843549b587d063a0cfbdfe864
86,106720,1,train,1512427/brainTumorDataPublic_1-766/86.mat,data/processed/samples/86.npz,512,512,5454,199,288,323,407,89,84,89,7d441da955629d1929a5eb60cacc5e2711157edba110fb275ce5e91bd1888c82
87,106914,1,train,1512427/brainTumorDataPublic_1-766/87.mat,data/processed/samples/87.npz,512,512,4837,316,390,239,323,74,84,84,6f28f689ef2860ea2d799e07cf49f09604e0f36ebf1c74abb2c1278f2a796944
88,106914,1,train,1512427/brainTumorDataPublic_1-766/88.mat,data/processed/samples/88.npz,512,512,6457,312,396,234,335,84,101,101,8a1a79aea8f122f58f88bac81e0df97fa9018efa4a77c11e234f7ec48ff787ca
89,106914,1,train,1512427/brainTumorDataPublic_1-766/89.mat,data/processed/samples/89.npz,512,512,6670,315,400,235,341,85,106,106,206e49200a942e41f43fe7a86aeceef1bd3d22f9550bb513eeae8791b614182d
90,106914,1,train,1512427/brainTumorDataPublic_1-766/90.mat,data/processed/samples/90.npz,512,512,4858,324,404,235,331,80,96,96,eca57c053c851a5d83ffd51665bd23ba59b182e5e49d5dc8512e0de2a8a8d0c3
91,107190,1,train,1512427/brainTumorDataPublic_1-766/91.mat,data/processed/samples/91.npz,512,512,714,177,215,223,249,38,26,38,0432c3df3b833062366e75db08ed41157e34f206ebc25ad13e3aded8967f3677
92,107190,1,train,1512427/brainTumorDataPublic_1-766/92.mat,data/processed/samples/92.npz,512,512,550,196,221,234,262,25,28,28,e44011ed8e332c18b37496ae0fa0b3d41ecd50ccf902afbf416968d19b700a63
93,107248,1,train,1512427/brainTumorDataPublic_1-766/93.mat,data/processed/samples/93.npz,512,512,2541,229,284,166,236,55,70,70,e11258a57609783bdba1024e29a99bfe250eff5b77d33a17336e9135bc679d23
94,107248,1,train,1512427/brainTumorDataPublic_1-766/94.mat,data/processed/samples/94.npz,512,512,3073,227,282,162,240,55,78,78,e0f3012647f3f1fe8f5aee67d7f31d3f82c71e867a29d2a414b309f6864d9885
95,107248,1,train,1512427/brainTumorDataPublic_1-766/95.mat,data/processed/samples/95.npz,512,512,1182,244,278,194,236,34,42,42,c791c2e772a35fa0c0f3cb94617053c01868e5230908dd4e9266c39d5c348de8
96,107248,1,train,1512427/brainTumorDataPublic_1-766/96.mat,data/processed/samples/96.npz,512,512,1735,288,333,290,340,45,50,50,d14e22992f4a3abbe5a96309757d73e46ecdbece409fc13c71441c47c3a638ef
97,107248,1,train,1512427/brainTumorDataPublic_1-766/97.mat,data/processed/samples/97.npz,512,512,2419,280,336,279,336,56,57,57,d43b823e459bc5ff9360d33d365ee4a082d743c28a8f85aef7f0e0bec77d463d
98,107248,1,train,1512427/brainTumorDataPublic_1-766/98.mat,data/processed/samples/98.npz,512,512,1955,282,330,279,334,48,55,55,1ba7969e25ecab6957f84ebf766f94878f038fc9020f26a0a396d10c5abea1c5
99,107494,1,test,1512427/brainTumorDataPublic_1-766/99.mat,data/processed/samples/99.npz,512,512,2400,179,263,182,227,84,45,84,1396b99e0a4ece3ec558ef1981e4b454f7c08c27c9f29c727f8d5a0cfe849684
100,107494,1,test,1512427/brainTumorDataPublic_1-766/100.mat,data/processed/samples/100.npz,512,512,2443,176,266,178,218,90,40,90,872f8c124b5e440e1bdbbcb2a5968de460d4aabccade2af67aea8c45b2beb31a
101,107494,1,test,1512427/brainTumorDataPublic_1-766/101.mat,data/processed/samples/101.npz,512,512,3274,177,260,171,237,83,66,83,037a330a75c37482789795f39136d9e7de456d5d810319da26f1fb83312871b7
102,107494,1,test,1512427/brainTumorDataPublic_1-766/102.mat,data/processed/samples/102.npz,512,512,4753,146,249,175,263,103,88,103,759b8a0b58ca197d922f01072d4fe33277ed5944dbbf2856c58d6e2ec325563f
103,107494,1,test,1512427/brainTumorDataPublic_1-766/103.mat,data/processed/samples/103.npz,512,512,2925,152,207,175,250,55,75,75,4487dcc40bff83ad0f60f01bb711ee3383318c6c0b5e1476db55f7f91ebe6da7
104,108514,1,train,1512427/brainTumorDataPublic_1-766/104.mat,data/processed/samples/104.npz,512,512,3506,283,367,120,186,84,66,84,8a618e6df0f6fed22f92a63e9bb11e83c0e65f0c070df991fb5ce9e4e1ea090e
105,108514,1,train,1512427/brainTumorDataPublic_1-766/105.mat,data/processed/samples/105.npz,512,512,5109,278,373,118,194,95,76,95,c122f9fcc96c60032904441682c540eb12eb8250fafe655bd0ecaff3cc109e97
106,108514,1,train,1512427/brainTumorDataPublic_1-766/106.mat,data/processed/samples/106.npz,512,512,7204,266,381,116,199,115,83,115,a60fcec0d44952a43cd18fdf209563bdf47d877011765bdc64a736fc4accda78
107,108514,1,train,1512427/brainTumorDataPublic_1-766/107.mat,data/processed/samples/107.npz,512,512,8221,269,379,116,212,110,96,110,65a020f7491d35669795e6e1457583f40e5f703a5df9101c13e88796450b32af
108,108514,1,train,1512427/brainTumorDataPublic_1-766/108.mat,data/processed/samples/108.npz,512,512,8352,261,377,117,211,116,94,116,31510c01fe9baae5ad6e25707ea53c7458d3382ae0cf0f436476aadbf6e62283
109,108514,1,train,1512427/brainTumorDataPublic_1-766/109.mat,data/processed/samples/109.npz,512,512,6239,260,368,124,204,108,80,108,8a5880095d0dc4cfa0d38255bc468f90f8cc3e396cff30fb6742af46cfb9b058
110,108514,1,train,1512427/brainTumorDataPublic_1-766/110.mat,data/processed/samples/110.npz,512,512,3057,261,346,139,198,85,59,85,affe4418d8defc3ea1d466b6634954e2ab337785a99f37fba512758e51b019ef
111,108550,1,val,1512427/brainTumorDataPublic_1-766/111.mat,data/processed/samples/111.npz,512,512,599,179,206,238,266,27,28,28,9fae45118ac02ade32cc274e9e894a518b03db209b838ca222decd3b36fce9bd
112,108550,1,val,1512427/brainTumorDataPublic_1-766/112.mat,data/processed/samples/112.npz,512,512,3364,161,223,231,313,62,82,82,ac8f5a1ca5b5d62939856d1934e3361f7086d22e87ba5a097156e7107971efc0
113,108590,1,train,1512427/brainTumorDataPublic_1-766/113.mat,data/processed/samples/113.npz,512,512,1561,170,215,253,299,45,46,46,d6070cbe32b2a5b5b85278275f574d8ec976ae8d52ad9c5ba18d2d9928875b9a
114,108590,1,train,1512427/brainTumorDataPublic_1-766/114.mat,data/processed/samples/114.npz,512,512,1726,167,216,253,303,49,50,50,98c79b8a069287f930c136c1583badac7bb8e465e38ac03bbbe8adc131015203
115,108945,1,train,1512427/brainTumorDataPublic_1-766/115.mat,data/processed/samples/115.npz,512,512,3661,181,258,196,260,77,64,77,7a5a10317800bb30033cbc5cf8e9eb30c305b788ecf0760d4c5c3f97490984ed
116,108945,1,train,1512427/brainTumorDataPublic_1-766/116.mat,data/processed/samples/116.npz,512,512,4514,175,260,186,266,85,80,85,8a047b7612bdb2143e144579b5b35266724e689e011ee75b026af05dd4dde100
117,108945,1,train,1512427/brainTumorDataPublic_1-766/117.mat,data/processed/samples/117.npz,512,512,10381,142,312,144,259,170,115,170,be9471837775c3930e64b909f4f53d4bb05e95fb3d7fe1d195c2d3659a16e6f3
118,108945,1,train,1512427/brainTumorDataPublic_1-766/118.mat,data/processed/samples/118.npz,512,512,3308,193,259,195,255,66,60,66,9356ea73b5d12c746d11a82f044b12d680200ffe8b819e87a34a80503b41bf77
119,109411,1,train,1512427/brainTumorDataPublic_1-766/119.mat,data/processed/samples/119.npz,512,512,491,206,233,124,149,27,25,27,54573b75ff41ef9400521030d797157c625c5a3b900dac0566839fb74a3750bf
120,109968,1,train,1512427/brainTumorDataPublic_1-766/120.mat,data/processed/samples/120.npz,512,512,5004,271,353,153,245,82,92,92,2dca817b729d56cae6ce8d1c9aa08d01ed1fbc08141cc45ce55db3a02255c89f
121,109968,1,train,1512427/brainTumorDataPublic_1-766/121.mat,data/processed/samples/121.npz,512,512,5424,263,355,164,246,92,82,92,b6732e296b7609c892a2814a8b43208b4ea04afcb24b9da0fafad16dfe7b234d
122,109968,1,train,1512427/brainTumorDataPublic_1-766/122.mat,data/processed/samples/122.npz,512,512,5034,264,350,167,247,86,80,86,7dd83b92c00ecea113ac9dc2e39f9d4049f90a323f1477fe452beb14987a3f98
123,109968,1,train,1512427/brainTumorDataPublic_1-766/123.mat,data/processed/samples/123.npz,512,512,3223,275,344,182,245,69,63,69,99789caa7fa6012556f166691b5553f9b93e7afb40baef5129094027f48a314c
124,110116,1,train,1512427/brainTumorDataPublic_1-766/124.mat,data/processed/samples/124.npz,512,512,4341,182,289,186,272,107,86,107,b2d711beefbf42b6fc0dfeef6ac6a93d8962a6ddd02e14a63b86e949bb59d37c
125,111077,1,train,1512427/brainTumorDataPublic_1-766/125.mat,data/processed/samples/125.npz,512,512,2557,264,335,331,376,71,45,71,d9eba771d02f4005d2daa3ee1837410617997b54dc5db26b3d36f173507d8a45
126,111077,1,train,1512427/brainTumorDataPublic_1-766/126.mat,data/processed/samples/126.npz,512,512,2251,265,326,326,374,61,48,61,774777f87991832b54416faf7876d2ed0b504affed89329253a69555e553145a
127,111077,1,train,1512427/brainTumorDataPublic_1-766/127.mat,data/processed/samples/127.npz,512,512,1827,271,320,330,379,49,49,49,3903b6fbbb9804ce1303eefd4d6954f2b13ee8c879a09cead1704880dce63e5c
128,111366,1,test,1512427/brainTumorDataPublic_1-766/128.mat,data/processed/samples/128.npz,512,512,6392,131,236,297,383,105,86,105,33a9d72f709117d881010e20f42c74ce7a3025aae08cb7368eef23a61bd66266
129,111366,1,test,1512427/brainTumorDataPublic_1-766/129.mat,data/processed/samples/129.npz,512,512,7420,128,241,296,387,113,91,113,c010274a59b5d9ecc175da498e3413f262f2e11b0b559185f75740a5ee97a264
130,111366,1,test,1512427/brainTumorDataPublic_1-766/130.mat,data/processed/samples/130.npz,512,512,7591,135,257,297,389,122,92,122,7ae2cc1e83c11c617a454fef19af1bdb181ba852de80a09fdfed5fbf9c1e9c5e
131,111366,1,test,1512427/brainTumorDataPublic_1-766/131.mat,data/processed/samples/131.npz,512,512,4760,161,243,288,370,82,82,82,ca28f5f8342ef0d3e66fcea20bdf3338f023d053adb1bdfe0c98573944690caf
132,111532,1,train,1512427/brainTumorDataPublic_1-766/132.mat,data/processed/samples/132.npz,512,512,4531,191,277,199,273,86,74,86,fb0bfb055aa9b098f7dd32c8b6f6e14685a7d80dd81be020e0ed544a54a22b1f
133,111532,1,train,1512427/brainTumorDataPublic_1-766/133.mat,data/processed/samples/133.npz,512,512,5672,190,288,196,272,98,76,98,b55e0e89c5b2d3c3cc969066dbceff0670b5cf154b0d5164e83a0a91c2888bf4
134,111532,1,train,1512427/brainTumorDataPublic_1-766/134.mat,data/processed/samples/134.npz,512,512,5992,189,287,189,271,98,82,98,12fd073bd6c1bb26134498de61e32a33cd97efba214342f4ee8a8801a0beb86c
135,112002,1,train,1512427/brainTumorDataPublic_1-766/135.mat,data/processed/samples/135.npz,512,512,4751,91,172,205,274,81,69,81,1149f82fc8ff712183bd18928b51cf4fd93534b5f70731b4804ae7ed1c9ffb73
136,112002,1,train,1512427/brainTumorDataPublic_1-766/136.mat,data/processed/samples/136.npz,512,512,5260,87,178,205,280,91,75,91,0f8429a0bc42629d48fa13a9704344ef066efa9c3e4b213e56cbc8d7b7eace8e
137,112002,1,train,1512427/brainTumorDataPublic_1-766/137.mat,data/processed/samples/137.npz,512,512,4570,97,178,200,275,81,75,81,c506e3aa2eaa02be2cbe94d5a6a20f7cd889928c71ac9fe6b31a949d694ebfc8
138,112002,1,train,1512427/brainTumorDataPublic_1-766/138.mat,data/processed/samples/138.npz,512,512,3122,110,168,204,273,58,69,69,823cee0fd2beafa5fc280c8c21d1d98533414abf8b7c486e613ed16316689556
139,112062,1,train,1512427/brainTumorDataPublic_1-766/139.mat,data/processed/samples/139.npz,512,512,2290,317,381,186,234,64,48,64,6700f8b26585415aada7943f065ff3614256738dddfb3a79d475917174daf76f
140,112062,1,train,1512427/brainTumorDataPublic_1-766/140.mat,data/processed/samples/140.npz,512,512,2801,315,383,182,235,68,53,68,882bc32b1c163f65033d048536c170a43ed1431532711380a01c1da1eb1a56e0
141,112062,1,train,1512427/brainTumorDataPublic_1-766/141.mat,data/processed/samples/141.npz,512,512,2355,312,378,188,236,66,48,66,659b5102ffc0c176f1aed43cca1248bf89e0081d346cce4494a08edb92220055
142,112252,1,test,1512427/brainTumorDataPublic_1-766/142.mat,data/processed/samples/142.npz,512,512,1584,230,276,252,295,46,43,46,b040ab166265fb71fa8df0ac541a637284438b11e857a5422505f9b323d49374
143,112252,1,test,1512427/brainTumorDataPublic_1-766/143.mat,data/processed/samples/143.npz,512,512,1782,228,275,249,295,47,46,47,e06fba9e590a70b5e901a6299da7c00eaf1fd739f0a67a14a0adede36ba84724
144,112552,1,val,1512427/brainTumorDataPublic_1-766/144.mat,data/processed/samples/144.npz,512,512,3147,158,222,327,390,64,63,64,87c030dc0f175fff40616aa43502428a1dc1411f96cc1a8e87a6092ec4abb083
145,112552,1,val,1512427/brainTumorDataPublic_1-766/145.mat,data/processed/samples/145.npz,512,512,10996,151,280,264,396,129,132,132,327c11b9b0cc3eb36c1a669a43d7c032f439afd6c52a86f2d9f67d5bfd5a584a
146,112552,1,val,1512427/brainTumorDataPublic_1-766/146.mat,data/processed/samples/146.npz,512,512,14258,137,290,262,400,153,138,153,5f63c78d70b11559520a49693cf482bf4aacf925133fe48fe8f1db5bf5ec9a10
147,112552,1,val,1512427/brainTumorDataPublic_1-766/147.mat,data/processed/samples/147.npz,512,512,14858,140,295,264,400,155,136,155,f28c26d104746c2224735b37151246e9b5c26e70cd6cda1cc5dee4f4dd302cff
148,112552,1,val,1512427/brainTumorDataPublic_1-766/148.mat,data/processed/samples/148.npz,512,512,13781,137,296,265,395,159,130,159,7dc5002812c6a6d4d45013877a88bf807e0131d8d2e7c8d2fa8e833a4f417e12
149,112552,1,val,1512427/brainTumorDataPublic_1-766/149.mat,data/processed/samples/149.npz,512,512,10655,146,292,269,387,146,118,146,d3ead11db049f4b02fa1b5ba8a335b5e17e72edae5e51ed7cb919a723464aa38
150,112552,1,val,1512427/brainTumorDataPublic_1-766/150.mat,data/processed/samples/150.npz,512,512,7829,155,278,275,371,123,96,123,71e7168d680109f790e2194f7d62e1fb956fbdfd3fe082a417f49ecb34cfb826
151,112648,1,train,1512427/brainTumorDataPublic_1-766/151.mat,data/processed/samples/151.npz,512,512,2801,304,367,155,219,63,64,64,0118a400455544677f9df92a068ce8c502cb1bb26fbe91d24bce209a3ed6cf9a
152,112648,1,train,1512427/brainTumorDataPublic_1-766/152.mat,data/processed/samples/152.npz,512,512,3616,304,371,139,221,67,82,82,7cb91de1c9b2dd9e5861f1e3c5c86a3314933dad13ef12b74896d39adfe5e39e
153,112648,1,train,1512427/brainTumorDataPublic_1-766/153.mat,data/processed/samples/153.npz,512,512,3025,306,368,153,216,62,63,63,c834808db8fc50efdcbaba53153855592f6d2d2d55125409e30031e291f8b6fb
154,113435,1,train,1512427/brainTumorDataPublic_1-766/154.mat,data/processed/samples/154.npz,512,512,8957,272,416,186,290,144,104,144,33cb4fcc8c2b7ffe84010a7fe204ff96586ab710c44efaa7d5909350cafc3798
155,113435,1,train,1512427/brainTumorDataPublic_1-766/155.mat,data/processed/samples/155.npz,512,512,12310,261,414,183,291,153,108,153,5dbbfd9820af5a47d7331e95c7f8b911ac1eb1d57ac3998a3332557fef1e9d0a
156,113435,1,train,1512427/brainTumorDataPublic_1-766/156.mat,data/processed/samples/156.npz,512,512,12665,261,406,182,297,145,115,145,ded5c1a0a61297cd48df8f49224983ca57dc5fd43e8c2c2892656d190646bb79
157,113435,1,train,1512427/brainTumorDataPublic_1-766/157.mat,data/processed/samples/157.npz,512,512,11946,256,401,184,296,145,112,145,2221e38d9bfb663c8b0da079732c9d5485ac4923eba3e79c9c0d53df50ce7529
158,113435,1,train,1512427/brainTumorDataPublic_1-766/158.mat,data/processed/samples/158.npz,512,512,9763,261,395,188,292,134,104,134,1fe22a7397a50d6e40f2ef904e560504c1b5dda8a56095491f1a666d6271656f
159,113435,1,train,1512427/brainTumorDataPublic_1-766/159.mat,data/processed/samples/159.npz,512,512,6370,267,388,196,274,121,78,121,8aa9157b710a60f7df6ff07bef639b08999fb48c334a163554e0ddd93a85f02e
160,113554,1,train,1512427/brainTumorDataPublic_1-766/160.mat,data/processed/samples/160.npz,512,512,2518,257,315,249,305,58,56,58,06ea0b222c52c095c39f3172962411fe93198732ec99ecf52c4334a603affde6
161,113554,1,train,1512427/brainTumorDataPublic_1-766/161.mat,data/processed/samples/161.npz,512,512,3208,253,319,243,309,66,66,66,759e4fdebaa23a40b040ff18e83023a7f32d14bc73bedd0d54f8e1a6d5618aa1
162,113554,1,train,1512427/brainTumorDataPublic_1-766/162.mat,data/processed/samples/162.npz,512,512,2689,256,317,248,305,61,57,61,cf5d131765065015f4b893b593b04b07e5235e1bf3301a5e0773d9397ad7395d
163,113805,1,train,1512427/brainTumorDataPublic_1-766/163.mat,data/processed/samples/163.npz,512,512,593,165,194,304,329,29,25,29,689e449afec699f0ec1076eeb8c64e553ee78da4954ba5938f89f5e9fee4aade
164,114018,1,train,1512427/brainTumorDataPublic_1-766/164.mat,data/processed/samples/164.npz,512,512,2952,232,288,199,278,56,79,79,688dd9d5c805945bdc9d59bd021cfa9ce243ea99fd59fef667037fc97c2c938c
165,114018,1,train,1512427/brainTumorDataPublic_1-766/165.mat,data/processed/samples/165.npz,512,512,4109,213,289,194,279,76,85,85,abb5558991c2ad5a3daa8de067fc7148ee430052d80f0a769c46968bae370ad8
166,114018,1,train,1512427/brainTumorDataPublic_1-766/166.mat,data/processed/samples/166.npz,512,512,6485,194,290,188,279,96,91,96,1361e011d5cf063ba1ea0073a0730f136ec5f5fb7def35cda6a002f451f2e658
167,114018,1,train,1512427/brainTumorDataPublic_1-766/167.mat,data/processed/samples/167.npz,512,512,5178,201,284,186,273,83,87,87,54418ba5e0952e4d4adebbf28a3b30d7aebad0150bdd1368bb18cd0a65cc2c56
168,114018,1,train,1512427/brainTumorDataPublic_1-766/168.mat,data/processed/samples/168.npz,512,512,3438,209,272,187,260,63,73,73,f8d0abcd41719cb62b77aa9f04db924178c5590e31c9ef83ec82b973c875109c
169,114359,1,test,1512427/brainTumorDataPublic_1-766/169.mat,data/processed/samples/169.npz,512,512,6109,159,249,304,390,90,86,90,92fbc062f1a85c62b850c4569744df3c78f365f780310fd381ab5d4542c494ec
170,114359,1,test,1512427/brainTumorDataPublic_1-766/170.mat,data/processed/samples/170.npz,512,512,9220,145,256,282,390,111,108,111,52d3e9c1106e1992d62e33d97d796d5aece971c1a498e1cfbe977c4e0e711ab7
171,114359,1,test,1512427/brainTumorDataPublic_1-766/171.mat,data/processed/samples/171.npz,512,512,10758,145,264,274,394,119,120,120,28f80643eeddb8eb0751aa48c91bac26c591ea20e817a70e364c8a7b7b910283
172,114359,1,test,1512427/brainTumorDataPublic_1-766/172.mat,data/processed/samples/172.npz,512,512,9903,147,264,271,391,117,120,120,12d97a20d29c077f2c755a7c5d438ba8c8c2820bdf0e6ebcada04207ff0df53c
173,114359,1,test,1512427/brainTumorDataPublic_1-766/173.mat,data/processed/samples/173.npz,512,512,7649,157,254,278,378,97,100,100,c78dec84b475c53eb00537a6e09dfebd63e07fb6cb5e5d4f4bfbd76b594f317d
174,114359,1,test,1512427/brainTumorDataPublic_1-766/174.mat,data/processed/samples/174.npz,512,512,5037,168,242,280,363,74,83,83,79eb3b813554e0456f41749a3da7afa6f9425218a7e98f40bfc773bb305388cc
175,97607,1,val,1512427/brainTumorDataPublic_1-766/175.mat,data/processed/samples/175.npz,512,512,1666,312,359,197,239,47,42,47,f4067de6666c003618c878cc5c95eeca3fc168f5391fd92541663584a3b59a2f
176,97607,1,val,1512427/brainTumorDataPublic_1-766/176.mat,data/processed/samples/176.npz,512,512,4052,302,372,187,259,70,72,72,a615cc6e33ddd30b900ff6b1f3b9cbb5140140bfdb7c06a1d5461d645bd88b3c
177,97607,1,val,1512427/brainTumorDataPublic_1-766/177.mat,data/processed/samples/177.npz,512,512,4983,297,378,180,259,81,79,81,fe735897e041db0214ed139262ff3147cb2e309224feff0d23010319618733cc
178,97607,1,val,1512427/brainTumorDataPublic_1-766/178.mat,data/processed/samples/178.npz,512,512,4271,299,371,183,256,72,73,73,09abd7013451c1396af8b91ebf4e31a1e95e4f20177c4f5470b967597ddf0d03
179,97607,1,val,1512427/brainTumorDataPublic_1-766/179.mat,data/processed/samples/179.npz,512,512,2376,302,354,188,248,52,60,60,bc1739068295de027bd72cc38dd0bb50ff6731fc64f84dbc77e390ef53705f33
180,97737,1,train,1512427/brainTumorDataPublic_1-766/180.mat,data/processed/samples/180.npz,512,512,3787,297,363,204,275,66,71,71,e1b2a1f6c80dff5bd2a32480fb442adb7847a6c4ac4f90458c9b64db342ccbba
181,97737,1,train,1512427/brainTumorDataPublic_1-766/181.mat,data/processed/samples/181.npz,512,512,4740,291,372,201,277,81,76,81,35b973b3ee2aefa4461d14727e14b65e46242e2170030b0a9075b3d31ac73ab8
182,97737,1,train,1512427/brainTumorDataPublic_1-766/182.mat,data/processed/samples/182.npz,512,512,4694,290,368,200,276,78,76,78,d7cb637013d33e532d87378fa648a00e2e318508e14fb2f6c19b1ac5a9cf1996
183,97737,1,train,1512427/brainTumorDataPublic_1-766/183.mat,data/processed/samples/183.npz,512,512,2997,293,351,203,268,58,65,65,d17ee3f7105dfac2195da113a7ea9821f94b2fc59e32509cde49aad242d6d87a
184,97875,1,train,1512427/brainTumorDataPublic_1-766/184.mat,data/processed/samples/184.npz,512,512,1663,186,239,201,245,53,44,53,0ce5b8b4aa63c9b9012df7631a5cc94a43ba7eacec719c8cf882f403d68581b8
185,97875,1,train,1512427/brainTumorDataPublic_1-766/185.mat,data/processed/samples/185.npz,512,512,2040,179,239,202,248,60,46,60,8342f93a0bb8912d4528291c627e8484cf4559c0b17168a044ec594a9dcb533b
186,97875,1,train,1512427/brainTumorDataPublic_1-766/186.mat,data/processed/samples/186.npz,512,512,498,209,233,209,234,24,25,25,4c0deeaeba39914135ebc06812e9e25ac013a8e2093fcc5d8ab422fe0314899e
187,97943,1,train,1512427/brainTumorDataPublic_1-766/187.mat,data/processed/samples/187.npz,512,512,2158,345,396,182,236,51,54,54,c7e4054f14252d6362ea9bace3eeaaacf721bd5a3e8da6aac48512f3591f3a51
188,97943,1,train,1512427/brainTumorDataPublic_1-766/188.mat,data/processed/samples/188.npz,512,512,4047,347,414,176,259,67,83,83,1c4594facb7748b89d51d35e20b61e78c4bc4e1cbd5d599691996bf517296b80
189,97943,1,train,1512427/brainTumorDataPublic_1-766/189.mat,data/processed/samples/189.npz,512,512,4877,339,407,174,264,68,90,90,3934a49353c5c9c93d030680026dae53daa91ce94d6fc304a9fe8543011c2fc2
190,97943,1,train,1512427/brainTumorDataPublic_1-766/190.mat,data/processed/samples/190.npz,512,512,5355,339,417,176,264,78,88,88,65de4d143e17424779e2c6336154b75e778255fab6a33f941ce256a1f217a61c
191,97943,1,train,1512427/brainTumorDataPublic_1-766/191.mat,data/processed/samples/191.npz,512,512,4746,341,427,177,256,86,79,86,d394bb2e11a395b2861194658f2b8a8d8840e3038f218f9f2bc47750eed4a41a
192,98241,1,train,1512427/brainTumorDataPublic_1-766/192.mat,data/processed/samples/192.npz,512,512,4319,259,336,150,227,77,77,77,d9aa5ecec86aeb5829fdb6de8d4409d482435b7c65b5753ea9ab8e0e1d286fdd
193,98241,1,train,1512427/brainTumorDataPublic_1-766/193.mat,data/processed/samples/193.npz,512,512,7911,247,352,139,232,105,93,105,8e973c5eefe7a694bd2052a0e9fcf9493806c2a55ed1e6a32c5ed0864ed89fdd
194,98241,1,train,1512427/brainTumorDataPublic_1-766/194.mat,data/processed/samples/194.npz,512,512,11761,235,369,137,248,134,111,134,4d3dd6a9085ff2fe5bcf326583ba2ab2a0b03d5475761440a57833e68294c250
195,98241,1,train,1512427/brainTumorDataPublic_1-766/195.mat,data/processed/samples/195.npz,512,512,13811,232,373,123,252,141,129,141,1ff69b551417acad121ec6abb954f24ccd5cb1bef132d8d3552ba14ee44a4a7b
196,98241,1,train,1512427/brainTumorDataPublic_1-766/196.mat,data/processed/samples/196.npz,512,512,13093,237,371,129,253,134,124,134,b4179c56b4c76ffebfdda208458e1aacf27a120295ad1c7fd2dacb4fb6aba0a1
197,98241,1,train,1512427/brainTumorDataPublic_1-766/197.mat,data/processed/samples/197.npz,512,512,9911,238,366,150,256,128,106,128,1cdf0b9fabe7abf9939240df1c44390386d4a2a0d98427e33eb1bce1d2c3c9f9
198,99017,1,val,1512427/brainTumorDataPublic_1-766/198.mat,data/processed/samples/198.npz,512,512,2398,312,368,301,355,56,54,56,fa5b73a1018a86a2685fc34bc78f7641ceac25b7db32a9c8e3f19accf6685963
199,99017,1,val,1512427/brainTumorDataPublic_1-766/199.mat,data/processed/samples/199.npz,512,512,2149,310,368,307,356,58,49,58,e9e9531911018af2588e11c4202337f8a6f6f38c08f6ab2949eb87f0293aba89
200,99089,1,test,1512427/brainTumorDataPublic_1-766/200.mat,data/processed/samples/200.npz,512,512,1680,175,223,256,301,48,45,48,e18ffe49c6a88249b5759e14eff382fb9bd73f492713ce5b9499dd1a591df9cb
201,99089,1,test,1512427/brainTumorDataPublic_1-766/201.mat,data/processed/samples/201.npz,512,512,2832,171,236,254,308,65,54,65,501362c45c165eee372eabd7e71770d37011be9504c029cc6ef4316b2fda1381
202,99089,1,test,1512427/brainTumorDataPublic_1-766/202.mat,data/processed/samples/202.npz,512,512,2672,176,234,251,307,58,56,58,1df5cf8951f90532f4f4bfa9604767769a39f5d9ded3fcc90ce86c26911cdb6d
203,99288,1,train,1512427/brainTumorDataPublic_1-766/203.mat,data/processed/samples/203.npz,512,512,401,371,394,255,276,23,21,23,2e45b794b02852a946d778f011c6d45eb035479da382d27b69bf3ffdeb9f6254
204,99308,1,train,1512427/brainTumorDataPublic_1-766/204.mat,data/processed/samples/204.npz,512,512,6339,294,383,279,386,89,107,107,d802df4aeacb45173a3fed223a7152a12cf551ffa5529c2aa091b047aadc81a2
205,99308,1,train,1512427/brainTumorDataPublic_1-766/205.mat,data/processed/samples/205.npz,512,512,8925,282,392,274,389,110,115,115,6465c29b6e4f116b27cde749b05679731abca21b9bdaed59cd944e0bef3eb57e
206,99308,1,train,1512427/brainTumorDataPublic_1-766/206.mat,data/processed/samples/206.npz,512,512,8778,285,398,272,392,113,120,120,3ef4c5b502878a6d8ac0283c89b309a5d021be2556cbe74486f655fb36b9a766
207,99308,1,train,1512427/brainTumorDataPublic_1-766/207.mat,data/processed/samples/207.npz,512,512,8198,287,394,274,374,107,100,107,edc0822aa32dd55bcee5ae82cd8a81b657efa701954de7e1c468391739b04562
208,99308,1,train,1512427/brainTumorDataPublic_1-766/208.mat,data/processed/samples/208.npz,512,512,6127,284,377,274,364,93,90,93,a7217c7837228a565afdb9a6b983235431e162d38e4860b7577c9ace58c4fc17
209,100820,2,val,1512427/brainTumorDataPublic_1-766/209.mat,data/processed/samples/209.npz,512,512,16240,63,241,140,293,178,153,178,865639bad8142f9bb15ef8f810b34a891e8334b03fc08e6963a7a1b5dbd35853
210,100820,2,val,1512427/brainTumorDataPublic_1-766/210.mat,data/processed/samples/210.npz,512,512,16556,64,239,134,297,175,163,175,ca3532b9e7e6bce986705573aea82354b609b3df41bcd500e1a5cae1366ef3ef
211,100360,1,train,1512427/brainTumorDataPublic_1-766/211.mat,data/processed/samples/211.npz,512,512,4638,211,272,268,380,61,112,112,3e3824824a7e1b7ce7b5378a227f590d9e5e07c1229dcd8794993b97b8a2d243
212,100360,1,train,1512427/brainTumorDataPublic_1-766/212.mat,data/processed/samples/212.npz,512,512,7623,204,308,267,378,104,111,111,09b965eddb5772cec43a16eb3a9219ee19d09a52048e5772bdd19aaec2b3449b
213,100360,1,train,1512427/brainTumorDataPublic_1-766/213.mat,data/processed/samples/213.npz,512,512,8655,198,304,264,383,106,119,119,f7058be046f1096f2c2b4cf28e6eb77e312ceafb73b744baf431aeb2295921fc
214,100360,1,train,1512427/brainTumorDataPublic_1-766/214.mat,data/processed/samples/214.npz,512,512,9402,196,307,262,386,111,124,124,60cba3e51a9e952d646c2339a88fce5f069b698c892241561dbec5a5e4d2c81d
215,100360,1,train,1512427/brainTumorDataPublic_1-766/215.mat,data/processed/samples/215.npz,512,512,8268,191,294,270,393,103,123,123,3de47bfd6d8e0ddd59641a7abd14031ddd1eae332eaba55b42ce2560c7ccf816
216,100360,1,train,1512427/brainTumorDataPublic_1-766/216.mat,data/processed/samples/216.npz,512,512,4476,197,262,299,392,65,93,93,eba329d2f08a72916100cdf0e5e0864d547cff149d714c8a66cea11bafc02351
217,100360,1,train,1512427/brainTumorDataPublic_1-766/217.mat,data/processed/samples/217.npz,512,512,3115,210,256,291,384,46,93,93,eceb2524b830c8ea68e4cd2ea491b7f0c049681efa1df1f56d0ec65f2cf54b19
218,100572,1,train,1512427/brainTumorDataPublic_1-766/218.mat,data/processed/samples/218.npz,512,512,1856,228,272,249,316,44,67,67,e8e11b67f53597c45804354c8a2ed843ac9d6adac658062566429c5def6974ad
219,100572,1,train,1512427/brainTumorDataPublic_1-766/219.mat,data/processed/samples/219.npz,512,512,1772,226,276,261,315,50,54,54,c3184a606e489cdf84637b98ea9492d7535843960f836bb604bc6a4695971227
220,100572,1,train,1512427/brainTumorDataPublic_1-766/220.mat,data/processed/samples/220.npz,512,512,2502,232,289,262,318,57,56,57,2faea8467eee9977bd28c90cc26e689c33f333dcc0df3792e39a29ca32f5c2e2
221,101016,1,train,1512427/brainTumorDataPublic_1-766/221.mat,data/processed/samples/221.npz,512,512,4293,138,211,235,307,73,72,73,de471db8fe259629fda22c3639db978adac8fbfa6c73f19e7eceaebb7bcc0158
222,101016,1,train,1512427/brainTumorDataPublic_1-766/222.mat,data/processed/samples/222.npz,512,512,6457,127,219,230,316,92,86,92,dccadbfb3565c9a3d1e14621f5f1aecce0761ef4d321ee81270d2b00e3dbe124
223,101016,1,train,1512427/brainTumorDataPublic_1-766/223.mat,data/processed/samples/223.npz,512,512,7402,122,225,230,321,103,91,103,8f0b0476330335fe9b66e1a10e2b82dbcb19c96d0b3fb9c6b1d63f314f3dd374
224,101016,1,train,1512427/brainTumorDataPublic_1-766/224.mat,data/processed/samples/224.npz,512,512,7748,118,225,233,325,107,92,107,584f522a18100ff66ef53c04de8bb554ef395d907e0dba4556a518386fea8041
225,101016,1,train,1512427/brainTumorDataPublic_1-766/225.mat,data/processed/samples/225.npz,512,512,6593,120,221,236,320,101,84,101,75aea313d7e698cb9e9393b256cb67530259f11e578c659869e0add718657a6d
226,101016,1,train,1512427/brainTumorDataPublic_1-766/226.mat,data/processed/samples/226.npz,512,512,4289,128,207,243,309,79,66,79,c83af49ea2ca55b661fe008df13eb7e28c5b1fe5618ace2c88783da1db42f249
227,101127,1,val,1512427/brainTumorDataPublic_1-766/227.mat,data/processed/samples/227.npz,512,512,1047,210,235,229,287,25,58,58,44a1f952c5bd7f5decf1f228175d31317cd3938235c1b7391de25286f1d569a6
228,101127,1,val,1512427/brainTumorDataPublic_1-766/228.mat,data/processed/samples/228.npz,512,512,2148,210,253,218,289,43,71,71,b22a7ffad16527b2080cb610d0fd872842d820d25686af3fe86d43032ce575c7
229,101127,1,val,1512427/brainTumorDataPublic_1-766/229.mat,data/processed/samples/229.npz,512,512,2625,213,276,224,287,63,63,63,a573be6bb6d8033ff7ed7f11e11a2c01d4d986a758fcc50b62a559b4422c4eed
230,101127,1,val,1512427/brainTumorDataPublic_1-766/230.mat,data/processed/samples/230.npz,512,512,1500,224,276,234,275,52,41,52,7e650818e247107b0128837ffff257eb79b1c5dcf5813d831d5e0455359233ae
231,101797,1,train,1512427/brainTumorDataPublic_1-766/231.mat,data/processed/samples/231.npz,512,512,3982,147,225,221,309,78,88,88,401c34569912803dafdbe1d329c3036d4debe7dfa829f46276ad72dc6bf65957
232,101797,1,train,1512427/brainTumorDataPublic_1-766/232.mat,data/processed/samples/232.npz,512,512,5182,142,229,223,303,87,80,87,1dd114113fb007548983683965a874ea30d2bdc6cd1f16544ac33d3585ac18f4
233,101797,1,train,1512427/brainTumorDataPublic_1-766/233.mat,data/processed/samples/233.npz,512,512,6224,150,231,223,324,81,101,101,603c84773499542b0fe7c18df3786c2f385a8c999ad8b12e797e2b8fdaa4ac0c
234,101797,1,train,1512427/brainTumorDataPublic_1-766/234.mat,data/processed/samples/234.npz,512,512,6202,151,231,223,326,80,103,103,b2133c3967b7c7c87d394f520bc971acc4464f514e8eda7aa7480321cffa1d7d
235,101797,1,train,1512427/brainTumorDataPublic_1-766/235.mat,data/processed/samples/235.npz,512,512,5140,153,232,223,314,79,91,91,1b8597339491f4a79788784f79faccfc48a8ea41530514c415f5a30c29d2ce3d
236,102420,1,train,1512427/brainTumorDataPublic_1-766/236.mat,data/processed/samples/236.npz,512,512,3031,300,370,271,337,70,66,70,80ec1a809d8a903f10769fcde1cba2ab1310c91533edee1ce1f1fa0fcc580bee
237,102420,1,train,1512427/brainTumorDataPublic_1-766/237.mat,data/processed/samples/237.npz,512,512,2077,304,352,271,338,48,67,67,95680f917ae6be4b12c44c485bb70e5ae1a12e04204d35658fd0258f85f10ab4
238,102420,1,train,1512427/brainTumorDataPublic_1-766/238.mat,data/processed/samples/238.npz,512,512,1794,309,350,273,341,41,68,68,63a33ed3aa8d4a62cb61ab1bd7e253bd27904e019f8276fff593cb7ea14b01c6
239,102446,1,val,1512427/brainTumorDataPublic_1-766/239.mat,data/processed/samples/239.npz,512,512,866,233,267,200,234,34,34,34,b36769c098b3417399cf979f65e8bb05c51b316f2f7040f64dd1d6a9b4b670f2
240,102675,1,val,1512427/brainTumorDataPublic_1-766/240.mat,data/processed/samples/240.npz,512,512,1019,140,174,182,231,34,49,49,f748494b213ed4655f0dcb7da75f9f50309e4d63e0961d5626e6b59eb3495498
241,102675,1,val,1512427/brainTumorDataPublic_1-766/241.mat,data/processed/samples/241.npz,512,512,1160,130,169,181,225,39,44,44,ee40a1dbfea8f1cc83cfee0a59c74789657337dc2c9110b37202fc5b17ebae6c
242,102714,1,test,1512427/brainTumorDataPublic_1-766/242.mat,data/processed/samples/242.npz,512,512,4239,262,335,151,223,73,72,73,5ad43fd77e77b5a495ae88e89a60414dd6ab8ae9ec2f523a1a89c25325dd67d2
243,102714,1,test,1512427/brainTumorDataPublic_1-766/243.mat,data/processed/samples/243.npz,512,512,4021,266,338,154,224,72,70,72,3c0a20563bb7d9672b7a29153aa939ed6aa1ff43d4ef4826140f34b485851b6b
244,102714,1,test,1512427/brainTumorDataPublic_1-766/244.mat,data/processed/samples/244.npz,512,512,2717,264,328,166,223,64,57,64,584d2f133ad3be5bae2c5f2df3b3aa4797a551fa96af90615afe3fe4a481fd57
245,102714,1,test,1512427/brainTumorDataPublic_1-766/245.mat,data/processed/samples/245.npz,512,512,1597,267,314,173,221,47,48,48,0065d6d2a2a2606f13169a63d3d7fc96fc29edaf20241def260bfc911c2748eb
246,102929,1,test,1512427/brainTumorDataPublic_1-766/246.mat,data/processed/samples/246.npz,512,512,1292,279,324,197,234,45,37,45,e0d1f520e40eb87affd65faa772dfe8c7e32261ee08f419b3b829dc9ae0c9aba
247,102929,1,test,1512427/brainTumorDataPublic_1-766/247.mat,data/processed/samples/247.npz,512,512,1545,279,330,198,236,51,38,51,ac33a7980903ada901845d4967bd5ce5f3036a18d3ef0487fe6c65ce77ef2b99
248,102929,1,test,1512427/brainTumorDataPublic_1-766/248.mat,data/processed/samples/248.npz,512,512,2350,275,334,190,248,59,58,59,c4d326d943086cd84dd8eeb482ac874a0d61b0bc3b8376006314eca1527907c7
249,102929,1,test,1512427/brainTumorDataPublic_1-766/249.mat,data/processed/samples/249.npz,512,512,2742,273,331,186,255,58,69,69,dadfb4f3d45f40332ac29ea5dad05faa796bcfa7e6254c93064bb327fcecc497
250,102929,1,test,1512427/brainTumorDataPublic_1-766/250.mat,data/processed/samples/250.npz,512,512,2215,275,331,187,251,56,64,64,48c28626a480ef57546234b11d16c43d83b128ea0ffbf358ae86e43affbf3753
251,102929,1,test,1512427/brainTumorDataPublic_1-766/251.mat,data/processed/samples/251.npz,512,512,1048,283,324,206,242,41,36,41,a11ccc384a1bc060ce97a95fc3f15241e277e3ca16e145ab3d6e9f085f7e91db
252,102935,1,train,1512427/brainTumorDataPublic_1-766/252.mat,data/processed/samples/252.npz,512,512,596,126,155,232,256,29,24,29,6c8414cfc90ba53574ae996b7a687b4f1f1698592b83e89366395c983f7067c4
253,102985,1,train,1512427/brainTumorDataPublic_1-766/253.mat,data/processed/samples/253.npz,512,512,552,181,211,250,273,30,23,30,465469bc9b805da81bae87456123fe617f29bad202354170ebe2dd65fd66152a
254,103673,1,train,1512427/brainTumorDataPublic_1-766/254.mat,data/processed/samples/254.npz,512,512,1444,191,236,236,282,45,46,46,09e46f41b9655225046e4addb7da25bf9acf0a78b92089b99b19285e60af3945
255,103673,1,train,1512427/brainTumorDataPublic_1-766/255.mat,data/processed/samples/255.npz,512,512,2679,197,265,227,283,68,56,68,f6d271f61841c2e4290a546afb97cf7cce0bc52a72b61688ac8313924ea060f8
256,103673,1,train,1512427/brainTumorDataPublic_1-766/256.mat,data/processed/samples/256.npz,512,512,3545,199,271,219,284,72,65,72,2e17c402081bc1e73c9b630033d3940237ea31c8d424826d34723362846fd5ef
257,103673,1,train,1512427/brainTumorDataPublic_1-766/257.mat,data/processed/samples/257.npz,512,512,3583,197,271,214,285,74,71,74,4fe3090e0acd59bbf666b8dfd3b2f236e757d575dd7c6e7d32c6c0205e3f5562
258,103673,1,train,1512427/brainTumorDataPublic_1-766/258.mat,data/processed/samples/258.npz,512,512,3126,201,261,215,282,60,67,67,5fcc34395659c6b11429f17f566cc258353b650ba5e204f430e3d0e8e09611e7
259,103673,1,train,1512427/brainTumorDataPublic_1-766/259.mat,data/processed/samples/259.npz,512,512,2528,201,255,224,280,54,56,56,5bafecd8059fa2a5769932d620a2fc8bb047d1d184f6d68e294d353d76ed2d34
260,103673,1,train,1512427/brainTumorDataPublic_1-766/260.mat,data/processed/samples/260.npz,512,512,1355,204,249,231,270,45,39,45,15c79e456c61a16a3bff810b025518e347cef85ae38610c2d221b4e69a7c8ee8
261,103925,1,test,1512427/brainTumorDataPublic_1-766/261.mat,data/processed/samples/261.npz,512,512,2092,282,330,265,324,48,59,59,8d8ad510e64974caab7e1eda3bee27d12ff87b9f79cf967ab91e1d26efb8d436
262,103925,1,test,1512427/brainTumorDataPublic_1-766/262.mat,data/processed/samples/262.npz,512,512,3468,279,342,255,331,63,76,76,d119b54cbc2e5395ed40ae2b2e00fa1fa5e3d595e582d97bdaa8bc4ec97e855f
263,103925,1,test,1512427/brainTumorDataPublic_1-766/263.mat,data/processed/samples/263.npz,512,512,2253,270,318,270,333,48,63,63,f5490dcdcccbbdaad07f5166f7434ac47c0a7e25b30962415d2f4d7cdc0c0b68
264,103925,1,test,1512427/brainTumorDataPublic_1-766/264.mat,data/processed/samples/264.npz,512,512,4103,268,340,267,347,72,80,80,fb06f380b53ed5a7d650a327decffffcad1587873209cf91c9fe6a64f5cc9e42
265,103925,1,test,1512427/brainTumorDataPublic_1-766/265.mat,data/processed/samples/265.npz,512,512,4213,269,345,271,344,76,73,76,15ecc9a16f6f23ea39014c5512ca2a7ed0b1bafb3a2b9f2ab3f6866c8133391e
266,103925,1,test,1512427/brainTumorDataPublic_1-766/266.mat,data/processed/samples/266.npz,512,512,2520,277,333,282,340,56,58,58,53167eedbfc7a730368c8aeffdd930118ce6d6ac334495885caee78661907b68
267,103925,1,test,1512427/brainTumorDataPublic_1-766/267.mat,data/processed/samples/267.npz,512,512,4025,278,356,259,333,78,74,78,590d44c0b81aaaba58087fb4d4f61e8d10e2985d21be89acfc72e3931dfa181c
268,103925,1,test,1512427/brainTumorDataPublic_1-766/268.mat,data/processed/samples/268.npz,512,512,2668,287,342,267,327,55,60,60,1a2f96d9fd777fa88917224711b5b7811447dbfb7076bd6d2c49dbbd65e6f610
269,104167,1,train,1512427/brainTumorDataPublic_1-766/269.mat,data/processed/samples/269.npz,512,512,2086,130,188,154,202,58,48,58,1aeec44aaba5a0a7fda0de4d8d6eeb26bb31be96136f880611727f87cc246250
270,104167,1,train,1512427/brainTumorDataPublic_1-766/270.mat,data/processed/samples/270.npz,512,512,4137,114,194,139,211,80,72,80,9d8ecf077294c5ad6fc3697b4a23736067aa6942c210a1bd4123d455f9a01c96
271,104167,1,train,1512427/brainTumorDataPublic_1-766/271.mat,data/processed/samples/271.npz,512,512,5191,113,208,136,210,95,74,95,bb61d829da4b87e61e18b494abdb4c7cbb0b5b733259274910005d4c0bed30eb
272,104167,1,train,1512427/brainTumorDataPublic_1-766/272.mat,data/processed/samples/272.npz,512,512,5414,114,209,129,207,95,78,95,7582b7d161b24776f6a893629f396b7b46e2f7e5cfc977c6200181305b4537cd
273,104167,1,train,1512427/brainTumorDataPublic_1-766/273.mat,data/processed/samples/273.npz,512,512,4026,116,200,135,200,84,65,84,1c49d5b4a9e11587030642171aa065767f321c11c2dee7a9cc5a8aa784cd20b6
274,104167,1,train,1512427/brainTumorDataPublic_1-766/274.mat,data/processed/samples/274.npz,512,512,2738,130,197,140,196,67,56,67,201b24606819a37e714a4faf4b5891a09b18893fca8b4257a8a8a23b9fb4b06d
275,104281,1,train,1512427/brainTumorDataPublic_1-766/275.mat,data/processed/samples/275.npz,512,512,2977,187,253,335,391,66,56,66,cf23fda793e2404fdac6249b52a5437ef463f46544790ee0ccfe0da2b2add315
276,104281,1,train,1512427/brainTumorDataPublic_1-766/276.mat,data/processed/samples/276.npz,512,512,5594,151,256,318,396,105,78,105,0126bd595dccc34fb05f59a84998e9deeb56c404b55c5740012a3b3c5812bb82
277,104281,1,train,1512427/brainTumorDataPublic_1-766/277.mat,data/processed/samples/277.npz,512,512,6242,145,252,315,392,107,77,107,425eee468430900f1bd4fa3357c8b698a286e0c2b0446cd0578346198761bf81
278,104281,1,train,1512427/brainTumorDataPublic_1-766/278.mat,data/processed/samples/278.npz,512,512,5881,143,248,315,390,105,75,105,62c20fe962e15f7bde40310d08de324d51f3ed9df8455a99aefa525d0dde04a5
279,104281,1,train,1512427/brainTumorDataPublic_1-766/279.mat,data/processed/samples/279.npz,512,512,4291,164,244,318,387,80,69,80,375538431226bbee3d95c0bf3caae5e79f9ad5856fb3891fdef4818116b23eac
280,104281,1,train,1512427/brainTumorDataPublic_1-766/280.mat,data/processed/samples/280.npz,512,512,3037,170,238,322,378,68,56,68,5d04260a66a966691a2f07955e29b8c45cd458b7987b4068ca5b0bfd4e0fb86d
281,105374,1,train,1512427/brainTumorDataPublic_1-766/281.mat,data/processed/samples/281.npz,512,512,1489,303,350,312,356,47,44,47,593578c0e10b4e7e82fa30ee5025d00bdda8cb3c90bebfca48628e8acf55ac21
282,105374,1,train,1512427/brainTumorDataPublic_1-766/282.mat,data/processed/samples/282.npz,512,512,1372,305,350,314,354,45,40,45,b21477d6ffca5419948240316fe44a6a67d2cccb8b0f549025b5a760f4d43875
283,105555,1,train,1512427/brainTumorDataPublic_1-766/283.mat,data/processed/samples/283.npz,512,512,671,65,92,301,334,27,33,33,efe81fe4b030189cb8996d081ae0a285795685ffbcf27c900a0ca293750fed25
284,105555,1,train,1512427/brainTumorDataPublic_1-766/284.mat,data/processed/samples/284.npz,512,512,980,64,105,302,352,41,50,50,841001bde895ad0bc389598d82f881bbd1a76d114e28f5eb3e4386f992e77e34
285,105555,1,train,1512427/brainTumorDataPublic_1-766/285.mat,data/processed/samples/285.npz,512,512,611,75,106,321,353,31,32,32,2b28e4414cf875818174f430e20343a75dee2214065eea279244285a04b37676
286,105937,1,train,1512427/brainTumorDataPublic_1-766/286.mat,data/processed/samples/286.npz,512,512,2367,78,126,243,306,48,63,63,812b35004002144eda6f3d83e96e64d34ed8e5c0e8da87ed148fd60bf5034eaa
287,105937,1,train,1512427/brainTumorDataPublic_1-766/287.mat,data/processed/samples/287.npz,512,512,3485,73,133,239,313,60,74,74,72f97424a9644296a88c995db04bca09594cab6c55aa403435cb2ca98280d5ba
288,105937,1,train,1512427/brainTumorDataPublic_1-766/288.mat,data/processed/samples/288.npz,512,512,3791,69,134,238,311,65,73,73,c76e48fd17a97f93fb9421012dc3f213bbea3d86bfd1c9f3e18cfd21784a59cc
289,105937,1,train,1512427/brainTumorDataPublic_1-766/289.mat,data/processed/samples/289.npz,512,512,2801,69,127,246,307,58,61,61,694178907f54ac26fd59e2942a66480590174a4b1239312939a447cce71aee41
290,106284,1,train,1512427/brainTumorDataPublic_1-766/290.mat,data/processed/samples/290.npz,512,512,5325,109,190,251,334,81,83,83,099b69e377ca4ebf96a2641a11dc92ecb7aac14b2937d8067005db277af63acb
291,106284,1,train,1512427/brainTumorDataPublic_1-766/291.mat,data/processed/samples/291.npz,512,512,6740,98,193,251,339,95,88,95,f07f2cc7151b992e95249b485f507f92a129327e584a7159499fd7298940f555
292,106284,1,train,1512427/brainTumorDataPublic_1-766/292.mat,data/processed/samples/292.npz,512,512,6655,98,193,253,337,95,84,95,90164b844fd6796b1f2163ac547e253e9fa156dc41361a6a96715bc33d0d9e28
293,106284,1,train,1512427/brainTumorDataPublic_1-766/293.mat,data/processed/samples/293.npz,512,512,5061,104,187,256,333,83,77,83,d30ce863444956d6a3f950427d187b1a6d9cf61f8234063034fa692ad45d2ce0
294,106442,1,train,1512427/brainTumorDataPublic_1-766/294.mat,data/processed/samples/294.npz,512,512,2816,165,227,178,237,62,59,62,639610e22f80addf7cdc940d1a6b2020b8705fa3a829f504fd50e8d56e70dfad
295,106442,1,train,1512427/brainTumorDataPublic_1-766/295.mat,data/processed/samples/295.npz,512,512,3754,158,232,174,243,74,69,74,c16a831acb7fdd91ceae0f2afba4acf793aa55f9b0c9b932298589aa36ca4eab
296,106442,1,train,1512427/brainTumorDataPublic_1-766/296.mat,data/processed/samples/296.npz,512,512,3633,161,232,173,241,71,68,71,3b8768adafe681082a7919f5b233cc112b2884aef3ddd54ca9db0b7e930158d4
297,106534,1,train,1512427/brainTumorDataPublic_1-766/297.mat,data/processed/samples/297.npz,512,512,1030,112,150,246,279,38,33,38,cd838edd815e3b57e627509e65e31d344c86ab50bea96641143b9f18d3069c06
298,106534,1,train,1512427/brainTumorDataPublic_1-766/298.mat,data/processed/samples/298.npz,512,512,1049,120,154,243,281,34,38,38,615956879bfdf152c43313cd91599c16df2c8f7cb4c8bc7a2b593902090f49ac
299,106665,1,train,1512427/brainTumorDataPublic_1-766/299.mat,data/processed/samples/299.npz,512,512,5904,109,195,183,285,86,102,102,f60238d70612db17202f90c0c29f4c5b1c2ecb89694d2e1fd155250fe10243dc
300,106665,1,train,1512427/brainTumorDataPublic_1-766/300.mat,data/processed/samples/300.npz,512,512,11711,95,223,163,298,128,135,135,39ca78eee4adbc019970748603dcef148068dd74ac57c918a7e5037ea94e76c3
301,106665,1,train,1512427/brainTumorDataPublic_1-766/301.mat,data/processed/samples/301.npz,512,512,11647,91,223,165,296,132,131,132,44589259bd707f5baf620af9d6fd326268ea171d565f3c303a1c24ebe345774f
302,106665,1,train,1512427/brainTumorDataPublic_1-766/302.mat,data/processed/samples/302.npz,512,512,10878,85,218,166,292,133,126,133,f1e8499cd1105a7667355eabdbb38551839312e7a4a4867d89089203248c984b
303,106665,1,train,1512427/brainTumorDataPublic_1-766/303.mat,data/processed/samples/303.npz,512,512,8754,84,219,190,286,135,96,135,d9aa6c79e69f3bdaf10afce5c53c9a744c740e855d51094b030efd3df0649134
304,106720,1,train,1512427/brainTumorDataPublic_1-766/304.mat,data/processed/samples/304.npz,512,512,9124,125,240,334,440,115,106,115,5b42573ca84fd1fcfa8e2dd7b4c45517cad74cbb032837d5b9b788b2839cc174
305,106720,1,train,1512427/brainTumorDataPublic_1-766/305.mat,data/processed/samples/305.npz,512,512,11680,119,248,328,446,129,118,129,56b04260ba92e9a4ea8c0351e80585beabc1ebff57e00c2908f95fa32a5fad0e
306,106720,1,train,1512427/brainTumorDataPublic_1-766/306.mat,data/processed/samples/306.npz,512,512,12407,115,258,329,445,143,116,143,517d3178b1d47eb7e006a9147328038adf87b4316774f1fa4a49b55124e91589
307,106720,1,train,1512427/brainTumorDataPublic_1-766/307.mat,data/processed/samples/307.npz,512,512,11776,116,257,333,445,141,112,141,b7b34ebfa83e8d31516c6c988c896bf12aeb163ea1cd766763201f03a91a8ba7
308,106720,1,train,1512427/brainTumorDataPublic_1-766/308.mat,data/processed/samples/308.npz,512,512,9511,130,254,341,442,124,101,124,029957d28aabf7276bde518805124aea71f28e5695b9a030200b8c11f4991ee2
309,106720,1,train,1512427/brainTumorDataPublic_1-766/309.mat,data/processed/samples/309.npz,512,512,5448,146,251,343,417,105,74,105,4827189da09f330ebb8b26e5c486c5a186c4c2fe6f94d50a3429dd9f15722dd7
310,106720,1,train,1512427/brainTumorDataPublic_1-766/310.mat,data/processed/samples/310.npz,512,512,3441,156,248,346,396,92,50,92,37fde22739d05a44b4f88dced98f084d861146ab66fb31265daf9512e7a56b5b
311,106914,1,train,1512427/brainTumorDataPublic_1-766/311.mat,data/processed/samples/311.npz,512,512,6108,277,361,254,356,84,102,102,6bf87b58e36e16556d0d80d1ed0ce5bd855175b621d9317abffa64d4c1498930
312,106914,1,train,1512427/brainTumorDataPublic_1-766/312.mat,data/processed/samples/312.npz,512,512,6383,274,360,250,351,86,101,101,63f5ea147ed3c5cdb64a01ab65767e09ae4ec2a4c1adbc3916c85b4fef5854b2
313,106914,1,train,1512427/brainTumorDataPublic_1-766/313.mat,data/processed/samples/313.npz,512,512,5662,272,354,249,343,82,94,94,b969e3dc66a3c660abe5f62c2379951ae24fb260274efc982552cad8b4b4f8d9
314,106914,1,train,1512427/brainTumorDataPublic_1-766/314.mat,data/processed/samples/314.npz,512,512,4650,266,343,248,355,77,107,107,e74c392ec3fc1d7d10de64b200e3cee22eb78e6a5d033a7a4fd1d9e359c09b69
315,107190,1,train,1512427/brainTumorDataPublic_1-766/315.mat,data/processed/samples/315.npz,512,512,469,110,131,220,248,21,28,28,bfc4daa336b542a603d7d057e0024d77237a150a39953112682a2f832de960e2
316,107248,1,train,1512427/brainTumorDataPublic_1-766/316.mat,data/processed/samples/316.npz,512,512,3654,291,370,165,242,79,77,79,9ca873345793a34b5063ea4caff9f74d256e8760fb3c932ff7969808dca95d89
317,107248,1,train,1512427/brainTumorDataPublic_1-766/317.mat,data/processed/samples/317.npz,512,512,3835,288,372,186,243,84,57,84,d1f3b34de026ced4737438954307bf5eeec51982de0aa656b2222d221e0a903a
318,107248,1,train,1512427/brainTumorDataPublic_1-766/318.mat,data/processed/samples/318.npz,512,512,2545,227,286,282,340,59,58,59,47556eea4297c21fbc71da7e2b52911b55f93917d85bf4adeef6d07e304b4d6b
319,107248,1,train,1512427/brainTumorDataPublic_1-766/319.mat,data/processed/samples/319.npz,512,512,2371,226,283,282,338,57,56,57,ff4df0222997b895f4733c1c7031c22ef41845c8fd390607d770824054dda1b2
320,107494,1,test,1512427/brainTumorDataPublic_1-766/320.mat,data/processed/samples/320.npz,512,512,1376,228,256,181,259,28,78,78,4271ddf401e2492c7652b5406339983338a9aaff6fce5c93918b04667c145ae9
321,107494,1,test,1512427/brainTumorDataPublic_1-766/321.mat,data/processed/samples/321.npz,512,512,1920,227,259,177,264,32,87,87,c12f39ff0f9fc0ac16948d6e1dcb1d578e0b407489f195d8cf3b54808c9cfe1f
322,107494,1,test,1512427/brainTumorDataPublic_1-766/322.mat,data/processed/samples/322.npz,512,512,3412,233,310,175,258,77,83,83,0de8711fc39188b93899e4b9e215849eda7d96401b2468c02856ed0c056bd36e
323,107494,1,test,1512427/brainTumorDataPublic_1-766/323.mat,data/processed/samples/323.npz,512,512,2274,242,313,177,228,71,51,71,fbc42117a811417c399a2ed2695c6872e9283d0c001aea64a2ce9a5c558e37d6
324,107494,1,test,1512427/brainTumorDataPublic_1-766/324.mat,data/processed/samples/324.npz,512,512,2100,252,310,176,237,58,61,61,a74e57a2c242d82d59096b9dd6ed4262bf668989bbdbd49a864c25a00b5d0ba2
325,107494,1,test,1512427/brainTumorDataPublic_1-766/325.mat,data/processed/samples/325.npz,512,512,2040,250,311,181,233,61,52,61,6936cb3e1d5358a7200eb2e7e1b70bdad4f467d83738a9f74abea74f24284d5b
326,108514,1,train,1512427/brainTumorDataPublic_1-766/326.mat,data/processed/samples/326.npz,512,512,6332,111,204,115,203,93,88,93,41fb25c879ea003d16d7001f072301ae0c2afa97970684f5abd95854cd28c3d0
327,108514,1,train,1512427/brainTumorDataPublic_1-766/327.mat,data/processed/samples/327.npz,512,512,7233,113,220,115,212,107,97,107,49c7c0a270aee0078e33b7b78f6cf591e10627c10d305672397846a345e16e21
328,108514,1,train,1512427/brainTumorDataPublic_1-766/328.mat,data/processed/samples/328.npz,512,512,7293,114,219,117,211,105,94,105,4e78e107d42a81ad3343551ae7e15370442c01cfd59121890522019791063c39
329,108514,1,train,1512427/brainTumorDataPublic_1-766/329.mat,data/processed/samples/329.npz,512,512,7194,113,229,122,207,116,85,116,da839b3fb3f0e61852ee6bfc69e2847c0741ce58b5bd4fcc7e5d45d9d6461f0a
330,108514,1,train,1512427/brainTumorDataPublic_1-766/330.mat,data/processed/samples/330.npz,512,512,7074,119,227,129,219,108,90,108,feefd7a15dc575908628213b331eb7395e9321960c5049b46647fed1c38b64ff
331,108514,1,train,1512427/brainTumorDataPublic_1-766/331.mat,data/processed/samples/331.npz,512,512,5104,127,223,138,218,96,80,96,4932cf2986fb58053610e2323cb3642070790acca4702d52ec08c241a4182f06
332,108550,1,val,1512427/brainTumorDataPublic_1-766/332.mat,data/processed/samples/332.npz,512,512,2871,262,311,222,315,49,93,93,c2611839e38947b62c1527f9ba38d64556eeaeb0307d12c6606b77bc796492b4
333,108550,1,val,1512427/brainTumorDataPublic_1-766/333.mat,data/processed/samples/333.npz,512,512,1137,260,300,268,308,40,40,40,0f93e1a01e629c347361e56ff1d1e3b6ab213aba86b74a8d08257aeb3a1135b0
334,108590,1,train,1512427/brainTumorDataPublic_1-766/334.mat,data/processed/samples/334.npz,512,512,1351,134,170,254,301,36,47,47,7351f07c9edc9e622427e897ded60c4ba9cb8756bd3992cbea4aa51e72d3b953
335,108590,1,train,1512427/brainTumorDataPublic_1-766/335.mat,data/processed/samples/335.npz,512,512,1705,124,170,256,301,46,45,46,7fd0225270135755023d035c5e1dcf7ae442303f1dc1d50862131bad1516bad0
336,108945,1,train,1512427/brainTumorDataPublic_1-766/336.mat,data/processed/samples/336.npz,512,512,4429,121,199,190,267,78,77,78,81df6cc7345ae6cb47c1fc520e6d9de1f32b4bb22cfba3fcae034318a9476cdd
337,108945,1,train,1512427/brainTumorDataPublic_1-766/337.mat,data/processed/samples/337.npz,512,512,4691,120,196,188,271,76,83,83,a4f301d93f1a6076748e90e27f1ce66e3f1ccdc4dc10cdf35bc296599f2f1d21
338,108945,1,train,1512427/brainTumorDataPublic_1-766/338.mat,data/processed/samples/338.npz,512,512,4112,121,196,192,262,75,70,75,ba5c7f5752faf85a1f2465d9588184493f4c5ae1cb9c44376bb8f4af73385bbd
339,108945,1,train,1512427/brainTumorDataPublic_1-766/339.mat,data/processed/samples/339.npz,512,512,2542,124,189,204,259,65,55,65,3848f4d4c95ded2b6d25c6a867beff2dbdeb17f4b9e40fec2d7300c1f0359a72
340,109411,1,train,1512427/brainTumorDataPublic_1-766/340.mat,data/processed/samples/340.npz,512,512,277,141,165,131,150,24,19,24,988918f1aa53c48d7bbdddd2c974b832eeb88f5b3e386b26ffcc07b4bf2ea024
341,109968,1,train,1512427/brainTumorDataPublic_1-766/341.mat,data/processed/samples/341.npz,512,512,4109,291,358,161,247,67,86,86,488dce68d8dfc63e1f0251d85285f9972b19f672cecc8932e5cc1f0f382f86e5
342,109968,1,train,1512427/brainTumorDataPublic_1-766/342.mat,data/processed/samples/342.npz,512,512,5041,289,365,169,249,76,80,80,3b9de63dd046699074ca33e72b2bc1739922eeeef0f09cbe18ce975aa3ba5ad4
343,109968,1,train,1512427/brainTumorDataPublic_1-766/343.mat,data/processed/samples/343.npz,512,512,5674,283,367,172,254,84,82,84,be01105d15b301997f02da3342eb02b0ee0e50352eeb80e2b7904c4123ae056a
344,109968,1,train,1512427/brainTumorDataPublic_1-766/344.mat,data/processed/samples/344.npz,512,512,5020,286,367,176,250,81,74,81,ded2301b3a993df2faa77df6cf1bdb0153888943206e07cbc6704cd201075d2b
345,110116,1,train,1512427/brainTumorDataPublic_1-766/345.mat,data/processed/samples/345.npz,512,512,5053,284,353,181,280,69,99,99,caba1c416aaf3a5f7c7c1a2059eed1955c984a64f577a439f87f174ce7c55c63
346,110116,1,train,1512427/brainTumorDataPublic_1-766/346.mat,data/processed/samples/346.npz,512,512,5083,283,362,182,285,79,103,103,46810531e21d70913c32f809ef52d3cbd2cb49d3f384a692eb483f603187f6b4
347,110116,1,train,1512427/brainTumorDataPublic_1-766/347.mat,data/processed/samples/347.npz,512,512,4928,286,365,183,279,79,96,96,727bb946ea5cba683290d97ab990c4a6a7c73e338ad9a1ba023cd7e91402c8f0
348,110116,1,train,1512427/brainTumorDataPublic_1-766/348.mat,data/processed/samples/348.npz,512,512,2506,296,364,181,248,68,67,68,c975c92add5c3b4740d21ae0efb6d1e2b3690be96d8d528b6744094ab219b5c8
349,111077,1,train,1512427/brainTumorDataPublic_1-766/349.mat,data/processed/samples/349.npz,512,512,1290,173,207,327,374,34,47,47,185c81bf0396116b5c0a4fc503a44bbdc66e21a133f9636471d56be006647cb0
350,111077,1,train,1512427/brainTumorDataPublic_1-766/350.mat,data/processed/samples/350.npz,512,512,2000,165,213,331,380,48,49,49,058ad1adfd6da0853cc30f17b4512f350bdc7c331d45e6ef7295db8488ee7a8c
351,111077,1,train,1512427/brainTumorDataPublic_1-766/351.mat,data/processed/samples/351.npz,512,512,2172,162,218,331,380,56,49,56,80c791a8299fab84a675b30bbbd0ae9c2e74ffb634f80dbf08046bf8f4826304
352,111077,1,train,1512427/brainTumorDataPublic_1-766/352.mat,data/processed/samples/352.npz,512,512,1867,163,220,335,380,57,45,57,95ddb4d3ef8e75d93c25b7fd275300ee805852d94f55d2940840de17526d88cf
353,111366,1,test,1512427/brainTumorDataPublic_1-766/353.mat,data/processed/samples/353.npz,512,512,1359,205,240,287,348,35,61,61,6870a6dcef8ec05704b8f585807b2011bcb997fb2ed44ef93bad4a264807783f
354,111366,1,test,1512427/brainTumorDataPublic_1-766/354.mat,data/processed/samples/354.npz,512,512,3992,204,272,289,368,68,79,79,213d3edc18bfb908869db4fa5925fdfbf70fc6002aadf2040300ff19ec8b88b4
355,111366,1,test,1512427/brainTumorDataPublic_1-766/355.mat,data/processed/samples/355.npz,512,512,5199,203,287,289,374,84,85,85,7ef74c752bd316e52de586e874947861bdddd8bc9f8c6738567e1344a9e2f37c
356,111366,1,test,1512427/brainTumorDataPublic_1-766/356.mat,data/processed/samples/356.npz,512,512,4321,214,284,290,375,70,85,85,884c55d99ea81f9a8997759d0b5c9d6dee822d9e279b7d8f145cad066a0e298d
357,111532,1,train,1512427/brainTumorDataPublic_1-766/357.mat,data/processed/samples/357.npz,512,512,1710,109,154,210,261,45,51,51,f593e80466c9d8f3df72461677959a3a364f20913bff6975aa3834433429b27a
358,111532,1,train,1512427/brainTumorDataPublic_1-766/358.mat,data/processed/samples/358.npz,512,512,2970,102,158,204,271,56,67,67,8aa3827c4b915ce358caef6d3ab15709234a441f60fc7e8f6bb97e3e748ba08d
359,111532,1,train,1512427/brainTumorDataPublic_1-766/359.mat,data/processed/samples/359.npz,512,512,4055,94,162,191,273,68,82,82,44b1465c2789098e344bc209d94c76961ff661026c4afbc19ab0771ee2e9f940
360,111532,1,train,1512427/brainTumorDataPublic_1-766/360.mat,data/processed/samples/360.npz,512,512,4414,92,162,188,276,70,88,88,668e1b3a00e8c4325ad8087af7c756a71819d5f38c2e8ade46036f48cd6f94c6
361,111532,1,train,1512427/brainTumorDataPublic_1-766/361.mat,data/processed/samples/361.npz,512,512,3781,92,151,188,273,59,85,85,562a86c3c5d5a9940a64651177cfe914e5794529795a79143386bbd1393030c1
362,112002,1,train,1512427/brainTumorDataPublic_1-766/362.mat,data/processed/samples/362.npz,512,512,3066,100,150,188,261,50,73,73,836b09edc26f25fa2fcec0e3e5c98e0978ef3ce2f04db2cd81ac0b918cc519a0
363,112002,1,train,1512427/brainTumorDataPublic_1-766/363.mat,data/processed/samples/363.npz,512,512,3912,90,157,184,257,67,73,73,6dd7e0337a1a8e02d7167d1606418fb6093716f1018ed72d2e989664130ac376
364,112002,1,train,1512427/brainTumorDataPublic_1-766/364.mat,data/processed/samples/364.npz,512,512,4631,80,156,188,262,76,74,76,af2e26cb32083ba59983ce983b9f2c2ae5bc59b48d532f90f56ecaa1473a0c20
365,112002,1,train,1512427/brainTumorDataPublic_1-766/365.mat,data/processed/samples/365.npz,512,512,4128,69,143,187,261,74,74,74,0b8329fd2b2af22babfec01ed426f53ab35a5cfb1233de976107c14cad6a3966
366,112062,1,train,1512427/brainTumorDataPublic_1-766/366.mat,data/processed/samples/366.npz,512,512,1645,118,173,199,242,55,43,55,230a6117462f1f00b408245b87f63d76c5b6f6318839fdc93890b12bf099d624
367,112062,1,train,1512427/brainTumorDataPublic_1-766/367.mat,data/processed/samples/367.npz,512,512,2144,115,173,197,244,58,47,58,37498c1f84148695f8316d961816e02b6ee5dfc6fbb49f36bd88a6b83fd1ef3a
368,112062,1,train,1512427/brainTumorDataPublic_1-766/368.mat,data/processed/samples/368.npz,512,512,2407,122,180,192,244,58,52,58,f7ff74ffccf8d3de668dd75f3892c64283f481c7bc30572f44edbbbbde22bfd7
369,112062,1,train,1512427/brainTumorDataPublic_1-766/369.mat,data/processed/samples/369.npz,512,512,1744,130,183,195,236,53,41,53,b9d12adc2b472f4d7232648a61601baa503dde97073f736831d576d9ff056544
370,112252,1,test,1512427/brainTumorDataPublic_1-766/370.mat,data/processed/samples/370.npz,512,512,1183,100,135,253,295,35,42,42,f75611d5bbc3129fb1b2ba8b2ab33ce5d073553d0c7acae4ade3e9318e3db3de
371,112252,1,test,1512427/brainTumorDataPublic_1-766/371.mat,data/processed/samples/371.npz,512,512,1764,95,141,248,296,46,48,48,55e80e7a498f72ce2d9113e1523f1d5c50eee46ef017ab59d4fc5a058aac4ff8
372,112552,1,val,1512427/brainTumorDataPublic_1-766/372.mat,data/processed/samples/372.npz,512,512,5091,127,228,293,372,101,79,101,ab0bbc8ae152c84bd8493a6a0b773f26fe409b74d82736ba7ff6357e97938df8
373,112552,1,val,1512427/brainTumorDataPublic_1-766/373.mat,data/processed/samples/373.npz,512,512,8602,113,236,277,387,123,110,123,4a7eff986913837f7d76b2f81f688778555c527f0abd81228b1b50ce76af3263
374,112552,1,val,1512427/brainTumorDataPublic_1-766/374.mat,data/processed/samples/374.npz,512,512,9935,107,230,268,390,123,122,123,d3122e76942374ce64e916b9537a43254b78f3d451315379d1b3da60c79e0e1c
375,112552,1,val,1512427/brainTumorDataPublic_1-766/375.mat,data/processed/samples/375.npz,512,512,11139,100,219,261,394,119,133,133,7f5accd8153be86755f25dbcec078d54099c08423319c0d710c9a27142df0a4d
376,112552,1,val,1512427/brainTumorDataPublic_1-766/376.mat,data/processed/samples/376.npz,512,512,12310,95,219,255,392,124,137,137,e00ebf481042f730d332fab6df435066e50d26625980b3aec111c36feaa71164
377,112552,1,val,1512427/brainTumorDataPublic_1-766/377.mat,data/processed/samples/377.npz,512,512,11773,98,217,257,394,119,137,137,2825b21997f9f58760a71881282ab614f19f1f46fac2d1111a7fb8bf00ffc566
378,112552,1,val,1512427/brainTumorDataPublic_1-766/378.mat,data/processed/samples/378.npz,512,512,9009,102,214,268,376,112,108,112,615caafd1a7c4a8a4c021fde803996098b83a2e8210671110c7260a6d5745bd4
379,112648,1,train,1512427/brainTumorDataPublic_1-766/379.mat,data/processed/samples/379.npz,512,512,3444,310,379,144,210,69,66,69,236305342ffc75ec216aab894d6b127727ae50d42ba9de1039a53921005ca497
380,112648,1,train,1512427/brainTumorDataPublic_1-766/380.mat,data/processed/samples/380.npz,512,512,3645,308,367,133,211,59,78,78,1fec8e7fb5e7fb2f8ea6d830a8c06fcb155658c31b66dbaf660d913849a768a8
381,112648,1,train,1512427/brainTumorDataPublic_1-766/381.mat,data/processed/samples/381.npz,512,512,2442,309,366,151,209,57,58,58,f3c125795314432c9663b032f04b89200c974cdfe2d6201cc9979768856b9e8b
382,113435,1,train,1512427/brainTumorDataPublic_1-766/382.mat,data/processed/samples/382.npz,512,512,3701,125,198,215,278,73,63,73,826c7511dd54617938c8a26e3fbe3ef0145ff70a67b7e1827e3d4332bb85f052
383,113435,1,train,1512427/brainTumorDataPublic_1-766/383.mat,data/processed/samples/383.npz,512,512,6395,114,215,201,287,101,86,101,cc1bb1b44f9116bc097f3daad668190e50af9cb09ac48054ea44599d98496743
384,113435,1,train,1512427/brainTumorDataPublic_1-766/384.mat,data/processed/samples/384.npz,512,512,7910,106,219,197,291,113,94,113,7caebe590844451b213e083c85cf46ffa374a18d62d22dbfbe8285ee9c1a3326
385,113435,1,train,1512427/brainTumorDataPublic_1-766/385.mat,data/processed/samples/385.npz,512,512,9363,103,222,185,295,119,110,119,4cb79088fdee3c0a9bdccd7dc7984b52ba89fc1372b0f5babbd2d967201e3d39
386,113435,1,train,1512427/brainTumorDataPublic_1-766/386.mat,data/processed/samples/386.npz,512,512,9578,105,226,186,294,121,108,121,44575849d533fffb4432bb5eebed795f8c02863b75625d8fc4c337bee02a4dec
387,113435,1,train,1512427/brainTumorDataPublic_1-766/387.mat,data/processed/samples/387.npz,512,512,9221,110,230,188,288,120,100,120,338a2de19d92cbe7e0203d2ba3c532d09dca0845a0e0018f0a175554d3d3b84d
388,113435,1,train,1512427/brainTumorDataPublic_1-766/388.mat,data/processed/samples/388.npz,512,512,8428,116,228,188,285,112,97,112,c11639bb58e341cedb3709bd98e39211e496277658955eeaeb41da9ed129bbae
389,113435,1,train,1512427/brainTumorDataPublic_1-766/389.mat,data/processed/samples/389.npz,512,512,7103,123,234,192,281,111,89,111,fd261cd7c5db4c7b3d1b010e775a3b32bd0a29c21cd2b859960fb70f575a7ed8
390,113554,1,train,1512427/brainTumorDataPublic_1-766/390.mat,data/processed/samples/390.npz,512,512,1274,186,227,258,297,41,39,41,091a3c3f5321aa04f380d8a920e1f62b002a9aa9f30b996167624a8b5f8966e3
391,113554,1,train,1512427/brainTumorDataPublic_1-766/391.mat,data/processed/samples/391.npz,512,512,2694,180,233,236,300,53,64,64,7d23a888bfbe6c63820d8d7b93d698984e18d70896b6da2e9249d8787be4b090
392,113554,1,train,1512427/brainTumorDataPublic_1-766/392.mat,data/processed/samples/392.npz,512,512,1405,183,227,250,290,44,40,44,799fc5635bc659bf36e873793296bac13bfa4a176ee3e7ad008ebf90d903fb01
393,113805,1,train,1512427/brainTumorDataPublic_1-766/393.mat,data/processed/samples/393.npz,512,512,365,128,147,308,333,19,25,25,71c6b0c2c7f2b143c57532182c4cf3365e39dba2f9e6f5bccb637abedb06d66c
394,113805,1,train,1512427/brainTumorDataPublic_1-766/394.mat,data/processed/samples/394.npz,512,512,376,124,149,310,330,25,20,25,f1d5fb0c248f8f628b8f91ea01d0658a346fba6ee80ef6c311a515800d21a1c4
395,114018,1,train,1512427/brainTumorDataPublic_1-766/395.mat,data/processed/samples/395.npz,512,512,3717,259,323,191,283,64,92,92,3fd27ab3e3b7061c66eb7cbb874f30e122ebe7eb5a250ce694a2f45132914adc
396,114018,1,train,1512427/brainTumorDataPublic_1-766/396.mat,data/processed/samples/396.npz,512,512,6238,258,359,190,296,101,106,106,8c1c35943814e882676e2e04c81d65e64283046b9eb4bdfb005730235fb5c1af
397,114018,1,train,1512427/brainTumorDataPublic_1-766/397.mat,data/processed/samples/397.npz,512,512,6481,264,364,189,283,100,94,100,6419ce489ac2db26212829cc9f370ab7036268f5ed80bc90666926c0f0738e31
398,114018,1,train,1512427/brainTumorDataPublic_1-766/398.mat,data/processed/samples/398.npz,512,512,5431,263,358,197,277,95,80,95,54f5a1c5443cd1c19706a1785a0095afe3aca262fa2f77ff7ab524b310f8bbf5
399,114359,1,test,1512427/brainTumorDataPublic_1-766/399.mat,data/processed/samples/399.npz,512,512,7097,142,246,278,385,104,107,107,f8375d3cd1c2c45b838ccd90f2baab98ce5ce629c10bd475addb704668ca8bec
400,114359,1,test,1512427/brainTumorDataPublic_1-766/400.mat,data/processed/samples/400.npz,512,512,8536,141,246,275,390,105,115,115,dc471003a4bc422aab522555b041cac3bea10039f7babfd30b5f2dceef79db57
401,114359,1,test,1512427/brainTumorDataPublic_1-766/401.mat,data/processed/samples/401.npz,512,512,9125,137,246,274,390,109,116,116,ff325243b0766923923b60160e7e81cf2c96470ea7a9e3238fa651094f9d80ea
402,114359,1,test,1512427/brainTumorDataPublic_1-766/402.mat,data/processed/samples/402.npz,512,512,9354,135,243,273,393,108,120,120,ecdd62dfc52691d2c7753f90a31ec60da3f518dbc1f2d77e0dee77364b0c0c83
403,114359,1,test,1512427/brainTumorDataPublic_1-766/403.mat,data/processed/samples/403.npz,512,512,8569,140,238,273,391,98,118,118,952719d46acd94afffcf18e0f0f4407cc1f384d54bfdd366a8f8058dd1112ae0
404,114359,1,test,1512427/brainTumorDataPublic_1-766/404.mat,data/processed/samples/404.npz,512,512,5102,159,229,284,378,70,94,94,8e0976d83839a6602fcc337e1dc1e2b42f7691c1c48ecdbe3f5a8284556b20b2
405,97607,1,val,1512427/brainTumorDataPublic_1-766/405.mat,data/processed/samples/405.npz,512,512,4903,108,187,187,268,79,81,81,055ab11df3f4987ab3af5952a996713939b0769ab0a6d9f1e9784671b8732e82
406,97607,1,val,1512427/brainTumorDataPublic_1-766/406.mat,data/processed/samples/406.npz,512,512,4698,111,190,192,268,79,76,79,2770a20466d97f1c57ea84ff0c52d92092f964c40c965dc55c2d8e36f0af5963
407,97607,1,val,1512427/brainTumorDataPublic_1-766/407.mat,data/processed/samples/407.npz,512,512,3500,122,187,198,263,65,65,65,8bee3afcac6b448097023f44f2c881cc6ca620520fd511af159f223a7d73a341
408,97737,1,train,1512427/brainTumorDataPublic_1-766/408.mat,data/processed/samples/408.npz,512,512,3564,78,146,192,262,68,70,70,cad888f6a06a4672563d990cf0374f20e8a155da4b3402c92c996b34367da50a
409,97737,1,train,1512427/brainTumorDataPublic_1-766/409.mat,data/processed/samples/409.npz,512,512,4745,73,151,189,267,78,78,78,94c370b90c1761e8bc90183e65cb22c3c5ad5f39b5ea32e8b9fa98b9a831b1a5
410,97737,1,train,1512427/brainTumorDataPublic_1-766/410.mat,data/processed/samples/410.npz,512,512,4987,72,155,189,267,83,78,83,45664795329b58e60caf6fbfef432fb101048feae8b4080ecf3953518c462436
411,97737,1,train,1512427/brainTumorDataPublic_1-766/411.mat,data/processed/samples/411.npz,512,512,4328,80,155,193,265,75,72,75,6d36d3daa0e21f429dc40e96724bf7857becb1cdf8c379c0dbf469a64b14a673
412,97737,1,train,1512427/brainTumorDataPublic_1-766/412.mat,data/processed/samples/412.npz,512,512,3265,90,152,197,259,62,62,62,df5aaf2c1bc4b9f65602070aaa68baccb25666262fd08fdd6d2eee4e15d001c8
413,97737,1,train,1512427/brainTumorDataPublic_1-766/413.mat,data/processed/samples/413.npz,512,512,1687,99,143,201,255,44,54,54,0a221ebf53cefae31393fcda9fb7a0326a5e8e057bce6cabf0e9b559c87d37e4
414,97875,1,train,1512427/brainTumorDataPublic_1-766/414.mat,data/processed/samples/414.npz,512,512,1396,253,291,201,247,38,46,46,ab697a228fbeb60fc771d04a260819184cff15fdd802438d7e53220093e90be9
415,97875,1,train,1512427/brainTumorDataPublic_1-766/415.mat,data/processed/samples/415.npz,512,512,1505,254,292,200,250,38,50,50,d96137071c4b42d095600829b617dba40f85d2cef11d3205d2d038d78bb4cfb0
416,97875,1,train,1512427/brainTumorDataPublic_1-766/416.mat,data/processed/samples/416.npz,512,512,1357,254,289,200,248,35,48,48,236db7d844bb9a96eecb21f778b7bfd5fe3a6884b3690add1b3461c763524ca8
417,97875,1,train,1512427/brainTumorDataPublic_1-766/417.mat,data/processed/samples/417.npz,512,512,1116,256,290,203,251,34,48,48,f8065aceae0e30d981638e793cd86fb83fa4c99e1cb68e2bfcb3d221df5d22d9
418,97943,1,train,1512427/brainTumorDataPublic_1-766/418.mat,data/processed/samples/418.npz,512,512,4384,256,331,179,260,75,81,81,732507266eee7f5bdb05e69e02851faaaa9f4ab90265a64a280b00cd3153f540
419,97943,1,train,1512427/brainTumorDataPublic_1-766/419.mat,data/processed/samples/419.npz,512,512,5807,249,332,171,263,83,92,92,f2a4c811e37531228e7c17728fc7eaa9dbe2be33b2b1bcdbc301418750684e28
420,97943,1,train,1512427/brainTumorDataPublic_1-766/420.mat,data/processed/samples/420.npz,512,512,6419,240,331,163,265,91,102,102,8d1026053c731599aa0475618ff2aa034db70647d222adf830b47dad5aed69ba
421,97943,1,train,1512427/brainTumorDataPublic_1-766/421.mat,data/processed/samples/421.npz,512,512,4445,237,314,180,262,77,82,82,252068cdaa922550cca13c52487034fdce8167d289eefadc3dd2f92d0df1311a
422,97943,1,train,1512427/brainTumorDataPublic_1-766/422.mat,data/processed/samples/422.npz,512,512,1277,247,280,193,253,33,60,60,ec85a30869f79a0900846aea5d410af054af83870308efda90278d88e228dd52
423,98241,1,train,1512427/brainTumorDataPublic_1-766/423.mat,data/processed/samples/423.npz,512,512,6540,64,156,148,244,92,96,96,901d87731461d3e8c80afa018c09815e6fcf7faa6c0333f8dff3c349b8c26c91
424,98241,1,train,1512427/brainTumorDataPublic_1-766/424.mat,data/processed/samples/424.npz,512,512,9067,63,167,138,255,104,117,117,94fad84e369a0bbd9ab99091d046ac7d3e3bc2f2b6c5e8556ec82e85191b4fa7
425,98241,1,train,1512427/brainTumorDataPublic_1-766/425.mat,data/processed/samples/425.npz,512,512,10628,58,173,135,261,115,126,126,d6916350aaf8ece904950822c63f218917612d4d4788829e9d850654a86cb1de
426,98241,1,train,1512427/brainTumorDataPublic_1-766/426.mat,data/processed/samples/426.npz,512,512,10369,59,173,136,258,114,122,122,0d80832ddf481127c993f46c5b67e08ca0bec8829d079a897454662664f29502
427,98241,1,train,1512427/brainTumorDataPublic_1-766/427.mat,data/processed/samples/427.npz,512,512,9118,63,168,132,253,105,121,121,62f64ae5b808938de07f0986ed189407c31adba526d18f0351e9570f855876d1
428,98241,1,train,1512427/brainTumorDataPublic_1-766/428.mat,data/processed/samples/428.npz,512,512,6440,70,152,143,248,82,105,105,ad5a6c051a7cf2f0f5d3ab2f99363a25e948344ff6683c8a0e5852c4bf55d05e
429,98241,1,train,1512427/brainTumorDataPublic_1-766/429.mat,data/processed/samples/429.npz,512,512,4410,78,141,153,244,63,91,91,e9be48a81c2df55a38ca312cd17339d66d9f1fb32eb18fbbc13f9fe8a4a43db0
430,99017,1,val,1512427/brainTumorDataPublic_1-766/430.mat,data/processed/samples/430.npz,512,512,2192,288,340,315,372,52,57,57,59b465f2ce22910240822632075f8dcc8eefd9411dc17eeb7a9be8564991dc48
431,99017,1,val,1512427/brainTumorDataPublic_1-766/431.mat,data/processed/samples/431.npz,512,512,2022,288,339,315,367,51,52,52,ab60c8cf37594d9f5d78ca6c67276cdd0a58565553f50939f650f6cc4622113a
432,99089,1,test,1512427/brainTumorDataPublic_1-766/432.mat,data/processed/samples/432.npz,512,512,1798,70,115,258,311,45,53,53,9fd442bbe2f5f10c1b3247d2291d10e11b6b6e802620f33aacaa3962ea6529cb
433,99089,1,test,1512427/brainTumorDataPublic_1-766/433.mat,data/processed/samples/433.npz,512,512,2547,67,117,255,314,50,59,59,2c066c30cae77e2b2621955d2ab8d148fbf8c3c2e5750719032633b4a460216a
434,99089,1,test,1512427/brainTumorDataPublic_1-766/434.mat,data/processed/samples/434.npz,512,512,2627,60,115,254,315,55,61,61,6bfd0d3c92d32a1c2905d10d693638164f969001afd2edfa01374791860e8af6
435,99089,1,test,1512427/brainTumorDataPublic_1-766/435.mat,data/processed/samples/435.npz,512,512,2465,59,113,254,311,54,57,57,a0ee99d3ef6c897fad09182868f34abbc783d3c14b337bdf1d996decd125e417
436,99089,1,test,1512427/brainTumorDataPublic_1-766/436.mat,data/processed/samples/436.npz,512,512,1482,65,106,254,301,41,47,47,0452fee3281227b747b741269e9328cfa7abdcebc14b97ba91ab7e521d511488
437,99288,1,train,1512427/brainTumorDataPublic_1-766/437.mat,data/processed/samples/437.npz,512,512,629,114,147,255,281,33,26,33,994c5eec8daf36c74fa54cc24ee2981ca4e0f3904ad8707ef4b1f9d1431caa98
438,99308,1,train,1512427/brainTumorDataPublic_1-766/438.mat,data/processed/samples/438.npz,512,512,7191,55,158,258,347,103,89,103,f754dd6807924fb4a0c29578acebf2a47408815d52958c714ab45892bb9087be
439,99308,1,train,1512427/brainTumorDataPublic_1-766/439.mat,data/processed/samples/439.npz,512,512,8450,54,163,254,358,109,104,109,57d4dab678d962302f15c12546683ad51f99115227b095fd831f91be996e060a
440,99308,1,train,1512427/brainTumorDataPublic_1-766/440.mat,data/processed/samples/440.npz,512,512,9002,66,163,255,372,97,117,117,cff4c9b0b793eb254d110f7b23c25231c8e291e2a86c544fe6ac66c796d4f328
441,99308,1,train,1512427/brainTumorDataPublic_1-766/441.mat,data/processed/samples/441.npz,512,512,6982,81,159,258,371,78,113,113,9bd9ecacd4deaec1239afa2968d9e898d25fc8b0e390cc21e0ad84b5cefc594e
442,100360,1,train,1512427/brainTumorDataPublic_1-766/442.mat,data/processed/samples/442.npz,512,512,5744,213,306,161,261,93,100,100,5e64b30e42e5ed78a0979ecda69d294f2c5e024430f8b1b630ff76fb6b31312c
443,100360,1,train,1512427/brainTumorDataPublic_1-766/443.mat,data/processed/samples/443.npz,512,512,9450,193,308,158,284,115,126,126,866c021c7a41d08ff1dcd35e9ab93da5720d09d039965a0dcb18a466f9aa3645
444,100360,1,train,1512427/brainTumorDataPublic_1-766/444.mat,data/processed/samples/444.npz,512,512,8790,197,307,156,289,110,133,133,9ccf3ecbb4a1425b0afbe4c51b3fe0de3212b2c8f616c98ca71f2ba2fdde6f08
445,100360,1,train,1512427/brainTumorDataPublic_1-766/445.mat,data/processed/samples/445.npz,512,512,8790,201,303,156,286,102,130,130,c48e8bf9679d3d926db916a461965774f34cdfb1b3fbcf209c52eba220bc1629
446,100360,1,train,1512427/brainTumorDataPublic_1-766/446.mat,data/processed/samples/446.npz,512,512,5494,209,282,160,267,73,107,107,e83216412d53fa4eef16cfdb8d69584b95a99c0e53a377d5e5db80af7127a3b2
447,100360,1,train,1512427/brainTumorDataPublic_1-766/447.mat,data/processed/samples/447.npz,512,512,4986,222,293,157,257,71,100,100,f7d0d07bd626d8e507d1ecebd958763768e809041821d79ae71fa2deef761448
448,100572,1,train,1512427/brainTumorDataPublic_1-766/448.mat,data/processed/samples/448.npz,512,512,1845,233,300,194,248,67,54,67,a19943c55895cdabee335258640306239f76562de2f701f2934e7884352f9a76
449,100572,1,train,1512427/brainTumorDataPublic_1-766/449.mat,data/processed/samples/449.npz,512,512,1693,228,291,198,250,63,52,63,a19477e6d3da725d0a78ce5ea97fc6ecef01ab196183bca233e89683adef34b6
450,100639,1,train,1512427/brainTumorDataPublic_1-766/450.mat,data/processed/samples/450.npz,512,512,1600,73,116,301,347,43,46,46,f612a423185f626ea9f718bff019bb63f887deed5328c1ea3391b4b644131168
451,100639,1,train,1512427/brainTumorDataPublic_1-766/451.mat,data/processed/samples/451.npz,512,512,1956,70,118,302,353,48,51,51,3b9394f6856ccabfad4b12e15727899f22f30a3098d0c4b2291ee7454db16ce7
452,100920,1,train,1512427/brainTumorDataPublic_1-766/452.mat,data/processed/samples/452.npz,512,512,2700,196,255,166,228,59,62,62,1cb6a3c458216d5967519284fb15e05c3a0b8f90863b0c4c02869bd63dc28a33
453,100920,1,train,1512427/brainTumorDataPublic_1-766/453.mat,data/processed/samples/453.npz,512,512,3674,195,256,161,241,61,80,80,82a85e43da150bb27435453bf9997d5824cb1010fd46ea44caf00e411d35727c
454,100920,1,train,1512427/brainTumorDataPublic_1-766/454.mat,data/processed/samples/454.npz,512,512,3391,190,254,160,231,64,71,71,b7a94fa00a3ca5536f3c4497b1de84eebaa0e950e6bb0cfa22ec4883b7c5b5d5
455,101016,1,train,1512427/brainTumorDataPublic_1-766/455.mat,data/processed/samples/455.npz,512,512,7427,135,233,232,337,98,105,105,5d10338a0e09ea05cc7c30183d441c03f094f4723a30037c5f7205804153180b
456,101016,1,train,1512427/brainTumorDataPublic_1-766/456.mat,data/processed/samples/456.npz,512,512,8357,136,237,225,330,101,105,105,fa6e406b966f6883a01e08b3341e5ad2b610c163be711ed833823fcb03fc4af3
457,101016,1,train,1512427/brainTumorDataPublic_1-766/457.mat,data/processed/samples/457.npz,512,512,8936,134,239,224,335,105,111,111,b1c1c1ba9cbd22ac607be87d1f2efbb6af78c32f8961c8db7a4fc6927b91078f
458,101016,1,train,1512427/brainTumorDataPublic_1-766/458.mat,data/processed/samples/458.npz,512,512,5376,145,222,235,321,77,86,86,4b8c39a44ac6bb1ed2111d4eb316ccb20d8abe78b64a223dabaf401b71146123
459,101082,1,train,1512427/brainTumorDataPublic_1-766/459.mat,data/processed/samples/459.npz,512,512,1931,138,189,138,189,51,51,51,3baf3b5dd5f8ef635cae2ccf85c81d9d45d6dcb864edb3d337890c9ea6dcc8f2
460,101082,1,train,1512427/brainTumorDataPublic_1-766/460.mat,data/processed/samples/460.npz,512,512,2429,136,190,136,192,54,56,56,55e2a0cf5e585639af5e203df91c2377fcde029a9b62f50d9ebdfd4d124ad654
461,101127,1,val,1512427/brainTumorDataPublic_1-766/461.mat,data/processed/samples/461.npz,512,512,1365,220,264,175,229,44,54,54,458b190802f024b277a321a28477c2783655a9b95cc8f85fe1859445650bc4af
462,101127,1,val,1512427/brainTumorDataPublic_1-766/462.mat,data/processed/samples/462.npz,512,512,1751,220,268,171,231,48,60,60,ae498bfc1dad6f999047cb70f9f8af0f61d45c09cc3db06c1486aee3d565548a
463,101127,1,val,1512427/brainTumorDataPublic_1-766/463.mat,data/processed/samples/463.npz,512,512,1380,214,254,173,225,40,52,52,e3ad34aa7d238bf208ffcb7e64addde532fe15bb45234f6f965c1e3ae61baf96
464,101127,1,val,1512427/brainTumorDataPublic_1-766/464.mat,data/processed/samples/464.npz,512,512,952,217,254,177,218,37,41,41,804e6673cabee23e3b9921aa4fddd7f9fc86f3707d5035c8e44ac8bafb16b5dd
465,101797,1,train,1512427/brainTumorDataPublic_1-766/465.mat,data/processed/samples/465.npz,512,512,4111,144,219,270,342,75,72,75,72aa38705738195f3d0602c0d8f7d13c492178d1159d43249320a89edc381341
466,101797,1,train,1512427/brainTumorDataPublic_1-766/466.mat,data/processed/samples/466.npz,512,512,5537,129,217,264,349,88,85,88,11f5943490da2e256357fabafc6141e9697d278aee457ee3012cba21f7926785
467,101797,1,train,1512427/brainTumorDataPublic_1-766/467.mat,data/processed/samples/467.npz,512,512,5963,126,216,266,349,90,83,90,450ff595dbd47b7d51ba639a2206f8fd004d848f95e18c1ff8bc3367f58122ac
468,101797,1,train,1512427/brainTumorDataPublic_1-766/468.mat,data/processed/samples/468.npz,512,512,4757,134,214,267,347,80,80,80,e5bb3f43c7c177042d0822a62168242dc49ed1f7e10c508873d0b9bea54521d6
469,101797,1,train,1512427/brainTumorDataPublic_1-766/469.mat,data/processed/samples/469.npz,512,512,3344,142,210,273,337,68,64,68,df9d8e6de6c519111da46dc28334bd462904397a3ef859ecd073f3c3c2693251
470,101797,1,train,1512427/brainTumorDataPublic_1-766/470.mat,data/processed/samples/470.npz,512,512,2008,156,204,285,336,48,51,51,eafba27e6fc58b3b8490a8a94a9332f1d609b56b1bf9b7c8d2c0a641d95383a6
471,101801,1,test,1512427/brainTumorDataPublic_1-766/471.mat,data/processed/samples/471.npz,512,512,1425,253,294,323,367,41,44,44,507c2f5b518b6be55b92e892fd0fedc61b65be72b3babc3176524f1d35d320f3
472,101801,1,test,1512427/brainTumorDataPublic_1-766/472.mat,data/processed/samples/472.npz,512,512,2185,249,298,314,371,49,57,57,6c5d9f8b3060398d5ace72070e652ba36f3e30632a2b233f45d367ae4c1c1e45
473,101801,1,test,1512427/brainTumorDataPublic_1-766/473.mat,data/processed/samples/473.npz,512,512,1884,247,301,316,367,54,51,54,3badefa193b73a5466be91236472f6797a57ca9601688eb8fd07839dc6fdef39
474,102420,1,train,1512427/brainTumorDataPublic_1-766/474.mat,data/processed/samples/474.npz,512,512,2318,293,346,221,288,53,67,67,841ee368c57a6f91620fc450504bae9cbe8b2333df64f989fd7c8ea3a4df7c7e
475,102420,1,train,1512427/brainTumorDataPublic_1-766/475.mat,data/processed/samples/475.npz,512,512,1811,293,344,237,286,51,49,51,789fab05ba13c7d9c3b6e8991e28fb4fa6bbe20e186296175e81b740590a855d
476,102446,1,val,1512427/brainTumorDataPublic_1-766/476.mat,data/processed/samples/476.npz,512,512,862,241,274,350,384,33,34,34,02b8e16e57f392504afa1e3184061f0630920f73b16f4886bb4a8635e342f38c
477,102446,1,val,1512427/brainTumorDataPublic_1-766/477.mat,data/processed/samples/477.npz,512,512,636,241,270,355,382,29,27,29,aa69896ad31503900e1ed2075493f92dc14de491b3580facf598e2d32fa1103b
478,102675,1,val,1512427/brainTumorDataPublic_1-766/478.mat,data/processed/samples/478.npz,512,512,873,159,198,141,181,39,40,40,1cab609d955fb66954e9addd71a6ecff686ca00d4966f5c10cd1cdcec0decaeb
479,102675,1,val,1512427/brainTumorDataPublic_1-766/479.mat,data/processed/samples/479.npz,512,512,1203,154,198,133,179,44,46,46,68df746810655a9ea5d6409dd14f1732e9faa59e4250b56f1f73310f70349774
480,102714,1,test,1512427/brainTumorDataPublic_1-766/480.mat,data/processed/samples/480.npz,512,512,2015,291,352,146,195,61,49,61,10ec40b54c07513c3c69b1dcb7a2df50d361d6130371a62056547eda8b82ca0a
481,102714,1,test,1512427/brainTumorDataPublic_1-766/481.mat,data/processed/samples/481.npz,512,512,3570,286,360,143,221,74,78,78,bc4629ec50a370b7bfbcff505aa4deb9a75e7180b9ce7da17878470367b03f2e
482,102714,1,test,1512427/brainTumorDataPublic_1-766/482.mat,data/processed/samples/482.npz,512,512,4162,287,363,143,225,76,82,82,9b3a604ec15e968bc1446c6f0fbfd21e98a0c64297086f9f7e65d4bd3e95651f
483,102714,1,test,1512427/brainTumorDataPublic_1-766/483.mat,data/processed/samples/483.npz,512,512,3635,292,360,147,218,68,71,71,72dc6b066bf8368b6b7ba2765e99392c7371e5c3c957b289a85d9c91ff0d2815
484,102714,1,test,1512427/brainTumorDataPublic_1-766/484.mat,data/processed/samples/484.npz,512,512,1039,298,339,173,205,41,32,41,a45ec2edf43fc9a0ba35cb4ca0190f28f9f8f534ffb1f5e78eb563997657ef7e
485,102818,1,test,1512427/brainTumorDataPublic_1-766/485.mat,data/processed/samples/485.npz,512,512,2617,234,293,166,226,59,60,60,2e27046947405e729014353ed84adb9a1d0bcaa66ac10b92436ccff50c66c834
486,102818,1,test,1512427/brainTumorDataPublic_1-766/486.mat,data/processed/samples/486.npz,512,512,3138,232,300,164,231,68,67,68,ccf812f264d553edff667c359f3e69f7998f0cd3a98aaebd0a0456a53dda18dd
487,102818,1,test,1512427/brainTumorDataPublic_1-766/487.mat,data/processed/samples/487.npz,512,512,3043,232,293,165,232,61,67,67,eb8539d01dd3c4c8ab9d16e9f6cd93df3f273bd849ae90aa946203f2737593f4
488,102818,1,test,1512427/brainTumorDataPublic_1-766/488.mat,data/processed/samples/488.npz,512,512,2540,236,297,176,231,61,55,61,39154fbe191a16fd780df7f6e4e5eaec05320dd3eac6d235cca9b4549d78ef3d
489,102935,1,train,1512427/brainTumorDataPublic_1-766/489.mat,data/processed/samples/489.npz,512,512,836,131,162,143,178,31,35,35,45f08402b26c6a063dcbfb8e2934ec121da73e6a54e443b5928065e41757804e
490,102960,1,train,1512427/brainTumorDataPublic_1-766/490.mat,data/processed/samples/490.npz,512,512,2667,186,233,150,223,47,73,73,dd2b5a5d17c40b0bf2e3e34bac05e380d0aa2e6a5f357f4046ec427570c9741f
491,102960,1,train,1512427/brainTumorDataPublic_1-766/491.mat,data/processed/samples/491.npz,512,512,3616,179,239,142,224,60,82,82,c075718fd96ac721fb3b4d879f72af4df856f46f6596ef936e2115db33a5be5f
492,102960,1,train,1512427/brainTumorDataPublic_1-766/492.mat,data/processed/samples/492.npz,512,512,3940,179,239,136,226,60,90,90,b7ecd16f694819270924a1094bab915b1b6f6dcfffcf308ba6a8e712dd8dc285
493,102960,1,train,1512427/brainTumorDataPublic_1-766/493.mat,data/processed/samples/493.npz,512,512,4054,176,238,133,224,62,91,91,058d94970a9e2b6f4b0df1a7239ad0457f880686f107dac5ef97daf311c4839e
494,102960,1,train,1512427/brainTumorDataPublic_1-766/494.mat,data/processed/samples/494.npz,512,512,1394,186,226,148,192,40,44,44,dfc2e78c0c0cd5f223449757bca287da6dc890ca95fc128d6cf315bf2c38b68d
495,102985,1,train,1512427/brainTumorDataPublic_1-766/495.mat,data/processed/samples/495.npz,512,512,697,190,215,377,410,25,33,33,da92f764e5793905e154a07b1d3237c13cc46a59433a0b2ea3e1fa209b9cfccd
496,103673,1,train,1512427/brainTumorDataPublic_1-766/496.mat,data/processed/samples/496.npz,512,512,2458,230,287,219,277,57,58,58,6e1b695578b17033b01ad8fcb6a24c561881fdd7ccdf2f4bd440efcfcea106bc
497,103673,1,train,1512427/brainTumorDataPublic_1-766/497.mat,data/processed/samples/497.npz,512,512,3034,227,301,216,280,74,64,74,2b8ca9d3615c1ba5a9906e48b719c85ea1c4af524d642268761924338003a27b
498,103673,1,train,1512427/brainTumorDataPublic_1-766/498.mat,data/processed/samples/498.npz,512,512,3701,224,303,207,278,79,71,79,e1f20d156dc72b6553cac70720d013ca35b0953171ad186b40eb4e32d8522744
499,103673,1,train,1512427/brainTumorDataPublic_1-766/499.mat,data/processed/samples/499.npz,512,512,3040,220,281,207,274,61,67,67,196b99644103ef8b777881ca5937261a8ab69ae9caeddc0dfd6c0dc82a722133
500,103673,1,train,1512427/brainTumorDataPublic_1-766/500.mat,data/processed/samples/500.npz,512,512,3050,224,299,210,275,75,65,75,9be7d2dbf47b33bddb58a63ae7162d4122d0af822effbf0b9cdd75f6bfb0f345
501,103925,1,test,1512427/brainTumorDataPublic_1-766/501.mat,data/processed/samples/501.npz,512,512,2651,282,344,227,283,62,56,62,3a5ad24b578cd58aadd0d695bbc3cd834b265b03a4d7e7822459b8086e9447d0
502,103925,1,test,1512427/brainTumorDataPublic_1-766/502.mat,data/processed/samples/502.npz,512,512,4172,273,355,226,296,82,70,82,8728194e55f8146d434d719bc85299c31b872ea4807c663da70f641c53b73a07
503,103925,1,test,1512427/brainTumorDataPublic_1-766/503.mat,data/processed/samples/503.npz,512,512,3566,277,348,228,294,71,66,71,3e1086561e684a43bb5e5f06d297774d757631c12c4ab08c3280de3ab651dd7a
504,103925,1,test,1512427/brainTumorDataPublic_1-766/504.mat,data/processed/samples/504.npz,512,512,1959,284,338,241,288,54,47,54,7f810ccee3e7c3a108263bd552fa8d9b266db7936e033d5936316c57a01a346d
505,104167,1,train,1512427/brainTumorDataPublic_1-766/505.mat,data/processed/samples/505.npz,512,512,2229,161,211,186,240,50,54,54,4bba0ff3c55d3fdfad2102b4f417c96ddc155def99e3a839540c1aae889c5d81
506,104167,1,train,1512427/brainTumorDataPublic_1-766/506.mat,data/processed/samples/506.npz,512,512,5955,144,227,156,257,83,101,101,d696d04c63148925c67c15e946a78a76ec0cb67864ecd48de53b2964ca5c51d5
507,104167,1,train,1512427/brainTumorDataPublic_1-766/507.mat,data/processed/samples/507.npz,512,512,7447,134,227,152,256,93,104,104,cb785d26170d3035c124314d308cf840136d440728446277d2d53be2b9e84386
508,104167,1,train,1512427/brainTumorDataPublic_1-766/508.mat,data/processed/samples/508.npz,512,512,6632,132,218,157,253,86,96,96,86516f44ce335a887606ee08cc8f9881e121b820dccb78408f7c1d8507a93ab4
509,104167,1,train,1512427/brainTumorDataPublic_1-766/509.mat,data/processed/samples/509.npz,512,512,3063,138,198,165,229,60,64,64,73c60c8dc7b4c3397452dc4d53daf65a8262dd18fffa8e24259d1464d2fcd9df
510,104281,1,train,1512427/brainTumorDataPublic_1-766/510.mat,data/processed/samples/510.npz,512,512,5752,164,240,232,328,76,96,96,1f03612306057a1c9edd52affb6a9838ae26960c4a091b3c24c93c682e508d48
511,104281,1,train,1512427/brainTumorDataPublic_1-766/511.mat,data/processed/samples/511.npz,512,512,7422,146,248,232,331,102,99,102,a415b3c629007cd5c93accb2bd02507f8485917426c07a68342e955261a77cb2
512,104281,1,train,1512427/brainTumorDataPublic_1-766/512.mat,data/processed/samples/512.npz,512,512,7765,136,249,231,334,113,103,113,f82122cf478305486baa2aa81a64c77fad36113596d9e206997d99299b27e21c
513,104281,1,train,1512427/brainTumorDataPublic_1-766/513.mat,data/processed/samples/513.npz,512,512,5952,139,233,238,327,94,89,94,a483737f0dafcfee1a486d5708c4e0803224c338c8506fb1d9ef6ce8ff380cae
514,104695,1,val,1512427/brainTumorDataPublic_1-766/514.mat,data/processed/samples/514.npz,512,512,3123,138,200,263,326,62,63,63,4d1b21561b4fb732be57cdd2cb702e738e5607c8de38ef8fa4a89f328aeaeddf
515,104695,1,val,1512427/brainTumorDataPublic_1-766/515.mat,data/processed/samples/515.npz,512,512,4294,130,207,258,327,77,69,77,4b9ddcb64f5f7eafc5b76ade222e9557042c81591311858e0366c6975fe8cbd4
516,104695,1,val,1512427/brainTumorDataPublic_1-766/516.mat,data/processed/samples/516.npz,512,512,2933,135,197,256,320,62,64,64,94a4e31f8c88914fe923028d9774abb04f3b85c0f03972c87b05e1c3bae87274
517,105374,1,train,1512427/brainTumorDataPublic_1-766/517.mat,data/processed/samples/517.npz,512,512,1182,297,340,314,349,43,35,43,bd2496f52c7f095130c18d0a62eb962458850f1e9a52f82c3530af1571cfe599
518,105555,1,train,1512427/brainTumorDataPublic_1-766/518.mat,data/processed/samples/518.npz,512,512,1000,47,79,237,275,32,38,38,4f9bc698e85a0e3874910219200ca898e0c5e7f21f96f9c1aba5c8712ca6d9d7
519,105555,1,train,1512427/brainTumorDataPublic_1-766/519.mat,data/processed/samples/519.npz,512,512,728,65,91,264,299,26,35,35,c607808e55f2ca4209de7052733176b881700c076be9b3243ec52d54e2c9cde4
520,105937,1,train,1512427/brainTumorDataPublic_1-766/520.mat,data/processed/samples/520.npz,512,512,3369,92,150,243,314,58,71,71,2c05679aebb2461a81a16767a2a3c90652325312e8a0a7a4f8957aaccabb4be2
521,105937,1,train,1512427/brainTumorDataPublic_1-766/521.mat,data/processed/samples/521.npz,512,512,4065,88,152,243,322,64,79,79,b1ec05da31fa46a965a13e085cb2b93e98d115869d21c8afd97b038280653f3a
522,105937,1,train,1512427/brainTumorDataPublic_1-766/522.mat,data/processed/samples/522.npz,512,512,3415,94,153,248,322,59,74,74,62ffba2cd8f204c0a8dbe5f095c6c7157d7c317784f8dfca0bb402a890f01277
523,106284,1,train,1512427/brainTumorDataPublic_1-766/523.mat,data/processed/samples/523.npz,512,512,7349,81,183,147,249,102,102,102,24e1c3c8bfe2b03c18e04376f489fe08afc96801da706d6f23a0e9572ca211d4
524,106284,1,train,1512427/brainTumorDataPublic_1-766/524.mat,data/processed/samples/524.npz,512,512,6764,81,178,163,250,97,87,97,e7c08991a82fa0a1991a1fe14030348124de801df862456902b70c42a429156d
525,106284,1,train,1512427/brainTumorDataPublic_1-766/525.mat,data/processed/samples/525.npz,512,512,6087,85,174,162,248,89,86,89,66519794b5cbb63c33822802f964f2501174f7c587030221cb6e96f4011c660d
526,106284,1,train,1512427/brainTumorDataPublic_1-766/526.mat,data/processed/samples/526.npz,512,512,4806,93,171,162,244,78,82,82,258a609df25516615b06111571ec2a682fa94c1ec086fc0e8e1f0438224f016d
527,106442,1,train,1512427/brainTumorDataPublic_1-766/527.mat,data/processed/samples/527.npz,512,512,1994,169,222,372,418,53,46,53,86ff28c5f4a9c8a369a804668a5d141cf692aef65130ecb734f61e1fceac1307
528,106442,1,train,1512427/brainTumorDataPublic_1-766/528.mat,data/processed/samples/528.npz,512,512,3012,162,229,366,423,67,57,67,70c458ca9cd5db1515369118f171150d5b54e8ce3c8adba4317dc16f7a5ce144
529,106442,1,train,1512427/brainTumorDataPublic_1-766/529.mat,data/processed/samples/529.npz,512,512,4276,159,234,367,446,75,79,79,0b502bb45c9573e1cfc58d9b0042870924cc4d5d232b8e0d1869378030f1d65e
530,106534,1,train,1512427/brainTumorDataPublic_1-766/530.mat,data/processed/samples/530.npz,512,512,1083,136,180,369,402,44,33,44,f517ce65eedd981e1d29c39ce6f221c0313c9234ef1aea169703596c55f209e2
531,106534,1,train,1512427/brainTumorDataPublic_1-766/531.mat,data/processed/samples/531.npz,512,512,699,142,177,372,398,35,26,35,7a3cae5238db532d054531d01728537bf3b5e79276dff07e180a7591d002fee4
532,106592,1,train,1512427/brainTumorDataPublic_1-766/532.mat,data/processed/samples/532.npz,512,512,2236,261,315,276,356,54,80,80,07a5fb5d51f1c8d7983a32005ed1f8a00cdf9cc3b43e7c996e7d264da70a6be7
533,106665,1,train,1512427/brainTumorDataPublic_1-766/533.mat,data/processed/samples/533.npz,512,512,3257,126,192,181,241,66,60,66,9a570f3511a0c61db612fc2a89105acf820610b1ec2b0baeca0eba9d05ff8f62
534,106665,1,train,1512427/brainTumorDataPublic_1-766/534.mat,data/processed/samples/534.npz,512,512,4758,121,202,170,244,81,74,81,4b2cad04a9f1c4163f1824bace17e38075682a3c8ba687fa9fd1790c1bfd8fe9
535,106665,1,train,1512427/brainTumorDataPublic_1-766/535.mat,data/processed/samples/535.npz,512,512,8753,110,210,164,273,100,109,109,325c7a4a4409c8a7e281601d28caa69289cde2bbf5ed2b30fce843993ab7ef5f
536,106665,1,train,1512427/brainTumorDataPublic_1-766/536.mat,data/processed/samples/536.npz,512,512,11237,92,222,162,275,130,113,130,ebe56f26a88544d756391f57ef1b1c0f243e4cb20bacdf7d64c5c6d05966e44e
537,106665,1,train,1512427/brainTumorDataPublic_1-766/537.mat,data/processed/samples/537.npz,512,512,12596,94,225,160,282,131,122,131,1d209c0e104d7d55d81064222d90452be2fe12c47b697133425d48b94be565c9
538,106665,1,train,1512427/brainTumorDataPublic_1-766/538.mat,data/processed/samples/538.npz,512,512,12758,95,233,152,280,138,128,138,8b7d747c5b2b03b2f627fbd6aa47c8d6b816c97c772bb064f45fa1e3a60a8c16
539,106665,1,train,1512427/brainTumorDataPublic_1-766/539.mat,data/processed/samples/539.npz,512,512,7248,146,231,158,268,85,110,110,2069f9b0a0a67bac61d70ab70ec66bd5eb6831f65c7312d117b3cbccaecf0eaf
540,106720,1,train,1512427/brainTumorDataPublic_1-766/540.mat,data/processed/samples/540.npz,512,512,10383,132,231,182,315,99,133,133,4d4f932316c9ddaa5d2e0f0e7772cdefcd292dc0302a726b602ac7beb159b5a8
541,106720,1,train,1512427/brainTumorDataPublic_1-766/541.mat,data/processed/samples/541.npz,512,512,14097,118,250,199,349,132,150,150,5073b93c4ae788db1209bb2b5f05c79ab869f27eb6c38c29d0176b5b9dcb6e1f
542,106720,1,train,1512427/brainTumorDataPublic_1-766/542.mat,data/processed/samples/542.npz,512,512,12026,113,235,212,340,122,128,128,a71f3f10ab37eb3bbcfb397a3705a426f094ce7c81d4b0937d8789556812cc08
543,106914,1,train,1512427/brainTumorDataPublic_1-766/543.mat,data/processed/samples/543.npz,512,512,5591,243,347,320,412,104,92,104,0747bb768d31506fb408c3c15ea195f735237fa3f809144094d8e844f74de4dc
544,106914,1,train,1512427/brainTumorDataPublic_1-766/544.mat,data/processed/samples/544.npz,512,512,6122,242,340,316,408,98,92,98,edd7ab2716035bb5778383931cf8c7565ef8b21d17938232b81d1f53371adb9d
545,106914,1,train,1512427/brainTumorDataPublic_1-766/545.mat,data/processed/samples/545.npz,512,512,5705,249,338,314,404,89,90,90,85be0e3799abad169f8394c2ab0df95df23bac6d02fec2449adf177c6c194190
546,106914,1,train,1512427/brainTumorDataPublic_1-766/546.mat,data/processed/samples/546.npz,512,512,4993,255,330,312,399,75,87,87,93c40567a127fe722691443a02a25dd382e8c9583949ac425c4dca3cbddb4313
547,106914,1,train,1512427/brainTumorDataPublic_1-766/547.mat,data/processed/samples/547.npz,512,512,3744,260,326,316,391,66,75,75,200cd8443bf86b97d23d27cd4b4fdb41d12a38a912b78fc2f9940f475b7483bb
548,106914,1,train,1512427/brainTumorDataPublic_1-766/548.mat,data/processed/samples/548.npz,512,512,1744,260,308,323,370,48,47,48,d6652c3ef3ef5ef4d18601d6b2cbee9ec81c39ac1856b9e4511afdd2c3c189e2
549,106914,1,train,1512427/brainTumorDataPublic_1-766/549.mat,data/processed/samples/549.npz,512,512,1154,264,303,330,367,39,37,39,98900dada3654964685a7b4a4c40e493707e74a6a037ed3c68c80645ee39d7cf
550,107190,1,train,1512427/brainTumorDataPublic_1-766/550.mat,data/processed/samples/550.npz,512,512,764,105,137,195,225,32,30,32,27e5bfd80d8816d019d47f7ecf03d5db50db350beb36ba82102335d22253c3df
551,107248,1,train,1512427/brainTumorDataPublic_1-766/551.mat,data/processed/samples/551.npz,512,512,2961,279,349,232,293,70,61,70,fadd526cfcd4cb701aacee34e406b1b6e6587a23a33030964d8bc52c9a0f8a15
552,107248,1,train,1512427/brainTumorDataPublic_1-766/552.mat,data/processed/samples/552.npz,512,512,3825,277,367,232,297,90,65,90,f6ad20ca16ebe7645bbd6bdce841be20aa522d27695ab5a956adc669e10f3968
553,107248,1,train,1512427/brainTumorDataPublic_1-766/553.mat,data/processed/samples/553.npz,512,512,3982,274,358,218,288,84,70,84,18b694004b563bf0a5449a43de5c35efc2049b4391463b688bccfaff3b7cf3dc
554,107248,1,train,1512427/brainTumorDataPublic_1-766/554.mat,data/processed/samples/554.npz,512,512,2216,204,264,282,330,60,48,60,9a50da2543daaa06bdf151c00e83f37fa8eb6700f07952b6b877df701ab0a636
555,107248,1,train,1512427/brainTumorDataPublic_1-766/555.mat,data/processed/samples/555.npz,512,512,2054,215,267,281,330,52,49,52,5b8a9bf48785e031291a1086176b207c22989a587ec74d54bde17de2c739e856
556,107494,1,test,1512427/brainTumorDataPublic_1-766/556.mat,data/processed/samples/556.npz,512,512,5986,264,350,160,273,86,113,113,fe19b362372877c1efa4038616b8e88c25be234881d4fbe634b9fdaad40e8674
557,107494,1,test,1512427/brainTumorDataPublic_1-766/557.mat,data/processed/samples/557.npz,512,512,4721,265,345,156,284,80,128,128,be95d3ffe612054475c3896615d2a75fbf016711d9685559fb5c952acf34aecd
558,107494,1,test,1512427/brainTumorDataPublic_1-766/558.mat,data/processed/samples/558.npz,512,512,1753,264,303,155,219,39,64,64,179ba21b5fa203283143f20b047e76e1da0c070fec74cf3c316646b6ff95ec3c
559,107494,1,test,1512427/brainTumorDataPublic_1-766/559.mat,data/processed/samples/559.npz,512,512,1404,269,306,162,214,37,52,52,ff3315a9f8487a676be58cf35da1f3319c8ae8572b240423a3721654168aa299
560,107946,1,test,1512427/brainTumorDataPublic_1-766/560.mat,data/processed/samples/560.npz,512,512,7232,202,337,286,394,135,108,135,a328d5b1e0ca133fe35e75b834e1c2719e92f13041dc11da7caa275678efd097
561,107946,1,test,1512427/brainTumorDataPublic_1-766/561.mat,data/processed/samples/561.npz,512,512,10454,204,359,284,405,155,121,155,cad95ad4d1c0cb992eea6db05cc39210a1ae17c404497aafb31b2b0d2771c369
562,107946,1,test,1512427/brainTumorDataPublic_1-766/562.mat,data/processed/samples/562.npz,512,512,7906,223,330,280,402,107,122,122,5f678759eefeac89ac9ff5a9b66f4107921ae01c2531a683c47a0d6aa6d17884
563,107946,1,test,1512427/brainTumorDataPublic_1-766/563.mat,data/processed/samples/563.npz,512,512,5543,249,320,268,409,71,141,141,273fbabf4410b0879f7ab1e47be651770d49a2a493830d0956a457fbf11abff6
564,108514,1,train,1512427/brainTumorDataPublic_1-766/564.mat,data/processed/samples/564.npz,512,512,5404,143,242,273,359,99,86,99,8ac55260fd7d095437c2752798cf733d142e1ae23daf8299489280573cda0f40
565,108514,1,train,1512427/brainTumorDataPublic_1-766/565.mat,data/processed/samples/565.npz,512,512,9513,134,246,266,378,112,112,112,0e77cdf40b8548eae135b77fd2294b5fe1f3d2309b17c31e3f14544595d2d595
566,108514,1,train,1512427/brainTumorDataPublic_1-766/566.mat,data/processed/samples/566.npz,512,512,10825,127,247,267,377,120,110,120,feac83bd9a037498c6f696e06967778abb736d80db1506d72ebaab0de1c35037
567,108514,1,train,1512427/brainTumorDataPublic_1-766/567.mat,data/processed/samples/567.npz,512,512,9832,128,237,268,377,109,109,109,7560189eed475c330b23884b6a2175fe6b12c6fc5dda4661267f7d4b5487de38
568,108514,1,train,1512427/brainTumorDataPublic_1-766/568.mat,data/processed/samples/568.npz,512,512,6191,139,217,274,372,78,98,98,0919404f6ff152722f60c9c20e1bc29cd0a109ea34d6bf49c9504ad49e3c9f37
569,108550,1,val,1512427/brainTumorDataPublic_1-766/569.mat,data/processed/samples/569.npz,512,512,2021,252,295,187,247,43,60,60,94169d0b87a0c2f7fa7aef349e58b4a9e7b4bbd92209218b060575ad232c376d
570,108550,1,val,1512427/brainTumorDataPublic_1-766/570.mat,data/processed/samples/570.npz,512,512,1925,256,302,185,240,46,55,55,dd0903867363b18bc746c7f2f09a75aff45205f27cb390b9ccd2ec127a36ca4c
571,108590,1,train,1512427/brainTumorDataPublic_1-766/571.mat,data/processed/samples/571.npz,512,512,1571,124,170,169,217,46,48,48,a06134f62492498c1ea16478a7996db8402540c8f188ebcc6c5e4bc64993291a
572,108590,1,train,1512427/brainTumorDataPublic_1-766/572.mat,data/processed/samples/572.npz,512,512,1342,131,170,168,217,39,49,49,121cce034e665fb07cd5c23a97efad758280d39651693bb959f19ecdbcb93cdf
573,108945,1,train,1512427/brainTumorDataPublic_1-766/573.mat,data/processed/samples/573.npz,512,512,3149,133,203,184,246,70,62,70,57c7b8d3b630d89c0df60a28ba11d4c3beb09723daa4ed07245f54154ad1dbcd
574,108945,1,train,1512427/brainTumorDataPublic_1-766/574.mat,data/processed/samples/574.npz,512,512,4602,131,208,177,249,77,72,77,30abb2d987c2ef21232c81a542e4ec3deec3ba126cde65282f4171f9970223ca
575,108945,1,train,1512427/brainTumorDataPublic_1-766/575.mat,data/processed/samples/575.npz,512,512,5504,124,207,163,254,83,91,91,99dfb7a4c98af21343bb5b42928d8debf210422c768c5ec047c6d974885f497e
576,108945,1,train,1512427/brainTumorDataPublic_1-766/576.mat,data/processed/samples/576.npz,512,512,4431,137,205,163,253,68,90,90,4e5f50aabcedcf1c1fff7b5177a8f0a84f556720d2d4574881bbf7c26a23b310
577,109350,1,val,1512427/brainTumorDataPublic_1-766/577.mat,data/processed/samples/577.npz,512,512,255,145,162,154,175,17,21,21,6eb950562f0043bdef996ff0b9abf27c4f7f25f64e77ebd1c0af229bd7215cc1
578,109350,1,val,1512427/brainTumorDataPublic_1-766/578.mat,data/processed/samples/578.npz,512,512,342,143,165,152,177,22,25,25,239b65e3627a1702927cfe0ca73a534369c024870663c2236a2f902316a8253e
579,109411,1,train,1512427/brainTumorDataPublic_1-766/579.mat,data/processed/samples/579.npz,512,512,480,171,195,212,237,24,25,25,88f5e9788e703c00b3e1b2e8cd1a6cb75ccbc7891875718fc68004576f1f23c8
580,109968,1,train,1512427/brainTumorDataPublic_1-766/580.mat,data/processed/samples/580.npz,512,512,3350,264,330,301,364,66,63,66,dd960bf3f99352252e879b7127b59506b11b1f4ebffdba6cd9dd71fa8b8f79b7
581,109968,1,train,1512427/brainTumorDataPublic_1-766/581.mat,data/processed/samples/581.npz,512,512,5019,258,333,286,374,75,88,88,e54a8ab6ae88bec405a8916f5789bb6245ba7e6524818d4d390163959dfdb374
582,109968,1,train,1512427/brainTumorDataPublic_1-766/582.mat,data/processed/samples/582.npz,512,512,5622,253,334,282,375,81,93,93,1d2ed373be7bee2998fc2ded3057e024895d320703307e92c68c4f1db0c48101
583,109968,1,train,1512427/brainTumorDataPublic_1-766/583.mat,data/processed/samples/583.npz,512,512,4643,253,334,294,368,81,74,81,013aa5f395c8ebcd074733a692904426fc68a25e3d9be06a332b982830081eac
584,110808,1,train,1512427/brainTumorDataPublic_1-766/584.mat,data/processed/samples/584.npz,512,512,2186,157,213,228,278,56,50,56,200dd901ca8cfc71a80a3b56d7dd49ff5491b80f18c34cb5756e904d4e201331
585,110808,1,train,1512427/brainTumorDataPublic_1-766/585.mat,data/processed/samples/585.npz,512,512,643,205,230,271,304,25,33,33,5d2b73f5714dd94e22397177d7b6092d38f9a0d94c4ac67fd5cf461c60d64b79
586,111077,1,train,1512427/brainTumorDataPublic_1-766/586.mat,data/processed/samples/586.npz,512,512,2319,163,209,274,334,46,60,60,ed0b5de839c3a7d5117a6d477382becad9b2b5382ccd6c486bb87171d31b3e2f
587,111077,1,train,1512427/brainTumorDataPublic_1-766/587.mat,data/processed/samples/587.npz,512,512,2816,161,216,272,340,55,68,68,a6955485b83719ac2c52af95d853c58895220ca53f91b32661591d60e1abe0da
588,111077,1,train,1512427/brainTumorDataPublic_1-766/588.mat,data/processed/samples/588.npz,512,512,2486,160,216,278,337,56,59,59,bde1e215680968e4f96c7e2fff936c201229482e07d8f31663f2b6e747067e2a
589,111366,1,test,1512427/brainTumorDataPublic_1-766/589.mat,data/processed/samples/589.npz,512,512,3142,213,269,173,262,56,89,89,bdfb3c594273db511a0fb12416892a53e25b48d588003d51c218a402fcdef216
590,111366,1,test,1512427/brainTumorDataPublic_1-766/590.mat,data/processed/samples/590.npz,512,512,3891,207,275,170,254,68,84,84,9850af8a814d59aa4efc44850bb278539887a8e207c41426441ac6b625d8952c
591,111366,1,test,1512427/brainTumorDataPublic_1-766/591.mat,data/processed/samples/591.npz,512,512,4361,207,283,172,252,76,80,80,301cd0525e06fca4a7dee0454b52f5672d3e465d3b792f7da6de6ae7965c9e3f
592,111366,1,test,1512427/brainTumorDataPublic_1-766/592.mat,data/processed/samples/592.npz,512,512,2853,215,283,184,252,68,68,68,66b95de6af8209dfc2a2d7ae5813f0f864d2c9787c9d85136e184e5893c69e94
593,111532,1,train,1512427/brainTumorDataPublic_1-766/593.mat,data/processed/samples/593.npz,512,512,4103,95,148,201,296,53,95,95,1034454380f5f90e24b95ec834c4bc4cca9917ed08d93fb429507b7848f23bd3
594,111532,1,train,1512427/brainTumorDataPublic_1-766/594.mat,data/processed/samples/594.npz,512,512,5180,89,156,198,295,67,97,97,211cccd34f328f5128b2c75628ed127416303d9a7265f14c7d47b8947895b61a
595,111532,1,train,1512427/brainTumorDataPublic_1-766/595.mat,data/processed/samples/595.npz,512,512,4981,89,157,196,288,68,92,92,2504d8cbf10abbb3405bbf31ab759e2bedaa54e184affb97fadf035d0202844c
596,111696,1,val,1512427/brainTumorDataPublic_1-766/596.mat,data/processed/samples/596.npz,512,512,845,219,250,132,166,31,34,34,b7b196fc3bbdff605bb65ec3b49730f7dcd3f7f6cf3e41316f11884caf671563
597,111710,1,train,1512427/brainTumorDataPublic_1-766/597.mat,data/processed/samples/597.npz,512,512,849,198,224,286,326,26,40,40,e8a2893298be54d09d09cb9c6c3cc4c583dcd353c6f0406601199eab38f95478
598,111710,1,train,1512427/brainTumorDataPublic_1-766/598.mat,data/processed/samples/598.npz,512,512,638,195,222,290,322,27,32,32,0364e56f56169f60df33e68c8aad2183f3f6c014f3fd7d883296ac4188904048
599,112002,1,train,1512427/brainTumorDataPublic_1-766/599.mat,data/processed/samples/599.npz,512,512,3139,102,161,95,166,59,71,71,fde33f6827b9d10beff28162f4e2cb9ac962c302339e3dfcb3be75acc0294f3f
600,112002,1,train,1512427/brainTumorDataPublic_1-766/600.mat,data/processed/samples/600.npz,512,512,4496,95,167,90,180,72,90,90,ad2ce3bc7be9f80fd2e68628153c04bdc9892522e342c877936c331dc0093dad
601,112002,1,train,1512427/brainTumorDataPublic_1-766/601.mat,data/processed/samples/601.npz,512,512,5266,83,167,90,181,84,91,91,58f8c7a5e699f5c09bf21c6ac4306d4102f23e9caddf4672cf7a83ff502a2e31
602,112002,1,train,1512427/brainTumorDataPublic_1-766/602.mat,data/processed/samples/602.npz,512,512,4823,80,163,85,170,83,85,85,b79719309c144fd40b7d215f1db54590d484dd9314008ef72e7f34d04ca07214
603,112062,1,train,1512427/brainTumorDataPublic_1-766/603.mat,data/processed/samples/603.npz,512,512,2272,133,187,354,411,54,57,57,a1a1df0e59d30ed5f531e60c80a2ad915502aae99482c93302a71332f96d0bdd
604,112062,1,train,1512427/brainTumorDataPublic_1-766/604.mat,data/processed/samples/604.npz,512,512,3429,122,191,348,415,69,67,69,794ca762a485d303884cc3752ea87093f9864319968cc78a711fb7bcdec3ee97
605,112062,1,train,1512427/brainTumorDataPublic_1-766/605.mat,data/processed/samples/605.npz,512,512,2594,123,181,349,409,58,60,60,4d9f3cf0beb32623c4662ed9068524eef0b05f04856241bec2b80d170f2823bf
606,112252,1,test,1512427/brainTumorDataPublic_1-766/606.mat,data/processed/samples/606.npz,512,512,1723,98,144,243,288,46,45,46,baf4e8394de1c0295eb3a1a3a6b8ab50edd6330de83ad2b4799658d7b13564a3
607,112252,1,test,1512427/brainTumorDataPublic_1-766/607.mat,data/processed/samples/607.npz,512,512,1354,99,139,246,288,40,42,42,250643200c9dc54291894a861e1e90f11cd38cc070839c8935b7e204387e775d
608,112552,1,val,1512427/brainTumorDataPublic_1-766/608.mat,data/processed/samples/608.npz,512,512,10292,84,200,163,280,116,117,117,d86f1c89c3eb2e84dbe83a662e00d6b83c63199c1b97a4234e31fdca785fffbb
609,112552,1,val,1512427/brainTumorDataPublic_1-766/609.mat,data/processed/samples/609.npz,512,512,11843,82,203,151,283,121,132,132,0e8d01f94eaf205f77fac4ce1c374715d6648307bb4ecf95158155e8bf52282c
610,112552,1,val,1512427/brainTumorDataPublic_1-766/610.mat,data/processed/samples/610.npz,512,512,12946,89,200,137,288,111,151,151,97716c580a0cd39113a6f2afd5e0fd31e7d5ce76fe6fbee2f169460fc16392c9
611,112552,1,val,1512427/brainTumorDataPublic_1-766/611.mat,data/processed/samples/611.npz,512,512,13060,95,205,133,292,110,159,159,3836abd51f3904f36d174feab9a1be3a0cc6086a16ec197919cf62d5ed1f0d69
612,112552,1,val,1512427/brainTumorDataPublic_1-766/612.mat,data/processed/samples/612.npz,512,512,11331,106,212,128,282,106,154,154,13c5f5b5eb1a83447f6e87271c4ecaccc39da7d23096de19895c51180b8db4f5
613,112552,1,val,1512427/brainTumorDataPublic_1-766/613.mat,data/processed/samples/613.npz,512,512,8244,121,219,147,270,98,123,123,94b0185fed9f1339ccc4bde3e85cb0b0b0bc49558fd7b563b0abc8c4f8cd6391
614,112552,1,val,1512427/brainTumorDataPublic_1-766/614.mat,data/processed/samples/614.npz,512,512,3956,134,203,160,253,69,93,93,22029d6e7d1695686c6a1652dfe7aa2374f733bf4b749f7c031754b323550e81
615,112648,1,train,1512427/brainTumorDataPublic_1-766/615.mat,data/processed/samples/615.npz,512,512,2455,298,364,294,353,66,59,66,484d7332f4128f8044b2a48af32c5c7a14209e3b12d825034dd66b62d70ef074
616,112648,1,train,1512427/brainTumorDataPublic_1-766/616.mat,data/processed/samples/616.npz,512,512,3285,307,373,286,352,66,66,66,07ba7550388be48bd42a4966e75b06f48de98920c24ac893a74a046eb459a86c
617,112648,1,train,1512427/brainTumorDataPublic_1-766/617.mat,data/processed/samples/617.npz,512,512,2680,305,361,286,347,56,61,61,f02d52b96a5959548081425e097bb769cc47d7be67ccb1ee8cb5818834db103c
618,112648,1,train,1512427/brainTumorDataPublic_1-766/618.mat,data/processed/samples/618.npz,512,512,1671,309,356,293,338,47,45,47,18e008dc7de07e3b8b7877da128907f142b1bc96cb28baedb2668085d332e74b
619,112650,1,train,1512427/brainTumorDataPublic_1-766/619.mat,data/processed/samples/619.npz,512,512,3509,230,302,148,214,72,66,72,137b48fd73466f854fe81a7ee452cfbea06b298f6c9b7d9c6dc811c54b20505f
620,112650,1,train,1512427/brainTumorDataPublic_1-766/620.mat,data/processed/samples/620.npz,512,512,3187,240,302,152,218,62,66,66,f7f5e9a6c224997a2d156a85c2cab73c860386989abb9c081a0060cc5f75969c
621,113098,1,train,1512427/brainTumorDataPublic_1-766/621.mat,data/processed/samples/621.npz,512,512,5448,225,310,174,274,85,100,100,653a2d5b20c1c72dce2608e18642b000d2fa5e185941bf16b35cf0e05e042961
622,113098,1,train,1512427/brainTumorDataPublic_1-766/622.mat,data/processed/samples/622.npz,512,512,6318,225,316,179,282,91,103,103,7160472bc8b00f83d28c7216b550f3c371e1f5b999c087bac4a72f2d863876aa
623,113098,1,train,1512427/brainTumorDataPublic_1-766/623.mat,data/processed/samples/623.npz,512,512,7168,224,322,170,278,98,108,108,599d80f81ac7401ac11a9265cee8d0ec2ae23aa0cfb2078ec6d0e0bfcf55c3bf
624,113098,1,train,1512427/brainTumorDataPublic_1-766/624.mat,data/processed/samples/624.npz,512,512,4723,234,321,179,251,87,72,87,f78e94085303f37db04a74e2b5fbf29b39d4b2325ad5323a8f1646ad294df989
625,113435,1,train,1512427/brainTumorDataPublic_1-766/625.mat,data/processed/samples/625.npz,512,512,8054,134,228,266,383,94,117,117,19ed25b08cb7d24e643c1802d38fe868ad9bddc741a2e8f4f9caac9a97b8fc1e
626,113435,1,train,1512427/brainTumorDataPublic_1-766/626.mat,data/processed/samples/626.npz,512,512,12692,124,237,247,394,113,147,147,8170f17c5c654f5ffabb77c7aacffa83cfe60e5f5a4b561b485cd9e66a90613f
627,113435,1,train,1512427/brainTumorDataPublic_1-766/627.mat,data/processed/samples/627.npz,512,512,15006,115,239,243,402,124,159,159,dd27a5c8f701aa6fd7da36440b5e974d41784baffa6eec12056ad737fd1495e0
628,113435,1,train,1512427/brainTumorDataPublic_1-766/628.mat,data/processed/samples/628.npz,512,512,15220,107,241,242,400,134,158,158,b07381f52537e0c5f96660c669ce8addb1c2d6bb532835fa37a8188521804a80
629,113435,1,train,1512427/brainTumorDataPublic_1-766/629.mat,data/processed/samples/629.npz,512,512,12892,124,246,243,389,122,146,146,9c342bd2bea030dc70f2026cd81d2ce6a62cd45cc63dcbd52ad51492183e5be8
630,113435,1,train,1512427/brainTumorDataPublic_1-766/630.mat,data/processed/samples/630.npz,512,512,5911,143,224,246,356,81,110,110,0335b41cbdff661f6b5aa2f80b5417c0281884b709f4733aecc272ac22917553
631,113554,1,train,1512427/brainTumorDataPublic_1-766/631.mat,data/processed/samples/631.npz,512,512,1813,146,193,264,310,47,46,47,74170b1c62e430aac46980fb72ff74f0b5658cad7141d8ce03de00c7d797b0a5
632,113554,1,train,1512427/brainTumorDataPublic_1-766/632.mat,data/processed/samples/632.npz,512,512,2648,145,197,260,324,52,64,64,c3dd7f48b705dd4a38ae0b40d343bb3c5c6a495d123ce4bfd54a3e97be0b9b18
633,113554,1,train,1512427/brainTumorDataPublic_1-766/633.mat,data/processed/samples/633.npz,512,512,2283,142,193,264,322,51,58,58,230a985dc104c992ee7950a0769245c4297d1206f1f8fbac6a3ccdea0acf9442
634,113554,1,train,1512427/brainTumorDataPublic_1-766/634.mat,data/processed/samples/634.npz,512,512,1431,145,189,268,307,44,39,44,a302072de5be57a5f33a8d9927cfbba2f66ebb1cc17cc9ce2784d62c5ff63a5e
635,113614,1,train,1512427/brainTumorDataPublic_1-766/635.mat,data/processed/samples/635.npz,512,512,4338,196,269,249,321,73,72,73,9f9198af570210078644eb8ff7f3059aefaf274d61b682e12e221622d8ca0df6
636,113614,1,train,1512427/brainTumorDataPublic_1-766/636.mat,data/processed/samples/636.npz,512,512,5850,188,275,244,328,87,84,87,07093b9920141a46e048a228d023df127741f3e4881adfbee89e33de1f0aea26
637,113614,1,train,1512427/brainTumorDataPublic_1-766/637.mat,data/processed/samples/637.npz,512,512,6594,186,276,235,331,90,96,96,7a8178eb31107db8ce247aeadacab0cfe41eebc438e9a4640a68203cec0ff9bb
638,113614,1,train,1512427/brainTumorDataPublic_1-766/638.mat,data/processed/samples/638.npz,512,512,6175,185,272,239,333,87,94,94,49031994d35fab8d73cfb391098465d95b4fa6a87aed5eb4b194096b78362eff
639,113805,1,train,1512427/brainTumorDataPublic_1-766/639.mat,data/processed/samples/639.npz,512,512,516,129,153,183,211,24,28,28,813c7619d0d2a9b798382a93fb18f64329b86a46f492a9c6d534d4739589bee5
640,113971,1,train,1512427/brainTumorDataPublic_1-766/640.mat,data/processed/samples/640.npz,512,512,1156,110,145,353,396,35,43,43,993b3a70846b96494bd307c4c89ede328125f6548edc42fc7a3dbb072e3db18f
641,113971,1,train,1512427/brainTumorDataPublic_1-766/641.mat,data/processed/samples/641.npz,512,512,1125,107,144,356,396,37,40,40,b1957356e8c80a7c3bedcbf887c4a94ca51247ffec9e37e9545e5612a11c5b39
642,114018,1,train,1512427/brainTumorDataPublic_1-766/642.mat,data/processed/samples/642.npz,512,512,2436,239,288,220,283,49,63,63,a61582df277350033585918eaf899480b34ab330c820bf23e58fd423246cf3a1
643,114018,1,train,1512427/brainTumorDataPublic_1-766/643.mat,data/processed/samples/643.npz,512,512,3606,234,298,214,288,64,74,74,5bfda3eba8e7c6fc846c0c10816ba4395b76487e5c1a6bbd17af53626339302d
644,114018,1,train,1512427/brainTumorDataPublic_1-766/644.mat,data/processed/samples/644.npz,512,512,5639,229,322,215,303,93,88,93,51906148559cc4d1b94e99f612e076e7a8869749975224b91277946b472f550a
645,114018,1,train,1512427/brainTumorDataPublic_1-766/645.mat,data/processed/samples/645.npz,512,512,5662,234,329,219,303,95,84,95,8fbb24ec61e82ecaa12c8eade6fbefd637117f3760d36e51535923270f0b734e
646,114018,1,train,1512427/brainTumorDataPublic_1-766/646.mat,data/processed/samples/646.npz,512,512,6970,241,330,207,302,89,95,95,4d529fec50d049c0a3e0989a82528b0096c87a9b1bed75575014aaa160ec5134
647,114018,1,train,1512427/brainTumorDataPublic_1-766/647.mat,data/processed/samples/647.npz,512,512,4103,245,323,216,291,78,75,78,7a6a03fc8493055e9c7f9955cb1d4db5e2733a1c6af2b2607c4c53ccfabf6937
648,114359,1,test,1512427/brainTumorDataPublic_1-766/648.mat,data/processed/samples/648.npz,512,512,4551,170,246,168,253,76,85,85,76e47164d4b7d2ebd22107a4ea9ce8f7e4f933e5aa838494814953c6ba6aabc1
649,114359,1,test,1512427/brainTumorDataPublic_1-766/649.mat,data/processed/samples/649.npz,512,512,7122,160,251,155,259,91,104,104,2fa61c0c530b81a6993bbf1d0a5d4b4fd4fd460003bb7702010a2353d3e33cc7
650,114359,1,test,1512427/brainTumorDataPublic_1-766/650.mat,data/processed/samples/650.npz,512,512,9208,148,253,145,267,105,122,122,d6e0bd8745179479a94bdf3f7aed67f4718643f7ced1d15b49b86b9acce72330
651,114359,1,test,1512427/brainTumorDataPublic_1-766/651.mat,data/processed/samples/651.npz,512,512,9538,142,248,147,266,106,119,119,4827421a9fbf0cf8047fcfdc14bebfeaf5374bec149a8f3eb6e8c751d35f660e
652,114359,1,test,1512427/brainTumorDataPublic_1-766/652.mat,data/processed/samples/652.npz,512,512,8136,142,243,158,264,101,106,106,f47f0a6f4bbacbd0a2e9c0995eaaa0ed3434025cf1644739d95a24207cbb137c
653,114359,1,test,1512427/brainTumorDataPublic_1-766/653.mat,data/processed/samples/653.npz,512,512,6830,143,231,163,259,88,96,96,60a5adcd67645cd8c6b6665bed70d26bb8c0f9802b8886277b999ff354214a0c
654,114359,1,test,1512427/brainTumorDataPublic_1-766/654.mat,data/processed/samples/654.npz,512,512,4998,146,222,170,256,76,86,86,fa42da37ba2363058f99cc1b7bdeb649c5142066dcb3394f6c02da54d2279b62
655,114417,1,test,1512427/brainTumorDataPublic_1-766/655.mat,data/processed/samples/655.npz,512,512,2770,159,219,312,366,60,54,60,98a1a1245fb327f48387188db8dc6022a37927c316e5459de2763baf103cbf71
656,114417,1,test,1512427/brainTumorDataPublic_1-766/656.mat,data/processed/samples/656.npz,512,512,3847,153,224,305,371,71,66,71,98397b10428055ae09c0642885424ebd36908a21dcdf720eb526d9b6f291db8a
657,114417,1,test,1512427/brainTumorDataPublic_1-766/657.mat,data/processed/samples/657.npz,512,512,6054,145,227,302,400,82,98,98,8f660082582caab311fdbf397e0acfed581fb09fadae69617a9d258a044ae5b5
658,114417,1,test,1512427/brainTumorDataPublic_1-766/658.mat,data/processed/samples/658.npz,512,512,4664,145,214,309,397,69,88,88,9ae1d5c2278fa73191f0f466fad3cec451164ebe8510db3d9f2fdc856724ccd6
659,97374,1,train,1512427/brainTumorDataPublic_1-766/659.mat,data/processed/samples/659.npz,512,512,7161,280,366,285,396,86,111,111,eec8c7fd427e8479c9ec95121309c6c073edca9d4409cfb06f230ad0c0fc2ebd
660,97374,1,train,1512427/brainTumorDataPublic_1-766/660.mat,data/processed/samples/660.npz,512,512,9802,272,377,280,404,105,124,124,8ee428aebcdba0de61c493716b2de9c8baa6d8378260f0162f1596788928d228
661,97374,1,train,1512427/brainTumorDataPublic_1-766/661.mat,data/processed/samples/661.npz,512,512,9782,274,378,283,399,104,116,116,898d164d6a021ed3008e5e3af8204bb437c67c48649f1d9ce1d49a95860038f3
662,97374,1,train,1512427/brainTumorDataPublic_1-766/662.mat,data/processed/samples/662.npz,512,512,7729,281,376,288,396,95,108,108,830db9734d4cfda6af26dac9ad8b7d0a7a6d268b1d3bffbaf971251b7f566f96
663,97374,1,train,1512427/brainTumorDataPublic_1-766/663.mat,data/processed/samples/663.npz,512,512,5888,286,369,292,387,83,95,95,288be88627e5ed83dd21903dc90dab723ef2665984f7086135eef80f56bff7d1
664,97607,1,val,1512427/brainTumorDataPublic_1-766/664.mat,data/processed/samples/664.npz,512,512,3771,117,186,303,375,69,72,72,cd12ec25f39740b1e63e5391cc6a72f14f935d407f5b78990a16d2bb2e57c54d
665,97607,1,val,1512427/brainTumorDataPublic_1-766/665.mat,data/processed/samples/665.npz,512,512,4595,112,191,303,379,79,76,79,51f3fa6d1b2b189837a093362a995cfbc34f529d226b710149d285406b8ebdd9
666,97607,1,val,1512427/brainTumorDataPublic_1-766/666.mat,data/processed/samples/666.npz,512,512,4204,115,189,303,377,74,74,74,428d7266abe23c26e38ba9829a6adabfd4a055997649a704fd4853ed8d41509e
667,97607,1,val,1512427/brainTumorDataPublic_1-766/667.mat,data/processed/samples/667.npz,512,512,2862,117,178,307,366,61,59,61,c4439d5913aff086d6a91821553bd05f9ec1132a1330c9400bcac9dfe68b2987
668,97737,1,train,1512427/brainTumorDataPublic_1-766/668.mat,data/processed/samples/668.npz,512,512,3322,70,135,275,343,65,68,68,f76cc86bf6cf2828ad1ecda3f0224bff8de9acb7ccebb105851cfe9bb5b63a2d
669,97737,1,train,1512427/brainTumorDataPublic_1-766/669.mat,data/processed/samples/669.npz,512,512,4297,64,138,271,348,74,77,77,c9a9692a2078e46b85fb1a1d08a94e9ba6a848fe46539460547ff230a2e5b515
670,97737,1,train,1512427/brainTumorDataPublic_1-766/670.mat,data/processed/samples/670.npz,512,512,4599,60,141,275,352,81,77,81,d3ac59157c258eca862bac318bf9313991325d04e324d1b15e4a0afd6c1af48a
671,97737,1,train,1512427/brainTumorDataPublic_1-766/671.mat,data/processed/samples/671.npz,512,512,4310,62,140,276,348,78,72,78,cb63e45316973b8ada8120c28ffcc7a69707ab9060e8f41c2af5aff9d1782b9c
672,97737,1,train,1512427/brainTumorDataPublic_1-766/672.mat,data/processed/samples/672.npz,512,512,3127,70,132,279,341,62,62,62,934777a46f536c74092acf8a1989bcf28241e4373ec6d5a6864517511f999c2b
673,97793,1,val,1512427/brainTumorDataPublic_1-766/673.mat,data/processed/samples/673.npz,512,512,748,247,276,279,311,29,32,32,b91c889253453ab264391b5c4cec21efecc5e152f346bab464e42e9e8155b6c4
674,97875,1,train,1512427/brainTumorDataPublic_1-766/674.mat,data/processed/samples/674.npz,512,512,1503,254,290,183,237,36,54,54,afc6acf72bea4fa87e650950e54e88e28083d6f4ddbfe8d1b6e71591388ea711
675,97943,1,train,1512427/brainTumorDataPublic_1-766/675.mat,data/processed/samples/675.npz,512,512,3130,243,322,345,408,79,63,79,2acd72d92f5f510acdc0f8c83252fa058f4908b976a55877c294550a9c61ecbf
676,97943,1,train,1512427/brainTumorDataPublic_1-766/676.mat,data/processed/samples/676.npz,512,512,5168,239,329,339,422,90,83,90,243f598aaa5915fa8695990a5cabad38c67504c80a5ab6e79cb22551cc843d14
677,97943,1,train,1512427/brainTumorDataPublic_1-766/677.mat,data/processed/samples/677.npz,512,512,5409,239,331,336,429,92,93,93,0b76d11333ef00249c7ca2201aa8b43c78ab9a7e037cf147fe63e9335fc4b343
678,97943,1,train,1512427/brainTumorDataPublic_1-766/678.mat,data/processed/samples/678.npz,512,512,5045,240,330,337,425,90,88,90,0124c61966c62abef566d55781de23c5995de2d0873db6ec9f02d9d66dcdc428
679,97943,1,train,1512427/brainTumorDataPublic_1-766/679.mat,data/processed/samples/679.npz,512,512,2772,251,311,346,405,60,59,60,4323edce3d99cf896b435eee01ef89e131db67aaea312577f2c1379beaf0880c
680,98241,1,train,1512427/brainTumorDataPublic_1-766/680.mat,data/processed/samples/680.npz,512,512,8510,76,163,240,370,87,130,130,7b0e8ab919406ecaac2e6809ccfe95a673bfba04ad5437e9238421b0dbb8e29a
681,98241,1,train,1512427/brainTumorDataPublic_1-766/681.mat,data/processed/samples/681.npz,512,512,9987,72,169,237,375,97,138,138,2a83fd99e511c95c3bc387dfd3e01025374d66ecd93491fa356fcb797e97294d
682,98241,1,train,1512427/brainTumorDataPublic_1-766/682.mat,data/processed/samples/682.npz,512,512,10893,67,166,234,374,99,140,140,202a38c9310ed9cee579db476c156943720170f490048b6d24b786293a058f6a
683,98241,1,train,1512427/brainTumorDataPublic_1-766/683.mat,data/processed/samples/683.npz,512,512,10774,57,161,240,376,104,136,136,1e84fa30c1368f0333057198a12b9fadaa709b5b3346421f6d21018a98312067
684,98241,1,train,1512427/brainTumorDataPublic_1-766/684.mat,data/processed/samples/684.npz,512,512,10033,54,157,243,370,103,127,127,364386417a75a9f42c48a933dae899cd9c2df6d6c5e17faa83b85a0f6b0f938b
685,98241,1,train,1512427/brainTumorDataPublic_1-766/685.mat,data/processed/samples/685.npz,512,512,6578,56,135,258,361,79,103,103,21a67ad655e2138a6e421b98e57283dc31a237507760b0ea5d69035f7725b1f5
686,99017,1,val,1512427/brainTumorDataPublic_1-766/686.mat,data/processed/samples/686.npz,512,512,2536,301,357,308,368,56,60,60,852e97ef55b5dbca879e8e944e59128944c8f45276ac3ead18120740a70609e0
687,99017,1,val,1512427/brainTumorDataPublic_1-766/687.mat,data/processed/samples/687.npz,512,512,2198,303,349,308,368,46,60,60,d815cdd44847f8e7c4cd2bbfb6d672a927541e8deae0eb230d80fe7df1c45a67
688,99089,1,test,1512427/brainTumorDataPublic_1-766/688.mat,data/processed/samples/688.npz,512,512,2254,94,148,181,236,54,55,55,be5ecf2efd69cd3cbe53d080ab2172a7a29a1a208057e87a16c270ca695ca375
689,99089,1,test,1512427/brainTumorDataPublic_1-766/689.mat,data/processed/samples/689.npz,512,512,2951,90,153,172,239,63,67,67,5d3c51e2b3430c4da606c21cd2103dc9e6a94b0acd49c5a311ea40d4aafc6827
690,99089,1,test,1512427/brainTumorDataPublic_1-766/690.mat,data/processed/samples/690.npz,512,512,3046,92,153,170,238,61,68,68,327215c394d2e9f4eddf63af3a4f25198a8800e80073692e4118a56806d522ef
691,99089,1,test,1512427/brainTumorDataPublic_1-766/691.mat,data/processed/samples/691.npz,512,512,2498,98,153,173,232,55,59,59,bba904c39de3958af78a22dadfc51a0719942c11147e06763a4645e3507844fa
692,99089,1,test,1512427/brainTumorDataPublic_1-766/692.mat,data/processed/samples/692.npz,512,512,1835,101,149,177,226,48,49,49,cbebf0eadc2ee90e30f8b699183a86346011d55cdb6f27e90c82aab87a147c5e
693,99162,1,train,1512427/brainTumorDataPublic_1-766/693.mat,data/processed/samples/693.npz,512,512,1300,127,170,152,191,43,39,43,db597befadfff717527657cf419ebd3aa7fd29b1bea71108da44493d0edbb485
694,99162,1,train,1512427/brainTumorDataPublic_1-766/694.mat,data/processed/samples/694.npz,512,512,3462,121,187,116,195,66,79,79,650f257cc937d658f8947a1f11451665d45466f86ca0769988600c4290ad9d57
695,99162,1,train,1512427/brainTumorDataPublic_1-766/695.mat,data/processed/samples/695.npz,512,512,1990,138,188,119,173,50,54,54,5aeb3e2e942c87a71a34ae2eb63ced24d9489e49aae753a7a88dc976eaafedb5
696,99288,1,train,1512427/brainTumorDataPublic_1-766/696.mat,data/processed/samples/696.npz,512,512,436,116,143,367,389,27,22,27,91f3ecb40eba7a01c534abece2caafcaca00f58c372c973c4641ae41807fb815
697,99308,1,train,1512427/brainTumorDataPublic_1-766/697.mat,data/processed/samples/697.npz,512,512,6871,73,168,287,390,95,103,103,8220b4fe9c496e9a62b541ac969e819a6cf0916504de6aaa1439418c038bf5aa
698,99308,1,train,1512427/brainTumorDataPublic_1-766/698.mat,data/processed/samples/698.npz,512,512,8920,65,171,284,398,106,114,114,56aa2a466f14e9df3809cbcdea758df43ddefb2f55881193b94f5531e1ad3a27
699,99308,1,train,1512427/brainTumorDataPublic_1-766/699.mat,data/processed/samples/699.npz,512,512,8575,69,170,286,399,101,113,113,12313947226f17176df71de8ea7fcff14f7a540264c4a50471c0b68f230cc45d
700,99308,1,train,1512427/brainTumorDataPublic_1-766/700.mat,data/processed/samples/700.npz,512,512,5878,80,166,299,399,86,100,100,b4b79e28da15cfe587ffd80d6bdf1b4ab7609efdd1d1358b498747a63efa26e0
701,99308,1,train,1512427/brainTumorDataPublic_1-766/701.mat,data/processed/samples/701.npz,512,512,4841,89,167,299,393,78,94,94,653a3d4732e3eec95e70855f7471d47d0b054c538c5f001739a8b8bbddc3433d
702,99308,1,train,1512427/brainTumorDataPublic_1-766/702.mat,data/processed/samples/702.npz,512,512,3269,105,169,319,387,64,68,68,50e6fbe694282484d6ba1ac8d4ed2cf4d324a6e9bc71c3595944a70e93ee89c3
703,99815,1,train,1512427/brainTumorDataPublic_1-766/703.mat,data/processed/samples/703.npz,512,512,4804,149,232,307,383,83,76,83,f687b7b6c0e4a476a1778d3530862c625a78c5652530ecd82d51f4b0d946c743
704,99815,1,train,1512427/brainTumorDataPublic_1-766/704.mat,data/processed/samples/704.npz,512,512,6750,146,243,300,392,97,92,97,a4af189a1b9c19f4a09704b15878ef1e8c51d35566a6a7623f025bb562f536e2
705,99815,1,train,1512427/brainTumorDataPublic_1-766/705.mat,data/processed/samples/705.npz,512,512,7409,144,245,299,395,101,96,101,624b5aa4c6a771b804caa830cf785ef9fa44ab8a299c08c2b24f0aa66058dbf4
706,99815,1,train,1512427/brainTumorDataPublic_1-766/706.mat,data/processed/samples/706.npz,512,512,7440,144,247,305,396,103,91,103,7e9bfc17db926957c603173466cbe5d40346d9440936ea1eac215e5160c55628
707,99815,1,train,1512427/brainTumorDataPublic_1-766/707.mat,data/processed/samples/707.npz,512,512,8869,148,270,287,387,122,100,122,85b1305a490be4e9c00c6c7b429b278311d58d0026a6d4c4ee76e9ea01ae833a
708,99815,1,train,1512427/brainTumorDataPublic_1-766/708.mat,data/processed/samples/708.npz,512,512,9758,160,273,274,395,113,121,121,db138680de0a5bcbbc5c5ddd9cf8709a9430054d2a75334cae41913871907008
709,105936,3,train,1512427/brainTumorDataPublic_1-766/709.mat,data/processed/samples/709.npz,512,512,1343,164,213,211,256,49,45,49,3dee55e1f1905fcf68fd19d0bf887902a2347b9a9f4f88ec72fe98f0061d87bc
710,105936,3,train,1512427/brainTumorDataPublic_1-766/710.mat,data/processed/samples/710.npz,512,512,2314,161,213,212,272,52,60,60,0329180db6cad16e5db38c5e722a4872a7055a673fafb9ffa475d3409241440a
711,105936,3,train,1512427/brainTumorDataPublic_1-766/711.mat,data/processed/samples/711.npz,512,512,2496,163,203,216,294,40,78,78,1f5c7387e7f1212219dc9b6a3a35e0b999abe31c675bcc661d007ce0bef9f407
712,106062,3,val,1512427/brainTumorDataPublic_1-766/712.mat,data/processed/samples/712.npz,512,512,2671,158,209,211,283,51,72,72,32df55ed2033add736c286ee49fbd112882e1c7f3f1f095e7c600167f70e4915
713,106062,3,val,1512427/brainTumorDataPublic_1-766/713.mat,data/processed/samples/713.npz,512,512,2935,159,218,222,283,59,61,61,420001e8f0afc38d28042b8c2b45036436d238b02e36ed41b73e358c0cd3cc88
714,106062,3,val,1512427/brainTumorDataPublic_1-766/714.mat,data/processed/samples/714.npz,512,512,2701,159,218,224,283,59,59,59,add412a25b5421f9e3551af83880443f660b84e53b6f98a2b70ecca1bb9cf3fb
715,100820,2,val,1512427/brainTumorDataPublic_1-766/715.mat,data/processed/samples/715.npz,512,512,9877,94,225,152,272,131,120,131,d95a5a595d5caeb3179b8a61d4793007899498604ed4385e7b778900523b5567
716,100820,2,val,1512427/brainTumorDataPublic_1-766/716.mat,data/processed/samples/716.npz,512,512,10963,74,245,149,262,171,113,171,dd1226cbd9196780d5a907af61f1d074886078ee49127f3ae8fe6b4e7bb924e7
717,100820,2,val,1512427/brainTumorDataPublic_1-766/717.mat,data/processed/samples/717.npz,512,512,12811,91,277,156,264,186,108,186,28b5fd3c5770bc26e989e0d02563f48ae82974254f6148291c13e01d1fe0b10c
718,101020,2,train,1512427/brainTumorDataPublic_1-766/718.mat,data/processed/samples/718.npz,512,512,5664,290,400,295,373,110,78,110,7000ed71b8bffb03d825d7bab37c715c3382c441994db8f929f935ba1763db9a
719,101020,2,train,1512427/brainTumorDataPublic_1-766/719.mat,data/processed/samples/719.npz,512,512,6289,285,391,290,366,106,76,106,506c074a12bdff9ba2e23892487cd176f6d2b0858bac596af8a2c21753397e7b
720,101020,2,train,1512427/brainTumorDataPublic_1-766/720.mat,data/processed/samples/720.npz,512,512,6452,281,392,282,364,111,82,111,14a4b6ed8b25ab69d6910d1a67bbffe931b76fbd99ac752341ff22814fb2df23
721,101020,2,train,1512427/brainTumorDataPublic_1-766/721.mat,data/processed/samples/721.npz,512,512,9473,236,410,212,384,174,172,174,f104df3aa76f1a276180b18fd316fa79be6835e3b17738a176de1d4c7906d6b5
722,102075,2,train,1512427/brainTumorDataPublic_1-766/722.mat,data/processed/samples/722.npz,512,512,1420,304,351,132,172,47,40,47,a641c5f2d2f6c2177e7344d7f044af316449dc380ce0e6467f4fc02783a1d194
723,102075,2,train,1512427/brainTumorDataPublic_1-766/723.mat,data/processed/samples/723.npz,512,512,1990,299,352,127,175,53,48,53,2495ee40889004bac5eebc57d105a7f9913ec03663b06ad4b9943e98203259f2
724,102075,2,train,1512427/brainTumorDataPublic_1-766/724.mat,data/processed/samples/724.npz,512,512,1624,302,349,130,175,47,45,47,e4efee3b2e28442441a344727644bca64f1bcf6c7cff68576b23e702bef935b4
725,103148,2,val,1512427/brainTumorDataPublic_1-766/725.mat,data/processed/samples/725.npz,512,512,3896,220,284,167,250,64,83,83,be7eb005508a58532b4da9d4cc750a36cbc2643478596ca18b70e94936cb0479
726,103148,2,val,1512427/brainTumorDataPublic_1-766/726.mat,data/processed/samples/726.npz,512,512,5097,204,279,166,255,75,89,89,7797e20c8366c54b81c9ae3eabf9ee1af06a8b13bfcd210ecd1219be7bfc8ad5
727,103148,2,val,1512427/brainTumorDataPublic_1-766/727.mat,data/processed/samples/727.npz,512,512,4159,214,276,181,275,62,94,94,dd7f179aa6f529012350d0c4403bd57bd36d72465f041c601e5ec987e6c15927
728,103148,2,val,1512427/brainTumorDataPublic_1-766/728.mat,data/processed/samples/728.npz,512,512,9491,175,307,177,275,132,98,132,bed761f9325c1739e6ab22386c5638dedc907c2f49a0257ccc7d6a0a56086b53
729,106494,2,train,1512427/brainTumorDataPublic_1-766/729.mat,data/processed/samples/729.npz,512,512,2684,244,312,136,202,68,66,68,c57da58530306d60943c55a87ca381e7cdaa497e221e2019bbddccee50593cd0
730,106494,2,train,1512427/brainTumorDataPublic_1-766/730.mat,data/processed/samples/730.npz,512,512,5031,239,325,125,229,86,104,104,43ddfb760d94aed78d9968050f18fd262e2829ff5481fda9abefdd72485d9114
731,106494,2,train,1512427/brainTumorDataPublic_1-766/731.mat,data/processed/samples/731.npz,512,512,6412,238,330,121,248,92,127,127,b3a47d2afd4fe7c2e9975c4b541b32f72d50ed6027f372987e87a5525fdd5137
732,106494,2,train,1512427/brainTumorDataPublic_1-766/732.mat,data/processed/samples/732.npz,512,512,6165,235,330,129,256,95,127,127,d19b3e747fc50721b95d1729df1cd5a2704e5961062450c39466ccbcf3df6a82
733,106494,2,train,1512427/brainTumorDataPublic_1-766/733.mat,data/processed/samples/733.npz,512,512,3673,241,332,137,226,91,89,91,eb8801b9318eb424beb7cbb644ea4644c622da85e4c52a73e5dd033cc5934c92
734,106494,2,train,1512427/brainTumorDataPublic_1-766/734.mat,data/processed/samples/734.npz,512,512,2069,258,341,164,210,83,46,83,f59d8a023e856a66ef04f159e39c01dc40b9bef1b83b61c1c43fa7ea09000baf
735,107747,2,train,1512427/brainTumorDataPublic_1-766/735.mat,data/processed/samples/735.npz,512,512,3329,225,304,263,320,79,57,79,cae1d68cf081045ffc8835139c60630dfd42d23200a5219b01a11efa16bcac93
736,107747,2,train,1512427/brainTumorDataPublic_1-766/736.mat,data/processed/samples/736.npz,512,512,6459,214,325,255,349,111,94,111,c899d12781b426fcfd2ae7d0a22ebeae88b7872a3e0cdfabca981490ee221f05
737,107747,2,train,1512427/brainTumorDataPublic_1-766/737.mat,data/processed/samples/737.npz,512,512,7230,212,331,254,340,119,86,119,ece9a9d246cbe3c4d52c8f6c8dd39651d60ff44ff4bf46a84e90027f327b841d
738,107747,2,train,1512427/brainTumorDataPublic_1-766/738.mat,data/processed/samples/738.npz,512,512,7535,212,329,250,340,117,90,117,7a05b96e2bc7952564e4af80f4cb641c9c091f4f05af75a20ac82838d4457610
739,107747,2,train,1512427/brainTumorDataPublic_1-766/739.mat,data/processed/samples/739.npz,512,512,4537,227,315,253,320,88,67,88,e4b9bfb015b41811b4fd468ed8c3aba298ab89f103658967f02c0554411b4bd2
740,112105,2,train,1512427/brainTumorDataPublic_1-766/740.mat,data/processed/samples/740.npz,512,512,12349,181,342,278,382,161,104,161,d12d83adbd56c164b91ecb6f57092e42527d5a10aaa73021221639d82a887b31
741,112105,2,train,1512427/brainTumorDataPublic_1-766/741.mat,data/processed/samples/741.npz,512,512,15377,143,309,245,372,166,127,166,3aecd4ba674b2c7c0cb8fea3f5b58de4850a12e5a80933ca37bb47fc065bbb7d
742,112105,2,train,1512427/brainTumorDataPublic_1-766/742.mat,data/processed/samples/742.npz,512,512,18548,156,337,244,375,181,131,181,526682fdab4fb66c287cbc1be00976fd0e58ead4835d7d328e017dc4ecc3858a
743,112105,2,train,1512427/brainTumorDataPublic_1-766/743.mat,data/processed/samples/743.npz,512,512,19296,160,350,249,379,190,130,190,8029dc7a96d30bf56e4e8043b7c938e936863d42f234f88d5b611c2235dafd52
744,112105,2,train,1512427/brainTumorDataPublic_1-766/744.mat,data/processed/samples/744.npz,512,512,17155,165,344,256,374,179,118,179,e5d37e73ddc4c67cd45912aad60587346f4c18518577f714b59c6a3878f36787
745,112105,2,train,1512427/brainTumorDataPublic_1-766/745.mat,data/processed/samples/745.npz,512,512,14317,166,338,264,379,172,115,172,341a74ccb4a18089cf7e99531276e081da4e3a8906b3f2d069a951391be08584
746,112105,2,train,1512427/brainTumorDataPublic_1-766/746.mat,data/processed/samples/746.npz,512,512,10172,181,322,283,378,141,95,141,b9287f86468e5b302d51db3816f6cf825e7108f2522d5064619057411c234056
747,100820,2,val,1512427/brainTumorDataPublic_1-766/747.mat,data/processed/samples/747.npz,512,512,11691,127,271,136,273,144,137,144,860c04e91a73df61542634b4920b2db88edef5a9c8d80cfa2c562712a0731262
748,100820,2,val,1512427/brainTumorDataPublic_1-766/748.mat,data/processed/samples/748.npz,512,512,14309,119,276,131,268,157,137,157,b4dc8353e00d6b1301957eec736a76ac349f801d43fbd246f7c65789dee5e26f
749,100820,2,val,1512427/brainTumorDataPublic_1-766/749.mat,data/processed/samples/749.npz,512,512,10601,116,251,136,278,135,142,142,b7895a7ac4ddd8b372a7aa39c280df2d84e2c6e82274c3b8dfb97b51cc0fead3
750,100820,2,val,1512427/brainTumorDataPublic_1-766/750.mat,data/processed/samples/750.npz,512,512,10427,107,245,136,270,138,134,138,536bd63bb9266a83f264aa4ea82180726488e1dbc1e6be6600c69f75c118f371
751,100820,2,val,1512427/brainTumorDataPublic_1-766/751.mat,data/processed/samples/751.npz,512,512,10608,106,254,138,274,148,136,148,f4a3703ea97713bada7bd4ae442641f5e40d54878edafb76c1fa5d3ada6c061b
752,100820,2,val,1512427/brainTumorDataPublic_1-766/752.mat,data/processed/samples/752.npz,512,512,10428,99,256,127,263,157,136,157,ee40855d70f3e4f0fa97ce25c8b485efab752b0af75fda06c6ceb5847fc2775b
753,101020,2,train,1512427/brainTumorDataPublic_1-766/753.mat,data/processed/samples/753.npz,512,512,2266,222,266,295,365,44,70,70,25bab97667a69110b9f4d43fd2cee524bad146b8ba6dd6430b6da115440316e2
754,101020,2,train,1512427/brainTumorDataPublic_1-766/754.mat,data/processed/samples/754.npz,512,512,6377,163,267,241,363,104,122,122,fc2287e2b97f809a4d4c26d6d4275d9d5adbc12a5130259f7a4d7f5a27cbc7cf
755,101020,2,train,1512427/brainTumorDataPublic_1-766/755.mat,data/processed/samples/755.npz,512,512,3634,205,279,288,366,74,78,78,f1284a65cbba65b771e9afa0e0598d2504691d837fbd233ebe724b55e2b371a1
756,101020,2,train,1512427/brainTumorDataPublic_1-766/756.mat,data/processed/samples/756.npz,512,512,3331,219,282,290,363,63,73,73,d6b8ec3f8fd546027aa31e09b4716e3733414bd11911c501ca58fac3d5d0a9ab
757,101020,2,train,1512427/brainTumorDataPublic_1-766/757.mat,data/processed/samples/757.npz,512,512,3238,218,279,293,364,61,71,71,ba6c8b51f1cdf3d529759ec4be6f60e7302a06ce606cf690af967a34c2b8e9f7
758,101020,2,train,1512427/brainTumorDataPublic_1-766/758.mat,data/processed/samples/758.npz,512,512,4614,201,277,291,370,76,79,79,60819fb4e6fd5c90ec7e444a40cffba2a6c01e23ed8c9e9e74c9c3dd7f918a59
759,101020,2,train,1512427/brainTumorDataPublic_1-766/759.mat,data/processed/samples/759.npz,512,512,5255,165,270,289,362,105,73,105,eacdaaf34e4f8e06dcfd011a009babed8f10d66729a9565c250d14098631a593
760,101020,2,train,1512427/brainTumorDataPublic_1-766/760.mat,data/processed/samples/760.npz,512,512,1453,134,182,256,294,48,38,48,403fba703ac5805a8094e2cfcba9eaeb1b953a4e4dc11ac4d3e62fe878423659
761,102075,2,train,1512427/brainTumorDataPublic_1-766/761.mat,data/processed/samples/761.npz,512,512,1505,226,264,122,172,38,50,50,7a8990c03c856c3ae45f1e498fe6edc453bcd6fff3618ef77a1e1fb0083d2d63
762,102075,2,train,1512427/brainTumorDataPublic_1-766/762.mat,data/processed/samples/762.npz,512,512,1874,224,272,123,173,48,50,50,bece5942da7d0147cc5f8f69bcb6c7c6d223a92b75e1734578fe318bc4dcfc47
763,102075,2,train,1512427/brainTumorDataPublic_1-766/763.mat,data/processed/samples/763.npz,512,512,1585,224,269,126,171,45,45,45,55a414002f890d86254de963414f702e2f99313f6c5e9769ed64ce380ae38eef
764,103148,2,val,1512427/brainTumorDataPublic_1-766/764.mat,data/processed/samples/764.npz,512,512,3682,233,295,171,255,62,84,84,6a44dbf4f3d7337bacbf95e88bf2c5f5c09a83ac263189b8f0130152890a5ccd
765,103148,2,val,1512427/brainTumorDataPublic_1-766/765.mat,data/processed/samples/765.npz,512,512,3211,230,289,179,252,59,73,73,35e8d7242ebcb6e2d07963e9b996ac8ec1d8ae73f20fc1b524348fe9f00923fd
766,103148,2,val,1512427/brainTumorDataPublic_1-766/766.mat,data/processed/samples/766.npz,512,512,4469,199,285,181,273,86,92,92,846fccfe29637c7029642adf5f231890e703e5c7f55d031211c3519a5397417e
767,103148,2,val,1512427/brainTumorDataPublic_767-1532/767.mat,data/processed/samples/767.npz,512,512,1871,233,279,185,245,46,60,60,bde28c28e9a67c3894c4ab939746eea9063288970da559eb7d68dd958a9665ea
768,106494,2,train,1512427/brainTumorDataPublic_767-1532/768.mat,data/processed/samples/768.npz,512,512,1421,199,271,162,188,72,26,72,0f69a7883cf9d44453fb4ca26bc8f3eef925d8191e6c5ac1ae153d9667d29671
769,106494,2,train,1512427/brainTumorDataPublic_767-1532/769.mat,data/processed/samples/769.npz,512,512,4873,189,276,123,237,87,114,114,97c9e0c00fd5668cbd3ad0c6eb38990d8c7cc84f9d00fe3a9dab352467013f45
770,106494,2,train,1512427/brainTumorDataPublic_767-1532/770.mat,data/processed/samples/770.npz,512,512,6927,175,274,124,246,99,122,122,aacfd6ef2d1683fad8d80bf01a27d02b59d780dcb3c0963525b984f20db1bd08
771,106494,2,train,1512427/brainTumorDataPublic_767-1532/771.mat,data/processed/samples/771.npz,512,512,5341,166,266,137,240,100,103,103,db115bb120d472b9ab616d53182726b9beb66acbc9ea659102b69db7cecd19a6
772,106494,2,train,1512427/brainTumorDataPublic_767-1532/772.mat,data/processed/samples/772.npz,512,512,2517,178,255,153,212,77,59,77,c5b50d4418a5b04e2cd7596ccc45a514355c990ba2174d2ef1a1da8d4b747c2c
773,107747,2,train,1512427/brainTumorDataPublic_767-1532/773.mat,data/processed/samples/773.npz,512,512,6284,114,207,251,357,93,106,106,5acaaa3a1d062474c6834b10832333a8e3f87b37d7c67fc5afdb5e638fd28a01
774,107747,2,train,1512427/brainTumorDataPublic_767-1532/774.mat,data/processed/samples/774.npz,512,512,4061,124,205,261,326,81,65,81,108b2f46daad7bc2977fa5949fb9f1e23f171748bb82c7703900a7a84efaec08
775,107747,2,train,1512427/brainTumorDataPublic_767-1532/775.mat,data/processed/samples/775.npz,512,512,5673,104,207,250,324,103,74,103,5c33c400556458b0dc160e8e2d9ac740a1e60752507b8b238995906274cceea7
776,107747,2,train,1512427/brainTumorDataPublic_767-1532/776.mat,data/processed/samples/776.npz,512,512,7223,105,206,245,342,101,97,101,1c87bce8d08b47f80368257afd41bc494acec09a91e4813d8ba3cf55a9efd7d3
777,107747,2,train,1512427/brainTumorDataPublic_767-1532/777.mat,data/processed/samples/777.npz,512,512,2517,132,197,262,312,65,50,65,0eeea29fe8ef2cf196b582e260f942cfb74dd199bff42e6059a9536c0c91aa99
778,107747,2,train,1512427/brainTumorDataPublic_767-1532/778.mat,data/processed/samples/778.npz,512,512,4621,105,189,267,337,84,70,84,8177e5e0cb947f809a870775ea27eb085b796f07afcb6509ba30f73a167b8acb
779,112027,2,train,1512427/brainTumorDataPublic_767-1532/779.mat,data/processed/samples/779.npz,512,512,8444,186,277,172,327,91,155,155,52b9cd63260be26ecc7e4139e38bca20c5089237f61af742417137242a0b0bd2
780,112027,2,train,1512427/brainTumorDataPublic_767-1532/780.mat,data/processed/samples/780.npz,512,512,812,242,273,278,312,31,34,34,d9c76448deda911f067d38f9bda8fdd9137dbb8793e175212efcfe0991e4f156
781,112105,2,train,1512427/brainTumorDataPublic_767-1532/781.mat,data/processed/samples/781.npz,512,512,5146,207,289,280,372,82,92,92,810d95e4c57a24cb43a5cce9531162e491b99c767322b54cdc8f33642df477d3
782,112105,2,train,1512427/brainTumorDataPublic_767-1532/782.mat,data/processed/samples/782.npz,512,512,6608,204,296,268,371,92,103,103,21a01eae6a428c8772dc53c3fdbd6e79164ee971b32ba83bc870a02b28279168
783,112105,2,train,1512427/brainTumorDataPublic_767-1532/783.mat,data/processed/samples/783.npz,512,512,4559,217,281,250,366,64,116,116,2c42dae429de0644fc612c5e9893e1980e48b8939e0545ffc0f0b1ef1694d072
784,112105,2,train,1512427/brainTumorDataPublic_767-1532/784.mat,data/processed/samples/784.npz,512,512,12472,188,332,264,382,144,118,144,62f536b9e2eb4d245d597a0c53926252700df6e6dd309d876edd0f56f4e91e8f
785,112105,2,train,1512427/brainTumorDataPublic_767-1532/785.mat,data/processed/samples/785.npz,512,512,14563,185,337,264,387,152,123,152,f17d2f1bb035fa72c1696644596becf47e32ed4e0e21284dc026951ae34a8f93
786,112105,2,train,1512427/brainTumorDataPublic_767-1532/786.mat,data/processed/samples/786.npz,512,512,16885,177,341,246,389,164,143,164,6036ef9aa5276ecc6e9db77aafeddcdc88f572f8ac54de0f13629bb13e335211
787,112105,2,train,1512427/brainTumorDataPublic_767-1532/787.mat,data/processed/samples/787.npz,512,512,15466,186,339,242,382,153,140,153,9b58fdb6be4503fadea6fff8c31a1ff51c7a5a1216ab735d7104fdfcb87621d2
788,112105,2,train,1512427/brainTumorDataPublic_767-1532/788.mat,data/processed/samples/788.npz,512,512,16745,174,332,236,382,158,146,158,df91b3a80618665a3ae4526c2c7279a762972e2ff2f4ad5dcb0b272195e503bc
789,112105,2,train,1512427/brainTumorDataPublic_767-1532/789.mat,data/processed/samples/789.npz,512,512,14030,173,328,246,376,155,130,155,6b0699e83db6dd55c1ad6450550d016ce5f66784e1c6f884dc5e9883d5f3c8a8
790,112105,2,train,1512427/brainTumorDataPublic_767-1532/790.mat,data/processed/samples/790.npz,512,512,9987,213,320,252,376,107,124,124,d29c3d9f2b91f3a9fcce2c75c1dedb59c4186132cba33f7e9f9e15c887b093ca
791,112105,2,train,1512427/brainTumorDataPublic_767-1532/791.mat,data/processed/samples/791.npz,512,512,6219,216,301,256,368,85,112,112,520b01dcad8a2dce3680415ec1d9c298d9f4c07179b9108ad49e37951a07fd1a
792,88670,2,train,1512427/brainTumorDataPublic_767-1532/792.mat,data/processed/samples/792.npz,512,512,7017,175,262,130,241,87,111,111,f55d6527cc05d965e061656b0930bc73ee09e1c2897e97c526463e61999c4637
793,88670,2,train,1512427/brainTumorDataPublic_767-1532/793.mat,data/processed/samples/793.npz,512,512,17672,148,320,119,281,172,162,172,00e382500ef65622aa3e648767ee8b774443502130ece9b07d1df74431c59ede
794,88670,2,train,1512427/brainTumorDataPublic_767-1532/794.mat,data/processed/samples/794.npz,512,512,13184,138,292,119,252,154,133,154,def7dab8e6d66f426b92979f477c02d06b973ec3a46a4b7658d39817cd898625
795,88670,2,train,1512427/brainTumorDataPublic_767-1532/795.mat,data/processed/samples/795.npz,512,512,15146,137,299,126,257,162,131,162,5701322251f462c09448edb89f59355dae14792b510cf72dfe336bcbd676f00e
796,88670,2,train,1512427/brainTumorDataPublic_767-1532/796.mat,data/processed/samples/796.npz,512,512,15380,125,282,115,260,157,145,157,dfab0942a1c75b2a9d89eb0ee14683604495d586d91423a6920f75c91c8684be
797,88670,2,train,1512427/brainTumorDataPublic_767-1532/797.mat,data/processed/samples/797.npz,512,512,11370,128,265,105,247,137,142,142,977efcc6c1e0840f74c016526edb145f64aa4a8d12deab97aa4caf363bd68e83
798,88670,2,train,1512427/brainTumorDataPublic_767-1532/798.mat,data/processed/samples/798.npz,512,512,4470,147,253,149,222,106,73,106,fbedf20c0f1aa9a731986c5e1ad438ee15cbda34a1a31e0eb57616c6c1b37096
799,90284,2,val,1512427/brainTumorDataPublic_767-1532/799.mat,data/processed/samples/799.npz,512,512,1846,114,167,278,324,53,46,53,2a36baf3dabb45a4f0763c7a68ae497c8c3995db9cdce6a9f2d92440026462c7
800,90284,2,val,1512427/brainTumorDataPublic_767-1532/800.mat,data/processed/samples/800.npz,512,512,3166,181,232,281,373,51,92,92,f15fa5fac646a21752902f25a3d504650c51e7393bb49c305695d8dded2d33ba
801,90284,2,val,1512427/brainTumorDataPublic_767-1532/801.mat,data/processed/samples/801.npz,512,512,4236,160,230,285,382,70,97,97,ff7a6098f45e90cb4e0218aa2ef64bac67358698625ef2b7c8590b8ce17f9928
802,90284,2,val,1512427/brainTumorDataPublic_767-1532/802.mat,data/processed/samples/802.npz,512,512,9776,163,281,213,372,118,159,159,95bdc02cf13fc8e64ae28bf457194c30cf56061a0ceedc2f3b06f0190f41221e
803,90284,2,val,1512427/brainTumorDataPublic_767-1532/803.mat,data/processed/samples/803.npz,512,512,6733,199,283,172,337,84,165,165,df3215ae56b8d4c8c9e4d70d771c211421e01279d4c17acf355da6ab04a815ed
804,90284,2,val,1512427/brainTumorDataPublic_767-1532/804.mat,data/processed/samples/804.npz,512,512,9559,196,279,177,342,83,165,165,465484f94e85591ea61c514bc27d7fe586f9696834f60af8f051443a9d57b5f2
805,90284,2,val,1512427/brainTumorDataPublic_767-1532/805.mat,data/processed/samples/805.npz,512,512,8327,200,274,184,338,74,154,154,9ac327abdd8bac294c061f2d485603262a34eaa37b8e3a43f13fd6f33db4b1ca
806,90284,2,val,1512427/brainTumorDataPublic_767-1532/806.mat,data/processed/samples/806.npz,512,512,1634,204,268,182,213,64,31,64,07b7dbd946d03d71b8bcbab16b33f786fd596f319b22e1452d9eaf2d4f0cb030
807,92897,2,test,1512427/brainTumorDataPublic_767-1532/807.mat,data/processed/samples/807.npz,512,512,4366,97,183,228,308,86,80,86,7da9c6d70ac1f0a60517e34c88ab15edd4cfbd36ff0a28fe8daae87504a72c13
808,92897,2,test,1512427/brainTumorDataPublic_767-1532/808.mat,data/processed/samples/808.npz,512,512,1142,128,176,249,286,48,37,48,cf8e57e41f58bd5e13fdead35ced58fd994862230c48e9a71159e310826ed019
809,93825,2,train,1512427/brainTumorDataPublic_767-1532/809.mat,data/processed/samples/809.npz,512,512,2637,175,234,295,354,59,59,59,a6a3070c183b9908951673342de8ce105b5b15c6f51eebd5d5ef166e2430c98c
810,93825,2,train,1512427/brainTumorDataPublic_767-1532/810.mat,data/processed/samples/810.npz,512,512,3086,166,233,305,367,67,62,67,40ec952c0b59d188807eafd8929f8d769f46d79c0aeb88c6cfdbb95943e46de6
811,93825,2,train,1512427/brainTumorDataPublic_767-1532/811.mat,data/processed/samples/811.npz,512,512,3602,168,236,304,376,68,72,72,97a2bd54dd113a67cb4c67904da92532aeb3d188d386885109af315ba19a2bec
812,97609,2,train,1512427/brainTumorDataPublic_767-1532/812.mat,data/processed/samples/812.npz,512,512,7501,110,219,168,261,109,93,109,9555bbca259d1fa75bf585c56a14fac386c99a5f4298ef34c23a505f5b99fa9b
813,97609,2,train,1512427/brainTumorDataPublic_767-1532/813.mat,data/processed/samples/813.npz,512,512,9717,101,220,161,272,119,111,119,9dd9d510f7d37d247593ebf129b04b7c056d1b0fb5f0db6f6a3c3d0ac5c30759
814,97609,2,train,1512427/brainTumorDataPublic_767-1532/814.mat,data/processed/samples/814.npz,512,512,10477,97,220,160,276,123,116,123,69f0670d0c23e5b23787f21581e17dda5f674dcff22837a0108abd3aea11be2a
815,97609,2,train,1512427/brainTumorDataPublic_767-1532/815.mat,data/processed/samples/815.npz,512,512,11771,95,226,155,283,131,128,131,e6e5662827724283bbcd9d7dc11414fa43f9a63ed30e5f2dd76abf046d6a45a2
816,97609,2,train,1512427/brainTumorDataPublic_767-1532/816.mat,data/processed/samples/816.npz,512,512,12108,92,229,161,291,137,130,137,7b46407371305cb232c607a290ead8aeb60370b3e86c6896c4edb71a90786357
817,97609,2,train,1512427/brainTumorDataPublic_767-1532/817.mat,data/processed/samples/817.npz,512,512,8280,98,207,157,263,109,106,109,b2d8477e4f372bd86c8949bdef21945e185efff4f1424847cc3ed2754f425eff
818,100416,2,train,1512427/brainTumorDataPublic_767-1532/818.mat,data/processed/samples/818.npz,512,512,1228,205,249,245,286,44,41,44,37a4af539d9fa78e9d1fc1e125453d36eb94135f369a5c84f46f327e4578c3b4
819,100416,2,train,1512427/brainTumorDataPublic_767-1532/819.mat,data/processed/samples/819.npz,512,512,2915,193,251,225,292,58,67,67,7e4eb3cee68c8bf6f3217d4df0898edf12fef61639355b30d56227dc0e26d8f5
820,100416,2,train,1512427/brainTumorDataPublic_767-1532/820.mat,data/processed/samples/820.npz,512,512,3000,189,245,226,300,56,74,74,bf21a42d887cdf23fc04e0bb12891c51e233b4ae781e7f5f1c6c9e4a6f302976
821,100416,2,train,1512427/brainTumorDataPublic_767-1532/821.mat,data/processed/samples/821.npz,512,512,1682,199,234,239,297,35,58,58,1e6c16a305f9a4a3cb320ca07df600511e3b0150d171b77c3c610b0bcd7e25a7
822,100820,2,val,1512427/brainTumorDataPublic_767-1532/822.mat,data/processed/samples/822.npz,512,512,1356,228,264,138,194,36,56,56,14c1d7b9064abfaf5231fd26c888020f858f66e969d9c3c9ffa863765030cba8
823,100820,2,val,1512427/brainTumorDataPublic_767-1532/823.mat,data/processed/samples/823.npz,512,512,2144,219,268,139,197,49,58,58,0d36f074efa2c15e98ff90f69ddb3a8eb244aaea8e74894e020a94b292a8fd21
824,100820,2,val,1512427/brainTumorDataPublic_767-1532/824.mat,data/processed/samples/824.npz,512,512,13571,148,289,87,252,141,165,165,964859492b36c9a68157a3e59d62e0a6031ffffff76c915c7d070f7a6a823c27
825,100820,2,val,1512427/brainTumorDataPublic_767-1532/825.mat,data/processed/samples/825.npz,512,512,3492,196,268,146,216,72,70,72,df7fa6d61dad78cf6623d7e186c6371d04a2bd61bf6a21b34ff9be9a8d567497
826,100820,2,val,1512427/brainTumorDataPublic_767-1532/826.mat,data/processed/samples/826.npz,512,512,2530,215,273,162,227,58,65,65,72734af31bee27edb2fe6fee6d2e784ec49a8419b339699b2ff06df22148a251
827,100820,2,val,1512427/brainTumorDataPublic_767-1532/827.mat,data/processed/samples/827.npz,512,512,1560,229,274,167,221,45,54,54,dfb26200a61e3b624e450405df2b38640c6aa95645a512b03add7e4233a84aba
828,101020,2,train,1512427/brainTumorDataPublic_767-1532/828.mat,data/processed/samples/828.npz,512,512,1161,120,167,368,402,47,34,47,77c1d499b0ece8419e356121cc583ae96b2ecc60bdeced6954946a05ae3d99d8
829,101020,2,train,1512427/brainTumorDataPublic_767-1532/829.mat,data/processed/samples/829.npz,512,512,9699,147,256,273,390,109,117,117,520fa5f7f4875e96b3b65b933f80aa644839924dd97e330fca2e5fe3b1064d1b
830,101020,2,train,1512427/brainTumorDataPublic_767-1532/830.mat,data/processed/samples/830.npz,512,512,4728,200,261,259,373,61,114,114,75c3c5b6cb581b72104121130ccdb0b08de6ef88785a05e46dab7cdea24a66be
831,101020,2,train,1512427/brainTumorDataPublic_767-1532/831.mat,data/processed/samples/831.npz,512,512,5023,204,264,260,370,60,110,110,18696f41ea46f361e6cb462e5aecb86e139ef28e027509f1573122113273cc50
832,101020,2,train,1512427/brainTumorDataPublic_767-1532/832.mat,data/processed/samples/832.npz,512,512,4296,203,267,264,356,64,92,92,6a24e532623bb7124a531bdc6f5318363e8eadfc670ee53bbe9a19f9d0ac4e9e
833,101020,2,train,1512427/brainTumorDataPublic_767-1532/833.mat,data/processed/samples/833.npz,512,512,2244,212,256,268,346,44,78,78,b99f19298421822d124556d73bec143ccd8cc34340a0edf77448d5c8b63d5507
834,101384,2,train,1512427/brainTumorDataPublic_767-1532/834.mat,data/processed/samples/834.npz,512,512,5538,113,184,117,224,71,107,107,75344654f14bcb3d56b052d778ae4fc7278ecc7cb061c0181b309f2475550f1e
835,101384,2,train,1512427/brainTumorDataPublic_767-1532/835.mat,data/processed/samples/835.npz,512,512,7004,104,199,125,248,95,123,123,d9d50854b796b05190f4556956a53f7d91d336b339ed0c21b10fc35a0de7a1e5
836,101384,2,train,1512427/brainTumorDataPublic_767-1532/836.mat,data/processed/samples/836.npz,512,512,3418,120,187,145,219,67,74,74,2f1b95bd119c37bcc9cc815840452e4a6013e3502310b4ff7a6ec2b4edbe4f6d
837,102075,2,train,1512427/brainTumorDataPublic_767-1532/837.mat,data/processed/samples/837.npz,512,512,1701,230,273,288,338,43,50,50,77ef914c2b1736ec9ddb0ed7468554b67a458b9b0228c5aa5422e5bd17e08d7b
838,102075,2,train,1512427/brainTumorDataPublic_767-1532/838.mat,data/processed/samples/838.npz,512,512,1818,229,272,288,341,43,53,53,36343c0e7524b10a2e398835ed2d5067636e8098eea147f4ea8293cf74042268
839,102075,2,train,1512427/brainTumorDataPublic_767-1532/839.mat,data/processed/samples/839.npz,512,512,1737,229,274,289,341,45,52,52,37ec711c1a485aaf52a2892e7ecb92704a27bf50710253dda247c34741b79ba9
840,103148,2,val,1512427/brainTumorDataPublic_767-1532/840.mat,data/processed/samples/840.npz,512,512,4015,237,296,128,233,59,105,105,3ef2edf3b637847ab5ff4a76fd1ab27bc0b3183dc7261f09f530479d972da938
841,103148,2,val,1512427/brainTumorDataPublic_767-1532/841.mat,data/processed/samples/841.npz,512,512,2894,231,291,213,277,60,64,64,561d254956625ecd9115dcf3b9164ad5d9966bd0ce3bfdb856f4ea006d50b47d
842,103148,2,val,1512427/brainTumorDataPublic_767-1532/842.mat,data/processed/samples/842.npz,512,512,2594,232,289,209,271,57,62,62,410246c8a5d75bde73c262f3ef30c005fb6562d5aae8fb9e5fa5a3da8905b4a1
843,103148,2,val,1512427/brainTumorDataPublic_767-1532/843.mat,data/processed/samples/843.npz,512,512,1731,240,287,215,265,47,50,50,6da8fd0b071c36afc7461e93a38828a66b7565720c6247c7caca4b12255d3ec3
844,105653,2,train,1512427/brainTumorDataPublic_767-1532/844.mat,data/processed/samples/844.npz,512,512,1838,151,200,129,177,49,48,49,d0aadfaed3d3fdd30196078c3ffe0ecb586212ce749b8ff55bdacdc328a6d9d8
845,105653,2,train,1512427/brainTumorDataPublic_767-1532/845.mat,data/processed/samples/845.npz,512,512,1974,152,206,128,179,54,51,54,03fdfa2d8be826d60e964d72b82cb41790647eded953e7b4cde1624ef2b5d461
846,106494,2,train,1512427/brainTumorDataPublic_767-1532/846.mat,data/processed/samples/846.npz,512,512,1134,204,237,259,310,33,51,51,90050900ba6620267d15c22bcb14dcd1b7ef11487d3c937ffcf028e7da77673f
847,106494,2,train,1512427/brainTumorDataPublic_767-1532/847.mat,data/processed/samples/847.npz,512,512,3163,183,258,266,331,75,65,75,c80ce42e43d196feca3b83203cd080174d62c03ba87966daf027493af1efe717
848,106494,2,train,1512427/brainTumorDataPublic_767-1532/848.mat,data/processed/samples/848.npz,512,512,4734,172,257,257,340,85,83,85,c303bd5266d923033aac5bc85d0c1187498110e72dda49f609982eba90198453
849,106494,2,train,1512427/brainTumorDataPublic_767-1532/849.mat,data/processed/samples/849.npz,512,512,7068,161,254,248,346,93,98,98,24b12f99ec47d99884a90835799174ff12144c8e9c5537d7fa86b8eb14541906
850,106494,2,train,1512427/brainTumorDataPublic_767-1532/850.mat,data/processed/samples/850.npz,512,512,5780,157,247,264,348,90,84,90,382e672d38ac0b97d79246549a2af9b94f30fbb18a856f3e839bc6999f217d35
851,106494,2,train,1512427/brainTumorDataPublic_767-1532/851.mat,data/processed/samples/851.npz,512,512,2462,175,247,276,321,72,45,72,d279ca905525bd95b9d53da4494be60e49fcf11edf6bbb8dd11f6e4d2def72ea
852,106494,2,train,1512427/brainTumorDataPublic_767-1532/852.mat,data/processed/samples/852.npz,512,512,1523,188,233,274,319,45,45,45,ad37c52cb4b6ac03357fff5f2dc7e47013e9db4f8f377fb7d244e566eebec41f
853,107747,2,train,1512427/brainTumorDataPublic_767-1532/853.mat,data/processed/samples/853.npz,512,512,4365,116,200,228,298,84,70,84,c3c8792f591e52e34964042883d1ade380440ec12013dd35522649785d8f9e1c
854,107747,2,train,1512427/brainTumorDataPublic_767-1532/854.mat,data/processed/samples/854.npz,512,512,4542,121,201,231,303,80,72,80,c3dcc7dd1a19cf9add27757f08a6510011b81ba06b1982fcedaa277af7c8b160
855,107747,2,train,1512427/brainTumorDataPublic_767-1532/855.mat,data/processed/samples/855.npz,512,512,5447,110,204,227,306,94,79,94,3d82d30b2ec96968ce1e121206d4ed29ce4aa0f95cb1eb1f2a73b6141debb1ca
856,107747,2,train,1512427/brainTumorDataPublic_767-1532/856.mat,data/processed/samples/856.npz,512,512,6096,99,194,225,307,95,82,95,20898d1737bd22c50b46ac5d5026d0068135e136cdbd2b2529297fbbb497dbe2
857,108479,2,train,1512427/brainTumorDataPublic_767-1532/857.mat,data/processed/samples/857.npz,512,512,5077,128,214,138,263,86,125,125,0861de14821925ed016e64f06da4f9a861cd43fc1008c588b024600ed020e3a1
858,108479,2,train,1512427/brainTumorDataPublic_767-1532/858.mat,data/processed/samples/858.npz,512,512,6362,136,241,141,277,105,136,136,c2b4f40a05efc8723f8a7349c4d510d70df49b5d96073a9c4984aa99aaabaa50
859,112105,2,train,1512427/brainTumorDataPublic_767-1532/859.mat,data/processed/samples/859.npz,512,512,12940,190,305,170,333,115,163,163,e9827b240f60e3ed4367f7a58c42bd4d7fe72d8f87357f91e2942a86a5ae2f75
860,112105,2,train,1512427/brainTumorDataPublic_767-1532/860.mat,data/processed/samples/860.npz,512,512,16798,180,313,154,340,133,186,186,cc719eab48e28570ca9ace28ab03c2f94ebcec8d6f175258b951c2777d049b3e
861,112105,2,train,1512427/brainTumorDataPublic_767-1532/861.mat,data/processed/samples/861.npz,512,512,20600,168,328,153,348,160,195,195,3bba230411f8d1ee7dfb37248872896a0166c28a248fed7b80bccf842e669ed6
862,112105,2,train,1512427/brainTumorDataPublic_767-1532/862.mat,data/processed/samples/862.npz,512,512,21080,169,332,157,348,163,191,191,486e45c26c85334fc30cb9535e89add7aca1e1687dacb61f793d756da94fff06
863,112105,2,train,1512427/brainTumorDataPublic_767-1532/863.mat,data/processed/samples/863.npz,512,512,15012,195,311,168,345,116,177,177,9a5a0fbc1021f14913ba36f6197ee4c78724e62666d2b4efceb02869d5f4bb29
864,112105,2,train,1512427/brainTumorDataPublic_767-1532/864.mat,data/processed/samples/864.npz,512,512,13782,206,321,172,362,115,190,190,99d1eb8368c2b0b663319ae5297b42d8a73cc0e1678dc8ddae176ccb133c0451
865,88670,2,train,1512427/brainTumorDataPublic_767-1532/865.mat,data/processed/samples/865.npz,512,512,6588,163,252,128,250,89,122,122,c135b00e8cdc65b9fbc3bbff3901e3e2323645467f548653a683a216838cfd9c
866,88670,2,train,1512427/brainTumorDataPublic_767-1532/866.mat,data/processed/samples/866.npz,512,512,13084,145,270,110,270,125,160,160,a54b3d28c9d1ea6848de56ba14d021837ceaca06157568647cb7ad4ab8f77c39
867,88670,2,train,1512427/brainTumorDataPublic_767-1532/867.mat,data/processed/samples/867.npz,512,512,13907,142,273,111,270,131,159,159,071049877b4a6c579b3ecb43ff5d5684b500d4e75276ffec9ca2995a07d4fe59
868,88670,2,train,1512427/brainTumorDataPublic_767-1532/868.mat,data/processed/samples/868.npz,512,512,17868,126,305,110,283,179,173,179,77f1689bbee5835e66ddb5ee08358b1bf442c99884b04abdbf41c10c19051195
869,88670,2,train,1512427/brainTumorDataPublic_767-1532/869.mat,data/processed/samples/869.npz,512,512,19742,117,294,96,269,177,173,177,3520d47d0ffb131c4d2acd16105a11920938f019cb349f85218d4bd5f0c87631
870,90284,2,val,1512427/brainTumorDataPublic_767-1532/870.mat,data/processed/samples/870.npz,512,512,2015,182,237,319,365,55,46,55,6e125f7a1db02c6ecf017633b0ed2a8548beff389e1128ba388dbc0d795191d0
871,90284,2,val,1512427/brainTumorDataPublic_767-1532/871.mat,data/processed/samples/871.npz,512,512,3177,171,247,292,361,76,69,76,f51dcfeb622cf6175e2a385127bc93d1cffc876a1d93e72daeabb2fe9307a1ad
872,90284,2,val,1512427/brainTumorDataPublic_767-1532/872.mat,data/processed/samples/872.npz,512,512,1090,129,177,252,285,48,33,48,f3ad179b1438f601cc0ffa5ef1e8603930b9770295cc3dede993de29212b493e
873,90284,2,val,1512427/brainTumorDataPublic_767-1532/873.mat,data/processed/samples/873.npz,512,512,3816,169,243,278,345,74,67,74,6a92cd77dc962a110746a474b799364449a2f465abe4c33c2a6186fceb230ff5
874,90284,2,val,1512427/brainTumorDataPublic_767-1532/874.mat,data/processed/samples/874.npz,512,512,3428,166,239,260,332,73,72,73,8201ca3aea84b2acf2af3bf1e148fbd3743d898a55312fe87c89300714602d2c
875,90284,2,val,1512427/brainTumorDataPublic_767-1532/875.mat,data/processed/samples/875.npz,512,512,4023,174,246,251,333,72,82,82,87d37e3468db791e90f7185b7c109fabb116f45137f46cda3af2a0f448159fcd
876,90284,2,val,1512427/brainTumorDataPublic_767-1532/876.mat,data/processed/samples/876.npz,512,512,4684,142,226,235,324,84,89,89,b6498f2494e81d1ad4a8a8bc61d23ce06299caf0eb8c7d3a9ff31143806b239c
877,90284,2,val,1512427/brainTumorDataPublic_767-1532/877.mat,data/processed/samples/877.npz,512,512,5961,148,246,247,347,98,100,100,448add7310ef51fbc9dd97aafaba59f4a197084ef53db40757ae6fc9066afa2f
878,90284,2,val,1512427/brainTumorDataPublic_767-1532/878.mat,data/processed/samples/878.npz,512,512,2563,138,200,242,306,62,64,64,862ca5b69d42c4f70645237b8c9cb00f89beaf30823b03601bfca88f9dc696ec
879,90284,2,val,1512427/brainTumorDataPublic_767-1532/879.mat,data/processed/samples/879.npz,512,512,1947,142,190,238,294,48,56,56,56b3b2db18377a88360396297aa5b6ebc8c56ee0f2e35f0eca27b11f4dd98130
880,90284,2,val,1512427/brainTumorDataPublic_767-1532/880.mat,data/processed/samples/880.npz,512,512,1383,128,178,249,290,50,41,50,974efa175ee4daad901b4cbf919b737d057f29c7a0628f0c22e1515e7ceee5f1
881,92897,2,test,1512427/brainTumorDataPublic_767-1532/881.mat,data/processed/samples/881.npz,512,512,1633,129,166,217,278,37,61,61,407a239c3c8ad8f7131f1c186ffb174344168bf9213c08910fcef512f7bb04ef
882,92897,2,test,1512427/brainTumorDataPublic_767-1532/882.mat,data/processed/samples/882.npz,512,512,5549,117,192,188,322,75,134,134,29a7ed677acaefdfeb6694b27e00af642548519fb9214e2cec9f70d24866cf37
883,93329,2,train,1512427/brainTumorDataPublic_767-1532/883.mat,data/processed/samples/883.npz,512,512,5411,127,210,170,255,83,85,85,f1e0eb7c5e2594a93d82d3648d0bca8a4c10ffd5df3a8a4576eba5a55ce96116
884,93329,2,train,1512427/brainTumorDataPublic_767-1532/884.mat,data/processed/samples/884.npz,512,512,7017,124,216,171,270,92,99,99,ea4793db04c12a52a85eeac58597607fdfad328099de79fd95198d1128404b2d
885,93329,2,train,1512427/brainTumorDataPublic_767-1532/885.mat,data/processed/samples/885.npz,512,512,8677,121,221,152,266,100,114,114,3e62c0a088ba070708d854a391bbaca06918ae7422e50cb3d5bdce5e33fecdbc
886,93329,2,train,1512427/brainTumorDataPublic_767-1532/886.mat,data/processed/samples/886.npz,512,512,9188,117,221,149,270,104,121,121,004fd71193920592d0db0b5dfb96ed9479191c3026fa3f03ee897f857db16271
887,93329,2,train,1512427/brainTumorDataPublic_767-1532/887.mat,data/processed/samples/887.npz,512,512,8393,116,211,140,268,95,128,128,b0909fedfe5e8700828d038b84ff0e32b98edfbf53c62529c0af93e48127acd4
888,93825,2,train,1512427/brainTumorDataPublic_767-1532/888.mat,data/processed/samples/888.npz,512,512,5951,193,268,185,296,75,111,111,49b3fc05930d50f91f3fcf8622d5f201435f470d5305bdb08eb9988ecd319d1e
889,93825,2,train,1512427/brainTumorDataPublic_767-1532/889.mat,data/processed/samples/889.npz,512,512,4697,195,266,207,293,71,86,86,9160fb6e7fd6f19c59c0ddd2986238eeaa50818bd2db5a04bd34eafdb58da21c
890,93825,2,train,1512427/brainTumorDataPublic_767-1532/890.mat,data/processed/samples/890.npz,512,512,4665,192,262,200,287,70,87,87,39df782b91ae85ae7fa66f47fdfd142325000f133e31648ede9455924bc7ab5f
891,93825,2,train,1512427/brainTumorDataPublic_767-1532/891.mat,data/processed/samples/891.npz,512,512,3882,195,251,200,289,56,89,89,cbf99d009ef30db5446bedc38993d49b784900b23e5d83eb9c598007e6476afa
892,94731,2,train,1512427/brainTumorDataPublic_767-1532/892.mat,data/processed/samples/892.npz,512,512,1700,141,189,223,270,48,47,48,7824d96af17bd9feb510def294a58a2c7a324c4011f03b29a6074b83c7be9022
893,94731,2,train,1512427/brainTumorDataPublic_767-1532/893.mat,data/processed/samples/893.npz,512,512,1750,129,178,225,280,49,55,55,04cbe370f8aabfe99d8396f7a9cab07c09a450440a0817f4f8cf1f5ce8dd0e2a
894,94731,2,train,1512427/brainTumorDataPublic_767-1532/894.mat,data/processed/samples/894.npz,512,512,1455,129,176,234,274,47,40,47,ab1416ac9e831a0c49afe8862e2967e920a60f1811662f3ec365d0e05886b5ad
895,95142,2,test,1512427/brainTumorDataPublic_767-1532/895.mat,data/processed/samples/895.npz,512,512,1759,144,190,254,306,46,52,52,127d3681c3512eebc8ec9ba418c1109a57a5a76372c02498eca1462fe22b9890
896,95142,2,test,1512427/brainTumorDataPublic_767-1532/896.mat,data/processed/samples/896.npz,512,512,2485,133,188,251,311,55,60,60,408cf2d690697dc3797523cf4554d75f544b70d03d1b19c0e51b431634b5582e
897,95142,2,test,1512427/brainTumorDataPublic_767-1532/897.mat,data/processed/samples/897.npz,512,512,1924,140,181,244,308,41,64,64,adc40d2625717b4894f33fa5b155c162f014261bf663e49f55023cc9e19fc5fb
898,95142,2,test,1512427/brainTumorDataPublic_767-1532/898.mat,data/processed/samples/898.npz,512,512,10239,75,169,203,344,94,141,141,89f3bb441bb70e8075723da558ad5483e132185a5153a97edc6c685bc2b5dc42
899,95142,2,test,1512427/brainTumorDataPublic_767-1532/899.mat,data/processed/samples/899.npz,512,512,8602,94,195,206,341,101,135,135,5a20cd0f7df43628e60105e7654151642772753a7332494f6ac4dcec3bf0b168
900,95142,2,test,1512427/brainTumorDataPublic_767-1532/900.mat,data/processed/samples/900.npz,512,512,11541,73,206,195,357,133,162,162,e113471379760ccd5d94ed44c35db1cbb44b1c50c13adcb87971b8d567e1757e
901,95142,2,test,1512427/brainTumorDataPublic_767-1532/901.mat,data/processed/samples/901.npz,512,512,10035,80,185,204,354,105,150,150,f5acb9434342bbb3727277e4a0e107f6500d7bc9d45fc46229285848267774ae
902,95142,2,test,1512427/brainTumorDataPublic_767-1532/902.mat,data/processed/samples/902.npz,512,512,10133,90,191,212,353,101,141,141,3ed0c85a38f4c2377c6f6d2498cd83fc2283396cf2b147a1598e68add47bd41d
903,95142,2,test,1512427/brainTumorDataPublic_767-1532/903.mat,data/processed/samples/903.npz,512,512,9532,99,213,210,335,114,125,125,67e432912bb9b1cc25fa2351deb8d738203df7d231637f57ec6a20889f6340cc
904,96587,2,val,1512427/brainTumorDataPublic_767-1532/904.mat,data/processed/samples/904.npz,512,512,3649,185,251,263,346,66,83,83,636f8a2b4976063faa6c2b8101257932212edb0dfc746c0ea82da54b456b5a73
905,96587,2,val,1512427/brainTumorDataPublic_767-1532/905.mat,data/processed/samples/905.npz,512,512,7310,172,251,227,351,79,124,124,758c21cc3697b73d8c3e82992955d37199b5ce26f47ee7a586b15fbd4c9a57e3
906,96587,2,val,1512427/brainTumorDataPublic_767-1532/906.mat,data/processed/samples/906.npz,512,512,13073,143,248,225,395,105,170,170,78595ce5a2ab4531ad27ea8e7f7905ea0cee768002775c9c0708b560c13bf7ad
907,96587,2,val,1512427/brainTumorDataPublic_767-1532/907.mat,data/processed/samples/907.npz,512,512,13816,141,249,221,404,108,183,183,0a270040d52c51bda4b886274e1e4c7d6afff8567dcbf7927a44ee96f371546f
908,97609,2,train,1512427/brainTumorDataPublic_767-1532/908.mat,data/processed/samples/908.npz,512,512,16052,129,264,103,276,135,173,173,8e034e7ed9fe949ae14578ce864812ad97a8bf939beb22acbe58681e97f39cc4
909,97609,2,train,1512427/brainTumorDataPublic_767-1532/909.mat,data/processed/samples/909.npz,512,512,18105,121,269,101,278,148,177,177,e274ce5d27684c6738aef841c6b6faf5291809a62783aa9b56dbe6b15fbf6858
910,97609,2,train,1512427/brainTumorDataPublic_767-1532/910.mat,data/processed/samples/910.npz,512,512,12769,135,264,109,245,129,136,136,d7edc43521820e6d67d42f486cb6734b64a21b6123a74a97fc12bf3ce89e370f
911,97609,2,train,1512427/brainTumorDataPublic_767-1532/911.mat,data/processed/samples/911.npz,512,512,15247,124,288,113,260,164,147,164,97746d3c1649e87b6c3cf74be7f7b4c5af77e095e2acb9dac0b82bad26e0fb52
912,98889,2,test,1512427/brainTumorDataPublic_767-1532/912.mat,data/processed/samples/912.npz,512,512,1221,267,306,317,382,39,65,65,63d9445c04504af68003b158186c6e069368781d4543003e1223782fed54b240
913,98889,2,test,1512427/brainTumorDataPublic_767-1532/913.mat,data/processed/samples/913.npz,512,512,4734,204,264,244,375,60,131,131,fc8b2072b4340f7fc4de5b5d475c3320b8f00632a97a47b4f8c79038481357db
914,98889,2,test,1512427/brainTumorDataPublic_767-1532/914.mat,data/processed/samples/914.npz,512,512,4557,209,274,224,319,65,95,95,320907b0c080efccbdfd92568622cbd019d0c5f77eeb9c591ad1bad9e79edbcd
915,98889,2,test,1512427/brainTumorDataPublic_767-1532/915.mat,data/processed/samples/915.npz,512,512,8397,188,278,218,379,90,161,161,6e1bff3d62b4f9e3b24a617b46200ad6ebdadd4eee3b36ef519a5baadb21a7b2
916,98889,2,test,1512427/brainTumorDataPublic_767-1532/916.mat,data/processed/samples/916.npz,512,512,8575,191,277,222,393,86,171,171,2796afefff0b76aed0e451a7fd26fad83455adc23c9d08b8a6e95dc526cf4d05
917,98889,2,test,1512427/brainTumorDataPublic_767-1532/917.mat,data/processed/samples/917.npz,512,512,9748,167,277,231,410,110,179,179,6746db4ec4c5af4e9410fbca2e00de10a553529868244ba8db8acc5084d40511
918,105936,3,train,1512427/brainTumorDataPublic_767-1532/918.mat,data/processed/samples/918.npz,512,512,1055,272,309,212,264,37,52,52,0e4acd1ffe84f847b1afda8976c63235770b767d7c05e54471752a05c869f1ed
919,105936,3,train,1512427/brainTumorDataPublic_767-1532/919.mat,data/processed/samples/919.npz,512,512,752,280,308,217,256,28,39,39,8417051488eea18cffe38c83817c0b45f808b8f5f8a4e39cd59534283684daf9
920,105936,3,train,1512427/brainTumorDataPublic_767-1532/920.mat,data/processed/samples/920.npz,512,512,1049,281,312,219,279,31,60,60,b09a7f05c63776955b0f705f992cba8124bec141db5faeb9627f3c170ba7fde7
921,105936,3,train,1512427/brainTumorDataPublic_767-1532/921.mat,data/processed/samples/921.npz,512,512,825,280,313,214,249,33,35,35,38462b326e151bb052cc1bff661444f0814a6dfe5e638163d3dc7c1d6c001cde
922,106062,3,val,1512427/brainTumorDataPublic_767-1532/922.mat,data/processed/samples/922.npz,512,512,3409,160,226,222,288,66,66,66,1a9ea82eaa9ef3320fac279c789cf6a0e729a7c150b5d48a6374a5374de73320
923,106062,3,val,1512427/brainTumorDataPublic_767-1532/923.mat,data/processed/samples/923.npz,512,512,3693,159,227,221,290,68,69,69,275bda7dc4cd8eb053b7cd80d81650c4689869cb08c7ef6498f12c7dbd56ae56
924,106062,3,val,1512427/brainTumorDataPublic_767-1532/924.mat,data/processed/samples/924.npz,512,512,3594,161,226,223,292,65,69,69,05d2cc8359eccbc5128b3e462c7169436f79079304992a8a0dd0f701126470df
925,106062,3,val,1512427/brainTumorDataPublic_767-1532/925.mat,data/processed/samples/925.npz,512,512,2576,164,221,228,286,57,58,58,efc905bafd943af5657a91c818b11221f38e10762ffd86ecef9bc0e1d307860a
926,107495,3,test,1512427/brainTumorDataPublic_767-1532/926.mat,data/processed/samples/926.npz,512,512,1317,190,227,236,280,37,44,44,75de9f52f137280f4390879f44efdf8ae964c9b55350730756335f6d64658ad3
927,107495,3,test,1512427/brainTumorDataPublic_767-1532/927.mat,data/processed/samples/927.npz,512,512,1972,187,231,225,284,44,59,59,b5937224c3f6b0864c9ff168d0dd7b95d94b6eaec8c0bd6960f57a6dbb4b23ca
928,107495,3,test,1512427/brainTumorDataPublic_767-1532/928.mat,data/processed/samples/928.npz,512,512,2007,183,232,231,286,49,55,55,3e0f099ce9a88d3740bd284ef91365627435ce5bc22187cfa6676fd21310aad0
929,107495,3,test,1512427/brainTumorDataPublic_767-1532/929.mat,data/processed/samples/929.npz,512,512,1654,186,241,234,277,55,43,55,5338ee2b3166c080ee9e572ff36f4d57bc7b3798df5fb43d9277084058bace40
930,107495,3,test,1512427/brainTumorDataPublic_767-1532/930.mat,data/processed/samples/930.npz,512,512,1521,191,243,232,271,52,39,52,d703e0739dcfd565012bebd300430772609fde4c1512d736770f52543ef1e40f
931,107495,3,test,1512427/brainTumorDataPublic_767-1532/931.mat,data/processed/samples/931.npz,512,512,1238,197,243,231,267,46,36,46,ee1024439c087100b7c54fa648c31e57213f99eed598d66c44e248bfe9677896
932,107495,3,test,1512427/brainTumorDataPublic_767-1532/932.mat,data/processed/samples/932.npz,512,512,888,201,234,234,267,33,33,33,4baed3778cc35fc674b54136e10f33524279857b5284c1989e2d1d7bb10f8268
933,107429,3,train,1512427/brainTumorDataPublic_767-1532/933.mat,data/processed/samples/933.npz,512,512,3763,186,251,201,278,65,77,77,5ed65dea3699e4dfcac3998a0a7dbbdf74904de5d62833ec185165071af391db
934,107429,3,train,1512427/brainTumorDataPublic_767-1532/934.mat,data/processed/samples/934.npz,512,512,4096,184,247,200,279,63,79,79,233faf43df09be61e1b4f16d2b20f323baae9c853b613c94df76ad697367a86f
935,107429,3,train,1512427/brainTumorDataPublic_767-1532/935.mat,data/processed/samples/935.npz,512,512,3874,181,247,204,278,66,74,74,2bfa4debfa5dbcb15c3293a1f4cd0ac2c278336adcb1aed80492202a9ab54e5c
936,107429,3,train,1512427/brainTumorDataPublic_767-1532/936.mat,data/processed/samples/936.npz,512,512,3431,179,246,212,277,67,65,67,29ec2291abbb52569c562205875fc1c71421f48f3514888dfe375fa9f4e3e0c0
937,107429,3,train,1512427/brainTumorDataPublic_767-1532/937.mat,data/processed/samples/937.npz,512,512,3136,181,246,217,279,65,62,65,37e5c7a8fc369018a67b022dd990967d5920e2f716a54f77b0f1224bbbb5df50
938,107429,3,train,1512427/brainTumorDataPublic_767-1532/938.mat,data/processed/samples/938.npz,512,512,2382,187,241,221,276,54,55,55,9707c3fd91ce556f9a7104416204ba33ee7aa6209c634226b94c064583063141
939,107505,3,train,1512427/brainTumorDataPublic_767-1532/939.mat,data/processed/samples/939.npz,512,512,1844,179,231,235,279,52,44,52,580c3de78c06291f88c81e63081519cb47ed9a5aa0345b41fa9a5ac963cde3d7
940,107505,3,train,1512427/brainTumorDataPublic_767-1532/940.mat,data/processed/samples/940.npz,512,512,2130,178,229,226,279,51,53,53,99ce3e6361ad8e20d06800b9858da553167ef2a77f492c9d94525748e3a93670
941,107505,3,train,1512427/brainTumorDataPublic_767-1532/941.mat,data/processed/samples/941.npz,512,512,2295,181,232,226,289,51,63,63,102a7a152bf7985afdc307140c503be9b3d4a6236c7f6779c0e310ad979cb81f
942,107505,3,train,1512427/brainTumorDataPublic_767-1532/942.mat,data/processed/samples/942.npz,512,512,2193,181,228,224,288,47,64,64,62880aa201968b0deedadbc468896a854bfd196f5052004fdd0b14cb2e5d9ba6
943,107505,3,train,1512427/brainTumorDataPublic_767-1532/943.mat,data/processed/samples/943.npz,512,512,1596,181,227,232,276,46,44,46,ab100e1248a575d0068f3fefe320a801550c8cb66e704bc5b69e7b36062c777d
944,107505,3,train,1512427/brainTumorDataPublic_767-1532/944.mat,data/processed/samples/944.npz,512,512,1263,185,225,231,272,40,41,41,901a1091042b4539c514f12db5474d5797c632e4607615bf5c2659d589f1a7b6
945,107505,3,train,1512427/brainTumorDataPublic_767-1532/945.mat,data/processed/samples/945.npz,512,512,941,184,220,231,262,36,31,36,51a59dcbe487ce8ea5909779df0b896dbcfdaba0886fc68dd4a2465b6ffa348a
946,107743,3,train,1512427/brainTumorDataPublic_767-1532/946.mat,data/processed/samples/946.npz,512,512,1409,201,242,247,288,41,41,41,df0d2d91c94fcd6eff4c7434a0dab5c15d6b0712453f02dd5685c731a234d3d3
947,107743,3,train,1512427/brainTumorDataPublic_767-1532/947.mat,data/processed/samples/947.npz,512,512,1988,200,244,243,300,44,57,57,ffc52443fd5456fe6810eb57c5955c387b1f1e68d0d17edc94a98c6a605c94dd
948,107743,3,train,1512427/brainTumorDataPublic_767-1532/948.mat,data/processed/samples/948.npz,512,512,2442,193,245,237,302,52,65,65,6f48a3499c3c6ca8cae631d0db8cf1065a2b0a04f07ac39697a949984711cc55
949,107743,3,train,1512427/brainTumorDataPublic_767-1532/949.mat,data/processed/samples/949.npz,512,512,1390,196,239,254,300,43,46,46,8e6fe847627dc2f58120a1b70889c3fbbf06b89812faaf67b498652b90932f13
950,108858,3,train,1512427/brainTumorDataPublic_767-1532/950.mat,data/processed/samples/950.npz,512,512,1130,205,237,233,281,32,48,48,05ca201f2baba0fe48e12aee50b2066fa0b1c593d7b3d7d26958d69f9d5f1c04
951,108858,3,train,1512427/brainTumorDataPublic_767-1532/951.mat,data/processed/samples/951.npz,512,512,1928,198,238,223,284,40,61,61,662f94bd55c1499a00aefe273af3ebe272c3e82e586c43ff636e66f3f16298f2
952,108858,3,train,1512427/brainTumorDataPublic_767-1532/952.mat,data/processed/samples/952.npz,512,512,1472,202,236,227,282,34,55,55,9d910557ee8577f92c8b1d65d7b3b192ac98b64f41f4e73b677c33d2036dafe5
953,108858,3,train,1512427/brainTumorDataPublic_767-1532/953.mat,data/processed/samples/953.npz,512,512,848,203,234,238,274,31,36,36,8650feca6beacc6afbc967888463ce4d46feed7e8d88accb138dbb11dcfc9e5f
954,108858,3,train,1512427/brainTumorDataPublic_767-1532/954.mat,data/processed/samples/954.npz,512,512,660,207,239,243,271,32,28,32,43f7937b3b6b2b21fdd099219461b73939a1e0bdd27b818d1a507d1038e53a33
955,108931,3,train,1512427/brainTumorDataPublic_767-1532/955.mat,data/processed/samples/955.npz,256,256,274,94,111,117,138,17,21,21,8f69f51ccc7b95e8962afcaa0dded41a62dc1c09d320d4b8339f5f070afd7acb
956,108931,3,train,1512427/brainTumorDataPublic_767-1532/956.mat,data/processed/samples/956.npz,256,256,492,88,110,112,141,22,29,29,ba07a2f6aefb3908589fd2ed51530e9a63b79582043f81aadd4daa84c9af14fa
957,108931,3,train,1512427/brainTumorDataPublic_767-1532/957.mat,data/processed/samples/957.npz,256,256,522,90,111,111,142,21,31,31,a99fe52b363117e54c45720188e31a441f1d97704889ff2d9941427445e6cad8
958,109471,3,test,1512427/brainTumorDataPublic_767-1532/958.mat,data/processed/samples/958.npz,512,512,1793,185,228,233,288,43,55,55,98b7d6910be08d4daba17918c9b37c0d063e77ebd28b8648ae7992a29b721959
959,109471,3,test,1512427/brainTumorDataPublic_767-1532/959.mat,data/processed/samples/959.npz,512,512,1694,185,229,234,283,44,49,49,fb734e031573d44301f0da180527c2ebcec8b569e16129f8dd9c7de7cfec2615
960,109471,3,test,1512427/brainTumorDataPublic_767-1532/960.mat,data/processed/samples/960.npz,512,512,2069,175,226,225,279,51,54,54,489360058bfb308c8b5cf718beeac20a84306e4fe60a5614c34f8740f3818c59
961,109471,3,test,1512427/brainTumorDataPublic_767-1532/961.mat,data/processed/samples/961.npz,512,512,2087,174,230,229,279,56,50,56,f7feec5eed5c695e3b42bb6adfc79593e9af48f6db2bbf82d95df8a849b657b9
962,109769,3,val,1512427/brainTumorDataPublic_767-1532/962.mat,data/processed/samples/962.npz,512,512,1447,206,242,231,281,36,50,50,069ac105d5dbb7ef1f1e373732dec463c64df273ca0b3815f43441eeb66b1105
963,109769,3,val,1512427/brainTumorDataPublic_767-1532/963.mat,data/processed/samples/963.npz,512,512,1533,201,245,229,276,44,47,47,ff8eda5da03e8d615e33f98f82133df0d6e51dec883c00e3638f013c350927d2
964,109769,3,val,1512427/brainTumorDataPublic_767-1532/964.mat,data/processed/samples/964.npz,512,512,1758,200,245,231,281,45,50,50,70cff816c42d4bc1a427e0f10ec770a90fb597a5d95a1823f5d692ec21f602ab
965,109769,3,val,1512427/brainTumorDataPublic_767-1532/965.mat,data/processed/samples/965.npz,512,512,621,205,235,246,272,30,26,30,6680c2602932b752618b5b7e480a61958826bbf41c69fa9c006095758cef47f2
966,109898,3,train,1512427/brainTumorDataPublic_767-1532/966.mat,data/processed/samples/966.npz,512,512,1846,195,244,231,279,49,48,49,72aa76deb7ac9e8f4e530a41d0aa163eaecfd9cc28af67cbe431680798d6aa4d
967,109898,3,train,1512427/brainTumorDataPublic_767-1532/967.mat,data/processed/samples/967.npz,512,512,1943,198,247,222,288,49,66,66,121749c84174470f13ec293e083b4fb7156af1707384f348dd308cc727c010ce
968,109898,3,train,1512427/brainTumorDataPublic_767-1532/968.mat,data/processed/samples/968.npz,512,512,3189,189,248,216,288,59,72,72,55f8fef888b31830a379b3eff6890ee409300b7bf80440a151ff55202514c4a4
969,109898,3,train,1512427/brainTumorDataPublic_767-1532/969.mat,data/processed/samples/969.npz,512,512,2594,193,247,217,290,54,73,73,34ddfbc3e12ea848d9bf725196580011336035d7c0c0309399e075d3e209c4e8
970,109898,3,train,1512427/brainTumorDataPublic_767-1532/970.mat,data/processed/samples/970.npz,512,512,1385,197,241,215,269,44,54,54,0323ff8e8a97eeb3253b21b185ecf17ae98537868c076a94e7924baf23bb1f4d
971,109898,3,train,1512427/brainTumorDataPublic_767-1532/971.mat,data/processed/samples/971.npz,512,512,846,202,238,241,275,36,34,36,ceeec13cb44135ead10f7afc5a4fea97035f25336403b10deef8834be2fe6851
972,110518,3,test,1512427/brainTumorDataPublic_767-1532/972.mat,data/processed/samples/972.npz,512,512,806,161,196,236,266,35,30,35,c5af9f9b018e36f53df2fd9887b8e97a738073280a41a609337200a6dff431b3
973,110518,3,test,1512427/brainTumorDataPublic_767-1532/973.mat,data/processed/samples/973.npz,512,512,1126,163,202,231,269,39,38,39,ec447ac975fbfe65185e4f7244e164d8249d44d2fb2eb0416f501a302937e54b
974,110537,3,train,1512427/brainTumorDataPublic_767-1532/974.mat,data/processed/samples/974.npz,512,512,509,206,228,249,276,22,27,27,8d755fd77772a541389a0a9b13d65d1b0d3584698a66cc96eb4c12ec3b4ddaf6
975,110537,3,train,1512427/brainTumorDataPublic_767-1532/975.mat,data/processed/samples/975.npz,512,512,1784,208,247,230,283,39,53,53,67b872f47b28046daca655e4e3186cc8ae5e9935098282951223c2173920f8e8
976,110993,3,train,1512427/brainTumorDataPublic_767-1532/976.mat,data/processed/samples/976.npz,512,512,2098,199,249,242,290,50,48,50,bbdbe4b29d7ed422ed53b76c65e0fe2ec57ef33517eb2b75b7d979f25beb0284
977,110993,3,train,1512427/brainTumorDataPublic_767-1532/977.mat,data/processed/samples/977.npz,512,512,1452,200,243,243,283,43,40,43,6130ece1ac6f219220cccb86489730b85b1463d3e32ea550b980e3c499c8e7ba
978,110993,3,train,1512427/brainTumorDataPublic_767-1532/978.mat,data/processed/samples/978.npz,512,512,1319,196,240,244,280,44,36,44,6626bd03a6e4f51b2d101bf74a12234c955db5773699cb3c6e0d3c76d5de1de8
979,110993,3,train,1512427/brainTumorDataPublic_767-1532/979.mat,data/processed/samples/979.npz,512,512,2258,193,238,223,283,45,60,60,b55309be06800a9d437e1a4ebf02d35500877dad04fbecf80b2c1a49652c9501
980,111075,3,test,1512427/brainTumorDataPublic_767-1532/980.mat,data/processed/samples/980.npz,512,512,1485,173,234,231,262,61,31,61,e2752eaf6b7383ab88c7412cec33a5442b9dd3d62809b23a6298541d5f4ca068
981,111075,3,test,1512427/brainTumorDataPublic_767-1532/981.mat,data/processed/samples/981.npz,512,512,2980,165,228,213,280,63,67,67,8aa6e7375e96125aa5ec774dd1c91918d44a26c5c4958b736eba004a9f9a7a5f
982,111075,3,test,1512427/brainTumorDataPublic_767-1532/982.mat,data/processed/samples/982.npz,512,512,3601,164,237,208,276,73,68,73,c8c3bfdff4088983cc4c2b15614680d41e9e7bfab1678b99a799c537f5476337
983,111075,3,test,1512427/brainTumorDataPublic_767-1532/983.mat,data/processed/samples/983.npz,512,512,1592,191,235,230,276,44,46,46,cf47f2904824eba97a4c640d34276efc7c394de3460130642c1599e5c0c259d9
984,111075,3,test,1512427/brainTumorDataPublic_767-1532/984.mat,data/processed/samples/984.npz,512,512,1351,193,231,233,278,38,45,45,e8ea2062f722b2b3dc39e403ca3d5e8fa4073e4deeaea2b1b7fa38bbee79421c
985,111075,3,test,1512427/brainTumorDataPublic_767-1532/985.mat,data/processed/samples/985.npz,512,512,1493,195,232,229,280,37,51,51,a26f249ced1fb7cb58bbf98a934a796d9d225c3f375e1e513d180c1f3664b979
986,111125,3,train,1512427/brainTumorDataPublic_767-1532/986.mat,data/processed/samples/986.npz,512,512,1081,182,214,240,284,32,44,44,f37c1b6cf94f7e7c30be5ecc12ed7ed96daf5ada75485b0f373acca50d8ea38c
987,111125,3,train,1512427/brainTumorDataPublic_767-1532/987.mat,data/processed/samples/987.npz,512,512,1386,178,215,240,284,37,44,44,dcff73b5f2d79301ccad38d42077234e37e177e95fed7814e373656ee2b2dbaa
988,111125,3,train,1512427/brainTumorDataPublic_767-1532/988.mat,data/processed/samples/988.npz,512,512,1613,177,216,236,287,39,51,51,0ddb1dbc1a288fc67e4a644712baa81d4b60ddf60acfe6790dc786299828525c
989,111125,3,train,1512427/brainTumorDataPublic_767-1532/989.mat,data/processed/samples/989.npz,512,512,1476,179,217,237,285,38,48,48,c1473edce8f2ea300eebfd203549abc14a58d965d73f3fc44b97de453249c04b
990,111785,3,train,1512427/brainTumorDataPublic_767-1532/990.mat,data/processed/samples/990.npz,512,512,1894,198,238,234,291,40,57,57,9362d285da5b0c7ca51e43839ec6ba0daa0a6762098fcc173b6ab7f38f420602
991,111785,3,train,1512427/brainTumorDataPublic_767-1532/991.mat,data/processed/samples/991.npz,512,512,1581,199,239,233,283,40,50,50,56e25310536fd7aa8000371ad40bf7137b4decaf4fdc67b46a2866fb2954f845
992,111785,3,train,1512427/brainTumorDataPublic_767-1532/992.mat,data/processed/samples/992.npz,512,512,1238,199,240,234,272,41,38,41,6ab1096902d230259a44ce4ddc41b7a4d57968f42f63c222ebdbf95bcc32dee8
993,111785,3,train,1512427/brainTumorDataPublic_767-1532/993.mat,data/processed/samples/993.npz,512,512,1215,202,243,233,270,41,37,41,4cd63a7dc192ef2664cc9ef0fdfbaecc7aa77ce70e1ef662a467599550934f09
994,112074,3,train,1512427/brainTumorDataPublic_767-1532/994.mat,data/processed/samples/994.npz,512,512,2585,183,234,221,284,51,63,63,11f40314508357c5f869a234685a64399ee0693ec1d43e26618cb3cf92a96f54
995,112074,3,train,1512427/brainTumorDataPublic_767-1532/995.mat,data/processed/samples/995.npz,512,512,3399,176,237,215,288,61,73,73,5318acfb98d51e2f7875ee530fcd3ad2ba02280d42836869e402579a5ea6deeb
996,112074,3,train,1512427/brainTumorDataPublic_767-1532/996.mat,data/processed/samples/996.npz,512,512,2584,176,230,229,285,54,56,56,f59eb2aeaba336b48487ef30c6129460002ab542026e94ea120cd0a856896d55
997,112074,3,train,1512427/brainTumorDataPublic_767-1532/997.mat,data/processed/samples/997.npz,512,512,1600,183,225,239,287,42,48,48,1031178325c2593a6858f3a3a188748ed5d23d52d6cb684e0cd9956350079cc9
998,112649,3,train,1512427/brainTumorDataPublic_767-1532/998.mat,data/processed/samples/998.npz,512,512,1470,209,248,234,279,39,45,45,a221809a776ef44349ee4ce4a8f0a3a725f2ccd4d00d91bb5d17c67c0bb28326
999,112649,3,train,1512427/brainTumorDataPublic_767-1532/999.mat,data/processed/samples/999.npz,512,512,1465,204,241,228,277,37,49,49,d82983d613df1d9fafea901b0cca0aabd50f653994a8a8dc1ebc44a08524e9cb
1000,112649,3,train,1512427/brainTumorDataPublic_767-1532/1000.mat,data/processed/samples/1000.npz,512,512,1542,204,241,225,275,37,50,50,cb041fdec7ec30361ceaefbb9cec63ce4bdb65c36fa14cee0ebd89159b10af18
1001,112649,3,train,1512427/brainTumorDataPublic_767-1532/1001.mat,data/processed/samples/1001.npz,512,512,1757,203,243,225,280,40,55,55,f16874c37b0632a7284be7c7e7f4a04f62a54269b233c35211c2922af4286798
1002,112649,3,train,1512427/brainTumorDataPublic_767-1532/1002.mat,data/processed/samples/1002.npz,512,512,1394,207,242,228,277,35,49,49,413759336df741e37bceb4c4b18f2f4fddcfe29d65930d2ceae9b662746bc7b3
1003,112746,3,train,1512427/brainTumorDataPublic_767-1532/1003.mat,data/processed/samples/1003.npz,512,512,1617,188,231,225,281,43,56,56,8bdd730d2a011f5911a24852666da26d6c1ff1194958259568921c5c9b99daec
1004,112746,3,train,1512427/brainTumorDataPublic_767-1532/1004.mat,data/processed/samples/1004.npz,512,512,1457,191,230,228,275,39,47,47,2ddb0762984d20c185ef6c6d843ca6d3abe47d917036228dbbfe4fd9450b0f87
1005,112746,3,train,1512427/brainTumorDataPublic_767-1532/1005.mat,data/processed/samples/1005.npz,512,512,1166,193,226,229,273,33,44,44,4bed2558c06504c2d251f068d7d49237685f031f61efdb691613a8ec2c80c507
1006,112847,3,test,1512427/brainTumorDataPublic_767-1532/1006.mat,data/processed/samples/1006.npz,512,512,1528,191,227,215,273,36,58,58,f20e54c28066429f49ce383c8318d65d5059b70b874f492b3b98d05ed3d93b1c
1007,112847,3,test,1512427/brainTumorDataPublic_767-1532/1007.mat,data/processed/samples/1007.npz,512,512,1399,193,229,228,271,36,43,43,6da8bdff8112ca528e03e80651f54dc2ffa4d4a1b894f8626374e290bf4dd927
1008,112847,3,test,1512427/brainTumorDataPublic_767-1532/1008.mat,data/processed/samples/1008.npz,512,512,2065,192,232,220,280,40,60,60,45e85c01824d6e03efdd1e023af99c5c5d380683617c3f97652b0d7fe3ac219b
1009,112847,3,test,1512427/brainTumorDataPublic_767-1532/1009.mat,data/processed/samples/1009.npz,512,512,1501,193,231,221,274,38,53,53,dd40ae3ab62b588b8e847c77b065915688689057754e6f28d026d8ccbadfdb32
1010,113274,3,train,1512427/brainTumorDataPublic_767-1532/1010.mat,data/processed/samples/1010.npz,512,512,1208,202,240,243,289,38,46,46,956ad07fea3fb35c804be94285db04b889e73be6838e48a650a7fcdc5b094d95
1011,113274,3,train,1512427/brainTumorDataPublic_767-1532/1011.mat,data/processed/samples/1011.npz,512,512,1337,202,239,237,287,37,50,50,f5110acfe2ae1ee150255043f13e0062d95d507aa2abd97ac8deee10e7137dc6
1012,113274,3,train,1512427/brainTumorDataPublic_767-1532/1012.mat,data/processed/samples/1012.npz,512,512,1374,207,238,238,289,31,51,51,0d4bce3e64881312d69bcc44ad98021c3ddf773f69fb65f69c55b811cb5fb157
1013,113741,3,val,1512427/brainTumorDataPublic_767-1532/1013.mat,data/processed/samples/1013.npz,512,512,1161,200,228,230,284,28,54,54,c23c6f37bda8a69880e7769e7ea978854f123303a41f8cf2464d7866d8bf52e4
1014,113741,3,val,1512427/brainTumorDataPublic_767-1532/1014.mat,data/processed/samples/1014.npz,512,512,1295,195,226,230,281,31,51,51,fcc452ade10c4a006d66662dad4c3d670f76dd2d1f68892dd8483cb2df2a26c2
1015,114040,3,train,1512427/brainTumorDataPublic_767-1532/1015.mat,data/processed/samples/1015.npz,512,512,1878,199,244,218,275,45,57,57,93acdb6c6e5f8f8e4550ea38bb379e206be0ac6a9b550be51c6730836e3bdcb4
1016,114040,3,train,1512427/brainTumorDataPublic_767-1532/1016.mat,data/processed/samples/1016.npz,512,512,1619,199,241,221,266,42,45,45,edec535083567aa8421f854106bf3f79af27067b9972a84876fef3f7e9031eca
1017,114040,3,train,1512427/brainTumorDataPublic_767-1532/1017.mat,data/processed/samples/1017.npz,512,512,1652,198,244,225,270,46,45,46,ef588d9918f37bb8636cdcc79b08884cd7e6dd482709c728a7018844d6b499ce
1018,114361,3,val,1512427/brainTumorDataPublic_767-1532/1018.mat,data/processed/samples/1018.npz,512,512,2521,187,244,223,275,57,52,57,438b0366747c2b667e6e5b7b98045e77b2deb0b7caaeaa94a17925413a80e57b
1019,114361,3,val,1512427/brainTumorDataPublic_767-1532/1019.mat,data/processed/samples/1019.npz,512,512,3112,185,250,218,279,65,61,65,fd51f2d3e09dc8a106d07c5477fbec778d4ca180484ba743ec1a949979b84795
1020,114361,3,val,1512427/brainTumorDataPublic_767-1532/1020.mat,data/processed/samples/1020.npz,512,512,3207,185,252,216,279,67,63,67,ba51c1d1c9a1b52813ac521d68bd14d3c5ba77dba84421717374f688aa766999
1021,114094,3,train,1512427/brainTumorDataPublic_767-1532/1021.mat,data/processed/samples/1021.npz,512,512,4938,167,248,229,305,81,76,81,50dbf33cdc7a1f0c89453fc10d3aeb30e03df7b1e9a2538a7ca5bb3a811c76a9
1022,114094,3,train,1512427/brainTumorDataPublic_767-1532/1022.mat,data/processed/samples/1022.npz,512,512,3610,174,244,232,303,70,71,71,2e16a3d07c7353c10ef23144ac2d741fbb53b7ad7d953a6d82e67c32dbc5f8b5
1023,114094,3,train,1512427/brainTumorDataPublic_767-1532/1023.mat,data/processed/samples/1023.npz,512,512,3635,182,243,229,304,61,75,75,7b0e15622757d640b0b0ac8ce4c5008e42f56fd5bf0388dea731ccb87193bedb
1024,114094,3,train,1512427/brainTumorDataPublic_767-1532/1024.mat,data/processed/samples/1024.npz,512,512,2005,186,238,236,283,52,47,52,c7041f8b31c2e2c612b76923c9372fcaa6e81210c331482f79be90e86b3b1afa
1025,101017,3,train,1512427/brainTumorDataPublic_767-1532/1025.mat,data/processed/samples/1025.npz,512,512,1623,201,243,222,270,42,48,48,3265ebeaa4753a34612953ed21867a2dec8f569e98d61bc5a92e0429aa63341f
1026,101017,3,train,1512427/brainTumorDataPublic_767-1532/1026.mat,data/processed/samples/1026.npz,512,512,1964,194,240,220,272,46,52,52,c0406b64c0739f8282e0cae65f8ad42642b8e805b559232f9214667e09b4a640
1027,101017,3,train,1512427/brainTumorDataPublic_767-1532/1027.mat,data/processed/samples/1027.npz,512,512,2091,188,242,221,270,54,49,54,d0bf55a9a0fc9b88ff627d560c540e55579e35b100521ba3596080ff9c4d2e8f
1028,101017,3,train,1512427/brainTumorDataPublic_767-1532/1028.mat,data/processed/samples/1028.npz,512,512,899,201,238,229,261,37,32,37,76fd83a3b0db25f98aebb774ed5e049862a647c9792c8dac1966cb2632e837dd
1029,101017,3,train,1512427/brainTumorDataPublic_767-1532/1029.mat,data/processed/samples/1029.npz,512,512,455,208,235,229,251,27,22,27,0b6a87018c515d85d2febb80da2dd14cbda6c9901059b75c88a38a78a33ff56a
1030,101029,3,train,1512427/brainTumorDataPublic_767-1532/1030.mat,data/processed/samples/1030.npz,512,512,2026,191,241,214,267,50,53,53,f6162f40f7d0c46a6378f3b245bbb54a86640ba615b43d398a3c665a1fe77870
1031,101029,3,train,1512427/brainTumorDataPublic_767-1532/1031.mat,data/processed/samples/1031.npz,512,512,2834,189,244,206,274,55,68,68,dde647811eccc4e5a65464e4a41216e548b11638be763f42838c2dcb3f0d7376
1032,101029,3,train,1512427/brainTumorDataPublic_767-1532/1032.mat,data/processed/samples/1032.npz,512,512,2678,189,244,209,272,55,63,63,6c6287a25d1721ef7f5c2ff1c309d8dfb66b00eaf90587bbc8523b93df7ab76b
1033,101029,3,train,1512427/brainTumorDataPublic_767-1532/1033.mat,data/processed/samples/1033.npz,512,512,2315,188,240,214,270,52,56,56,381dcae5321d31eff5607f55a4a4c7084dbfd3c7d9b7773b99e4fa155932f1bf
1034,105936,3,train,1512427/brainTumorDataPublic_767-1532/1034.mat,data/processed/samples/1034.npz,512,512,437,284,310,217,240,26,23,26,2b404d8b1d057806e68712c9c538baa29327bd93563e0ec61bc97f017c2119e8
1035,106062,3,val,1512427/brainTumorDataPublic_767-1532/1035.mat,data/processed/samples/1035.npz,512,512,3632,222,304,232,289,82,57,82,ef1529ef054a56d6ae8bf92e3a25cb8516d50fd7a74e6eae7f414265b9d68cf7
1036,106062,3,val,1512427/brainTumorDataPublic_767-1532/1036.mat,data/processed/samples/1036.npz,512,512,5273,218,308,218,298,90,80,90,0388389190b0f06ad561f10a74dd283c50b2cdc89813c6fb5ae0de60786bdf9f
1037,106062,3,val,1512427/brainTumorDataPublic_767-1532/1037.mat,data/processed/samples/1037.npz,512,512,5707,215,308,212,298,93,86,93,3d718c40bc949c10ddf883c52fdd5301b028a10f2d65e8a9d3b4b8ba462bb19d
1038,106062,3,val,1512427/brainTumorDataPublic_767-1532/1038.mat,data/processed/samples/1038.npz,512,512,5362,216,304,213,296,88,83,88,54d982fc53850cedb233b1c667fa5d2c4f69e34d6841f6b69b59296cab71c4a1
1039,106062,3,val,1512427/brainTumorDataPublic_767-1532/1039.mat,data/processed/samples/1039.npz,512,512,4626,216,298,223,294,82,71,82,37a392965679958aef1570546cb6731fdeec9fd3d490702db24ed967d4d84d37
1040,106062,3,val,1512427/brainTumorDataPublic_767-1532/1040.mat,data/processed/samples/1040.npz,512,512,4153,217,300,226,288,83,62,83,3008c1450ca804ef58e3baec364f2ebf6d6a192e8b6855dbd40140ffc85e4bcc
1041,106062,3,val,1512427/brainTumorDataPublic_767-1532/1041.mat,data/processed/samples/1041.npz,512,512,1718,223,269,238,285,46,47,47,83aa5df756d8bf3b14c57f017a2caf09dd41bdcb90fe25cc28b725cf56ae6a4c
1042,107495,3,test,1512427/brainTumorDataPublic_767-1532/1042.mat,data/processed/samples/1042.npz,512,512,2486,218,280,229,287,62,58,62,2808fbffd822c98c9cf00441539e59e556bdcac7cbe781b76061af51233fd951
1043,107495,3,test,1512427/brainTumorDataPublic_767-1532/1043.mat,data/processed/samples/1043.npz,512,512,2958,212,280,222,288,68,66,68,ed3de5f463d8534eda2fc50876632810772639d18a25495373f3c2fa23f021e7
1044,107495,3,test,1512427/brainTumorDataPublic_767-1532/1044.mat,data/processed/samples/1044.npz,512,512,3024,209,276,224,289,67,65,67,6511496e2f0d3dd783193eeef56de49845bfa6cacfcbac88b3a9f17c738d3edb
1045,107495,3,test,1512427/brainTumorDataPublic_767-1532/1045.mat,data/processed/samples/1045.npz,512,512,2793,211,276,225,286,65,61,65,af0e119234082b0924778645e254baaa7be6afcc1668c601743f2b0601d9502d
1046,107495,3,test,1512427/brainTumorDataPublic_767-1532/1046.mat,data/processed/samples/1046.npz,512,512,2724,217,281,226,290,64,64,64,89b32d96488c4102045e2e7fba188014e44bbbeb1888ac9672e19fac95a486ff
1047,107429,3,train,1512427/brainTumorDataPublic_767-1532/1047.mat,data/processed/samples/1047.npz,512,512,4005,231,304,210,281,73,71,73,994d3c3c0050e7990d226e1dddc38ec3d700a1166e2e44e2fecee79de28c262f
1048,107429,3,train,1512427/brainTumorDataPublic_767-1532/1048.mat,data/processed/samples/1048.npz,512,512,5300,223,313,211,285,90,74,90,7b095b136195c4de0fcf75e32bfd88f175a26a6f4e69b1d376fd907ceec30e0f
1049,107429,3,train,1512427/brainTumorDataPublic_767-1532/1049.mat,data/processed/samples/1049.npz,512,512,6757,220,315,196,290,95,94,95,5cd0fe495cefa90539bd8347684774df1bb7229a110be9aa30710274c67009e9
1050,107429,3,train,1512427/brainTumorDataPublic_767-1532/1050.mat,data/processed/samples/1050.npz,512,512,7282,219,317,196,298,98,102,102,4c5cb708e84ad191bed34eabc84255ab428a38fdb3ae4ccd2afffe735c60c9c6
1051,107429,3,train,1512427/brainTumorDataPublic_767-1532/1051.mat,data/processed/samples/1051.npz,512,512,6520,220,316,199,288,96,89,96,964fb3fa26c56396c39df420197bf01f677e893bac61b4911ee899f37c8f0956
1052,107429,3,train,1512427/brainTumorDataPublic_767-1532/1052.mat,data/processed/samples/1052.npz,512,512,5489,226,308,199,304,82,105,105,c30b8decfac35c9ecac3930a4e8a55577ae9a092a50fe8a6f26d19bb10bf548f
1053,107429,3,train,1512427/brainTumorDataPublic_767-1532/1053.mat,data/processed/samples/1053.npz,512,512,3494,286,364,210,287,78,77,78,98525a2889786a71e6e4addafb48654e613210ec5041596c6499f08a9469e9ae
1054,107505,3,train,1512427/brainTumorDataPublic_767-1532/1054.mat,data/processed/samples/1054.npz,512,512,3366,221,303,228,286,82,58,82,8c18f8accfd3478f5eecc052c9248ddcacab05d28bc2b9bba1e28108a88571d7
1055,107505,3,train,1512427/brainTumorDataPublic_767-1532/1055.mat,data/processed/samples/1055.npz,512,512,3474,224,308,231,285,84,54,84,b90cb91d890492a6439b4554a2a9a69b2c3b57c6e23f654b86d35bae1f18018d
1056,107505,3,train,1512427/brainTumorDataPublic_767-1532/1056.mat,data/processed/samples/1056.npz,512,512,5154,225,322,222,290,97,68,97,a1658f7134c75be3fe8e534f8b6c6e606836f9576756ce436b626ff932ad5e19
1057,107505,3,train,1512427/brainTumorDataPublic_767-1532/1057.mat,data/processed/samples/1057.npz,512,512,3567,252,328,226,284,76,58,76,70bd423a7034693034a0904ae5ae682cde9d298b3ed4d983691224aa3893a9d5
1058,107505,3,train,1512427/brainTumorDataPublic_767-1532/1058.mat,data/processed/samples/1058.npz,512,512,1665,294,332,226,277,38,51,51,580a1cab2d8e974c59eca1afc3b28f14748ccfae482fbbc9f991fe86cfa138cc
1059,107743,3,train,1512427/brainTumorDataPublic_767-1532/1059.mat,data/processed/samples/1059.npz,512,512,3652,243,303,218,298,60,80,80,0fbc8dd0d342211de9c2d59afdbc750c7d57b9cca1e1d88c1d3d2dac8c00370f
1060,107743,3,train,1512427/brainTumorDataPublic_767-1532/1060.mat,data/processed/samples/1060.npz,512,512,3619,242,308,226,294,66,68,68,c708ea2bd4fc4fa726f91085360bac571e7d35792e9e3951006fbf4bad14eb27
1061,107743,3,train,1512427/brainTumorDataPublic_767-1532/1061.mat,data/processed/samples/1061.npz,512,512,1709,241,285,236,294,44,58,58,6ddda3e7014d1e72f59f94d9c96bf2de84ca58ca94bcf8662c943bfc0ad9cdf8
1062,107743,3,train,1512427/brainTumorDataPublic_767-1532/1062.mat,data/processed/samples/1062.npz,512,512,2459,235,285,225,294,50,69,69,4b36db604fd21cfed1ce522430e716c3ba73ff4eab277f340ee279a022fa3f11
1063,107743,3,train,1512427/brainTumorDataPublic_767-1532/1063.mat,data/processed/samples/1063.npz,512,512,2639,240,284,218,297,44,79,79,b8e8ad0def6bf5e51a37e80b95f64f3d7799b98d9f55f14fb044c54ebbf8cfc2
1064,107743,3,train,1512427/brainTumorDataPublic_767-1532/1064.mat,data/processed/samples/1064.npz,512,512,498,239,270,219,245,31,26,31,354cb91cca890395f660a3ce66f1c8aa562988fc9fdd96aa8ccbafb11bde320e
1065,108858,3,train,1512427/brainTumorDataPublic_767-1532/1065.mat,data/processed/samples/1065.npz,512,512,1834,220,271,235,284,51,49,51,6db0ceccaa819ada68b11f93e07dbfde80adecc559034dc28bd1d471f1c80c1d
1066,108858,3,train,1512427/brainTumorDataPublic_767-1532/1066.mat,data/processed/samples/1066.npz,512,512,1894,224,273,232,288,49,56,56,838d293e6cf6f76b15c6c365666ee0d1ddb6c32c603699623163777cb5dc4b0b
1067,108858,3,train,1512427/brainTumorDataPublic_767-1532/1067.mat,data/processed/samples/1067.npz,512,512,1832,245,279,230,302,34,72,72,01b99e5730de10a72939fccb9d9d7097a3076e547e93292c3e2e45475e30e67f
1068,108858,3,train,1512427/brainTumorDataPublic_767-1532/1068.mat,data/processed/samples/1068.npz,512,512,951,259,283,227,279,24,52,52,bd3f2d84175e78941a0da0e6d8ccffa59e95e0f0695d958683f36741717ab2d5
1069,108858,3,train,1512427/brainTumorDataPublic_767-1532/1069.mat,data/processed/samples/1069.npz,512,512,1614,249,292,243,291,43,48,48,32cd0a1e4c3ebb859fa72040ad8951203b3d8f57b606b2596d541d170a151529
1070,108931,3,train,1512427/brainTumorDataPublic_767-1532/1070.mat,data/processed/samples/1070.npz,256,256,285,140,155,113,139,15,26,26,e17d6f5302f4694278afa36037bac1fb9699a21e6fe7f81383960f00f02c266e
1071,108931,3,train,1512427/brainTumorDataPublic_767-1532/1071.mat,data/processed/samples/1071.npz,256,256,330,140,157,113,140,17,27,27,498da01c518717fee5e6bd98bca06b337d48b4d6691738737eb5b3c78e7b7791
1072,108931,3,train,1512427/brainTumorDataPublic_767-1532/1072.mat,data/processed/samples/1072.npz,256,256,341,141,155,112,144,14,32,32,0bfe8d10750a1a4159ad331e34432a14654ab5ba3d3fab9cbdcc4ceaa16f3310
1073,108931,3,train,1512427/brainTumorDataPublic_767-1532/1073.mat,data/processed/samples/1073.npz,256,256,362,139,153,114,146,14,32,32,0711f6d9d704dcdc0b78818421aa563bc7a13bde52b3823f067a98c28351a2d7
1074,108931,3,train,1512427/brainTumorDataPublic_767-1532/1074.mat,data/processed/samples/1074.npz,256,256,1496,142,184,108,148,42,40,42,dc7f55023b95770f74583f994f5c3449c16849d06447c0b2ef385c9bd7e8d967
1075,108931,3,train,1512427/brainTumorDataPublic_767-1532/1075.mat,data/processed/samples/1075.npz,256,256,1770,153,188,95,162,35,67,67,f8e466634edc1713ffb8fd3b1d2f6aaf51a7e622d82dd4be11326c6c280033f3
1076,108931,3,train,1512427/brainTumorDataPublic_767-1532/1076.mat,data/processed/samples/1076.npz,256,256,1917,157,191,87,170,34,83,83,0b6eb141101d4a593ce1a99288b92e3e38145b6458214a162d079eb98b889f43
1077,109471,3,test,1512427/brainTumorDataPublic_767-1532/1077.mat,data/processed/samples/1077.npz,512,512,1333,246,285,234,279,39,45,45,4bf672a458ca6c8b59f15bf5a494378f7a4a7aa025a5c9bd34e5d2c65188af41
1078,109471,3,test,1512427/brainTumorDataPublic_767-1532/1078.mat,data/processed/samples/1078.npz,512,512,3952,243,324,220,285,81,65,81,b2511e057d1029cece53689492636014cb10ac425926a7c0a23c01af61ab186f
1079,109471,3,test,1512427/brainTumorDataPublic_767-1532/1079.mat,data/processed/samples/1079.npz,512,512,4198,244,329,219,293,85,74,85,001c80d049f1d6f9005bd244f6ff42b6df2a6cc9db97e69d082fb2f5c86e073a
1080,109471,3,test,1512427/brainTumorDataPublic_767-1532/1080.mat,data/processed/samples/1080.npz,512,512,4734,242,333,218,289,91,71,91,3e31e6ef2d65e6b402a7e6644268db679c5bb3147ebb84ec4daafda91dfdffcd
1081,109471,3,test,1512427/brainTumorDataPublic_767-1532/1081.mat,data/processed/samples/1081.npz,512,512,4828,242,330,216,293,88,77,88,eb925fed9b6a14837a9e031e738d43ea7b2f2e004605710d2f9a5ce774224ccb
1082,109471,3,test,1512427/brainTumorDataPublic_767-1532/1082.mat,data/processed/samples/1082.npz,512,512,1009,245,281,236,272,36,36,36,7fbd96a5247b2368cb94f8566e11c3db10a052d6cb7b0b86bdf9be934e800352
1083,109769,3,val,1512427/brainTumorDataPublic_767-1532/1083.mat,data/processed/samples/1083.npz,512,512,1994,220,269,225,278,49,53,53,3f963700c2da11c4ed8a754faea6480b04c048aa52176014a919edee17e37354
1084,109769,3,val,1512427/brainTumorDataPublic_767-1532/1084.mat,data/processed/samples/1084.npz,512,512,1331,227,267,230,277,40,47,47,e85a9ba9680e3cb8c2a9bbfb697c57c0c380ad16c1805b1191613801e7647e56
1085,109769,3,val,1512427/brainTumorDataPublic_767-1532/1085.mat,data/processed/samples/1085.npz,512,512,1851,237,272,213,294,35,81,81,f1ebddc6afb865ac497e5e9d0a4a4417676d4872564185bfbfdb9a12e1523b6f
1086,109769,3,val,1512427/brainTumorDataPublic_767-1532/1086.mat,data/processed/samples/1086.npz,512,512,959,243,262,216,280,19,64,64,5fca8654ce323d1a8c9ae70083478cf65663e3df98d7c757e03fe53a77796ab9
1087,109769,3,val,1512427/brainTumorDataPublic_767-1532/1087.mat,data/processed/samples/1087.npz,512,512,4563,257,335,200,285,78,85,85,3fefc8dadb83c87cbbace2361bb030c41e603aba3f55cefaca8041c554130c8a
1088,109898,3,train,1512427/brainTumorDataPublic_767-1532/1088.mat,data/processed/samples/1088.npz,512,512,3816,233,287,200,294,54,94,94,62ad14726783c47c4536d93f451b55d941feca4fb2b95bcd9973db5d4e7c3649
1089,109898,3,train,1512427/brainTumorDataPublic_767-1532/1089.mat,data/processed/samples/1089.npz,512,512,4128,233,291,210,293,58,83,83,733dd004f682dbcad9510a91a8ff2d53b0262d8f2d7497ab72ee089886f585c6
1090,109898,3,train,1512427/brainTumorDataPublic_767-1532/1090.mat,data/processed/samples/1090.npz,512,512,4345,225,290,211,291,65,80,80,3313aebbd6a228438b54fb43b3001034563313b37fa231ac479d50c427b4ae77
1091,109898,3,train,1512427/brainTumorDataPublic_767-1532/1091.mat,data/processed/samples/1091.npz,512,512,4315,221,294,210,290,73,80,80,d477e606a3f865ee5adad05a6194598a9931a52854b07bdcd7969a4fa7e98c8f
1092,109898,3,train,1512427/brainTumorDataPublic_767-1532/1092.mat,data/processed/samples/1092.npz,512,512,2820,237,294,213,287,57,74,74,9a1ff495515f442e096ba673a46a5730b107bf427db54268666788574f36ca90
1093,109898,3,train,1512427/brainTumorDataPublic_767-1532/1093.mat,data/processed/samples/1093.npz,512,512,2022,247,285,210,276,38,66,66,d328a1c8c6551cc2438d141c9e13cd0a79ae1f74732f83a280c5ac43cab60a40
1094,110518,3,test,1512427/brainTumorDataPublic_767-1532/1094.mat,data/processed/samples/1094.npz,512,512,1508,235,265,202,276,30,74,74,df21c4a38893bee2f917deab95bb1b52fa514bfcfd5db14ac6cd3c0a39c4f0d7
1095,110518,3,test,1512427/brainTumorDataPublic_767-1532/1095.mat,data/processed/samples/1095.npz,512,512,1912,239,285,194,256,46,62,62,87b32297aca635c4f684a21b9ba077baf108a13c5b2b44c6ca2aca35318c4b78
1096,110518,3,test,1512427/brainTumorDataPublic_767-1532/1096.mat,data/processed/samples/1096.npz,512,512,1954,233,289,212,258,56,46,56,dd9e3d87abc2b72e0923bdb1970d0b5e6f1068d558074ca847fcf49e1988f037
1097,110518,3,test,1512427/brainTumorDataPublic_767-1532/1097.mat,data/processed/samples/1097.npz,512,512,1338,234,280,221,260,46,39,46,38006d776e99c7771245bbb2ee03816fd843f7b1d1e18a9c9f0b603822f468a4
1098,110518,3,test,1512427/brainTumorDataPublic_767-1532/1098.mat,data/processed/samples/1098.npz,512,512,1579,233,278,215,264,45,49,49,347bd484201172612a68601959cd5b8309910a0f8ecce8091ce85cac697049ac
1099,110518,3,test,1512427/brainTumorDataPublic_767-1532/1099.mat,data/processed/samples/1099.npz,512,512,4607,239,296,183,287,57,104,104,50935aaff36730ca48b9d66e5a476545b225efc1dea3ef5481531407c6b552b4
1100,110537,3,train,1512427/brainTumorDataPublic_767-1532/1100.mat,data/processed/samples/1100.npz,512,512,996,243,268,230,283,25,53,53,8ab7b6d9092d822eb306b136651317b4ccd2441793758ac1cba2423abe3ee487
1101,110537,3,train,1512427/brainTumorDataPublic_767-1532/1101.mat,data/processed/samples/1101.npz,512,512,873,243,263,227,283,20,56,56,7553378773fc6db0405ab549709ca6bdb5f1d755678a93faebba4afe6afb4b8f
1102,110537,3,train,1512427/brainTumorDataPublic_767-1532/1102.mat,data/processed/samples/1102.npz,512,512,1313,244,270,224,285,26,61,61,11db750f99d4f5476820b650f65767d3173da5080ac40f0c03d739edb06ee5f9
1103,110537,3,train,1512427/brainTumorDataPublic_767-1532/1103.mat,data/processed/samples/1103.npz,512,512,3576,249,310,206,286,61,80,80,3c065ffdfe699f80a8b32156ba5ba9f827136198f745ba8247f96286514d7149
1104,110537,3,train,1512427/brainTumorDataPublic_767-1532/1104.mat,data/processed/samples/1104.npz,512,512,6302,251,319,199,321,68,122,122,6430eb2c7433dd5936bc4931a30e4624aacc12c6640c92677b1e807f38815cab
1105,110537,3,train,1512427/brainTumorDataPublic_767-1532/1105.mat,data/processed/samples/1105.npz,512,512,7021,266,326,181,326,60,145,145,aa11f5b1f6f7222686c248edcbe586179b69a592cc97e88d13f0ee9e077b37a9
1106,110537,3,train,1512427/brainTumorDataPublic_767-1532/1106.mat,data/processed/samples/1106.npz,512,512,6083,264,330,182,332,66,150,150,fe805de1b4ac71c7bcc5c6c586cc2a2a15feca3e390bd0a145250c0537fd2e0b
1107,110993,3,train,1512427/brainTumorDataPublic_767-1532/1107.mat,data/processed/samples/1107.npz,512,512,1653,254,289,218,280,35,62,62,ea434fef3a108d521eb6669527a76483f96d3b6141442e378f54c1614620cd93
1108,110993,3,train,1512427/brainTumorDataPublic_767-1532/1108.mat,data/processed/samples/1108.npz,512,512,1552,249,290,220,278,41,58,58,26e0933ae515993354dff4d89fdab6c9e22113740a5ffa7251dd5345e624de96
1109,110993,3,train,1512427/brainTumorDataPublic_767-1532/1109.mat,data/processed/samples/1109.npz,512,512,1698,243,282,225,283,39,58,58,f9ca39efe8d7cdf0615bbba5e832d282c3ba2189157952641e9336c7e56688b2
1110,110993,3,train,1512427/brainTumorDataPublic_767-1532/1110.mat,data/processed/samples/1110.npz,512,512,1989,255,308,242,286,53,44,53,26e408b115e5094f10e748da58d56176ca0e3c34a14f091c34e82c2aa4a9bba0
1111,110993,3,train,1512427/brainTumorDataPublic_767-1532/1111.mat,data/processed/samples/1111.npz,512,512,2171,262,311,242,312,49,70,70,15d5b7c3a755f96d807352d7d4f303d70f41a83c3491c5e902424ed13c62c704
1112,111075,3,test,1512427/brainTumorDataPublic_767-1532/1112.mat,data/processed/samples/1112.npz,512,512,2314,269,333,222,271,64,49,64,f564a05583e106853e00b543ec491adb325aec897ee9c94634ccbb19c77eb4f6
1113,111075,3,test,1512427/brainTumorDataPublic_767-1532/1113.mat,data/processed/samples/1113.npz,512,512,1724,279,322,224,283,43,59,59,67e8d12419e477dfa26b7c7a7b912b7d3bee1158c04ee0311087feaef77069ea
1114,111075,3,test,1512427/brainTumorDataPublic_767-1532/1114.mat,data/processed/samples/1114.npz,512,512,2713,281,339,221,286,58,65,65,86575933e919a09d353d61e1ae037ac5e1d47b591c83522a4d60825382b45958
1115,111075,3,test,1512427/brainTumorDataPublic_767-1532/1115.mat,data/processed/samples/1115.npz,512,512,539,316,340,240,268,24,28,28,bf92776492206d996d2ffafe6b936185511a93b2ecb9fa954737e4e73038269a
1116,111075,3,test,1512427/brainTumorDataPublic_767-1532/1116.mat,data/processed/samples/1116.npz,512,512,1053,281,307,234,283,26,49,49,3eae4ee6e94473f339f19957039d90f667c75698f257f5d53f59d5e2f8bde121
1117,111075,3,test,1512427/brainTumorDataPublic_767-1532/1117.mat,data/processed/samples/1117.npz,512,512,589,282,317,218,242,35,24,35,bc94b08fcfe81630785c8438e93685c96b22d2fbb44876421216f243810cc164
1118,111125,3,train,1512427/brainTumorDataPublic_767-1532/1118.mat,data/processed/samples/1118.npz,512,512,1794,201,246,239,287,45,48,48,7fb18f346df06019e5d725e0713b699470186075885b5017f05f8ecea890164a
1119,111125,3,train,1512427/brainTumorDataPublic_767-1532/1119.mat,data/processed/samples/1119.npz,512,512,2354,199,255,240,286,56,46,56,0a0a4aa8915e7a21cc738dd06cb43c7fd7aa873bf38510ae3253114ef654bad7
1120,111125,3,train,1512427/brainTumorDataPublic_767-1532/1120.mat,data/processed/samples/1120.npz,512,512,2324,195,255,241,286,60,45,60,7ed0e012e2098fb8da6b167630a78a14be7364c4df3e3b252d96c9a6f84c8d0c
1121,111125,3,train,1512427/brainTumorDataPublic_767-1532/1121.mat,data/processed/samples/1121.npz,512,512,739,229,256,251,283,27,32,32,e9497bf07f499d2fe28adf0063074416ae148b6c40c1218358f7ecbf7e06d716
1122,111125,3,train,1512427/brainTumorDataPublic_767-1532/1122.mat,data/processed/samples/1122.npz,512,512,2592,234,295,236,288,61,52,61,6fc8970ce339a4cc6ab69d91372dff41efdbe5f3fa6bc582b8ec05b21218e47a
1123,111125,3,train,1512427/brainTumorDataPublic_767-1532/1123.mat,data/processed/samples/1123.npz,512,512,2131,245,297,233,282,52,49,52,03ec393348639b259a449c9880e020128f02bd0de72cb178252cc6e217e3f204
1124,111785,3,train,1512427/brainTumorDataPublic_767-1532/1124.mat,data/processed/samples/1124.npz,512,512,2360,232,294,217,280,62,63,63,a102174937e7d661051b66ba5a70cff02dcf8e775c9abe15257b73e42dcf4897
1125,111785,3,train,1512427/brainTumorDataPublic_767-1532/1125.mat,data/processed/samples/1125.npz,512,512,2641,230,289,219,280,59,61,61,469e8a9c043bd677ad2efc7c2f05e471a9a5c8a7086f18c04089170a21413a30
1126,111785,3,train,1512427/brainTumorDataPublic_767-1532/1126.mat,data/processed/samples/1126.npz,512,512,2264,225,287,228,278,62,50,62,cb57a146ef0abb5a6b3a62b0b9947135a7f18268cd6224924a59ba96b552979d
1127,111785,3,train,1512427/brainTumorDataPublic_767-1532/1127.mat,data/processed/samples/1127.npz,512,512,2081,224,289,228,272,65,44,65,12b141926eed4ec1503d111b0ea24e0d16bbcbed65523ae8712c7581e1052c8e
1128,111785,3,train,1512427/brainTumorDataPublic_767-1532/1128.mat,data/processed/samples/1128.npz,512,512,2000,227,290,228,271,63,43,63,c98a75787cb1b331424eb6c83c8ae3d11889f94deb164269c04d1d82348be485
1129,112074,3,train,1512427/brainTumorDataPublic_767-1532/1129.mat,data/processed/samples/1129.npz,512,512,2296,221,274,228,285,53,57,57,6450a35509cf06f014c200a4d51937285630bfb6570d5592a6173863ed1eb488
1130,112074,3,train,1512427/brainTumorDataPublic_767-1532/1130.mat,data/processed/samples/1130.npz,512,512,3540,214,283,215,293,69,78,78,1c76ff3e7ce96ea7cbd0a2f23436c13574b1d178e2c7840d1be2f0b04e175f2b
1131,112074,3,train,1512427/brainTumorDataPublic_767-1532/1131.mat,data/processed/samples/1131.npz,512,512,3970,214,282,215,294,68,79,79,b00d664fdb23acab35a1182b08008aa7202af4b56a5eeaceaf6dfe0f7d7975c7
1132,112074,3,train,1512427/brainTumorDataPublic_767-1532/1132.mat,data/processed/samples/1132.npz,512,512,2907,217,280,229,285,63,56,63,d095ce8416501bcb83397ff83a7d7056f62343e55d5afe8fd60284a27b65fa63
1133,112074,3,train,1512427/brainTumorDataPublic_767-1532/1133.mat,data/processed/samples/1133.npz,512,512,2497,225,276,222,289,51,67,67,b97e13a2de6aa94c499eb9243c5885b2376f31731d21a27fb17c69c8f24c4e2c
1134,112649,3,train,1512427/brainTumorDataPublic_767-1532/1134.mat,data/processed/samples/1134.npz,512,512,1421,225,263,236,285,38,49,49,a3abb66462e9621b2d14963a29c990963aa8eccc1c7e4b73ad3a734a5cdc02b8
1135,112649,3,train,1512427/brainTumorDataPublic_767-1532/1135.mat,data/processed/samples/1135.npz,512,512,1799,220,266,231,280,46,49,49,c116844065ad4cb8e555ec88db1a7cf467de1550a6b33efc7ffbaa5d34e0be15
1136,112649,3,train,1512427/brainTumorDataPublic_767-1532/1136.mat,data/processed/samples/1136.npz,512,512,2011,219,267,230,282,48,52,52,a02751deeefe3dc9756c6f767074e33c8e6a4c45b52b325d2826f7b127000e92
1137,112649,3,train,1512427/brainTumorDataPublic_767-1532/1137.mat,data/processed/samples/1137.npz,512,512,2220,216,266,229,286,50,57,57,c8c98f995255872fb13324698f123465ca2df3db3323e2ccdd0f27dfb286b58a
1138,112649,3,train,1512427/brainTumorDataPublic_767-1532/1138.mat,data/processed/samples/1138.npz,512,512,1241,234,260,226,286,26,60,60,7754f2ce0d9796e5530e054c378cc6a0af9f5ce026938abe5058b32162f393d5
1139,112649,3,train,1512427/brainTumorDataPublic_767-1532/1139.mat,data/processed/samples/1139.npz,512,512,1532,240,268,220,296,28,76,76,dd3f729273163aa8905791ba41b3cdf63af13c2ad942a7386a63e12821b8293b
1140,112746,3,train,1512427/brainTumorDataPublic_767-1532/1140.mat,data/processed/samples/1140.npz,512,512,1791,233,269,217,285,36,68,68,3286fb3505f7c2c1fa465d422d755b6d2635a49e794d315385a4a97d7dfd18af
1141,112746,3,train,1512427/brainTumorDataPublic_767-1532/1141.mat,data/processed/samples/1141.npz,512,512,1966,228,279,214,274,51,60,60,de9245291afab68256abe2dff9d6b79196bf937e599ba8fad97f4690fd545e06
1142,112746,3,train,1512427/brainTumorDataPublic_767-1532/1142.mat,data/processed/samples/1142.npz,512,512,1373,235,274,227,271,39,44,44,7fc30798337870f0e3e00384676a06374cef79bc6043a9c3be15288ceca3de69
1143,112746,3,train,1512427/brainTumorDataPublic_767-1532/1143.mat,data/processed/samples/1143.npz,512,512,2788,239,297,218,280,58,62,62,7a63c17ea167e24daa0c09ccde4950cdaedb8428bd4cb29f1fad866e138965d6
1144,112847,3,test,1512427/brainTumorDataPublic_767-1532/1144.mat,data/processed/samples/1144.npz,512,512,1759,265,311,220,274,46,54,54,175d5efcce524be17bf62f88841d79e8eda9557d897182a6fc0709e76e5b390f
1145,112847,3,test,1512427/brainTumorDataPublic_767-1532/1145.mat,data/processed/samples/1145.npz,512,512,2163,263,320,220,276,57,56,57,0a122d87772558e3efc6241b7e8744eeb73578c5e2b91ac5e4195ada8fded6ab
1146,112847,3,test,1512427/brainTumorDataPublic_767-1532/1146.mat,data/processed/samples/1146.npz,512,512,2170,262,318,220,278,56,58,58,2fc1bcd67c1396c0688d693acf22da2dd6c72fb7be6f9d080425a348948c602f
1147,112847,3,test,1512427/brainTumorDataPublic_767-1532/1147.mat,data/processed/samples/1147.npz,512,512,1763,265,303,216,277,38,61,61,920e7acc4e09ed3ff7e2855cb20503ecd9a992ceb720a527f210bf8d3805a5dc
1148,113274,3,train,1512427/brainTumorDataPublic_767-1532/1148.mat,data/processed/samples/1148.npz,512,512,1554,330,362,228,298,32,70,70,6115f8e61b5d3fd67ca59ff08f266e982c182fb3df347303bf9f55618d4e9c4c
1149,113274,3,train,1512427/brainTumorDataPublic_767-1532/1149.mat,data/processed/samples/1149.npz,512,512,1511,322,364,239,291,42,52,52,0a1b9150883f09459651c5ec522a3ca3d5ceaafd6783bd05ce50462e3327acad
1150,113274,3,train,1512427/brainTumorDataPublic_767-1532/1150.mat,data/processed/samples/1150.npz,512,512,1052,329,361,241,284,32,43,43,be059f06927cccc0c87b25c13093f2e0fffa2b924bc4a4a80b9d9d7ba6910ef4
1151,113741,3,val,1512427/brainTumorDataPublic_767-1532/1151.mat,data/processed/samples/1151.npz,512,512,1075,249,277,225,277,28,52,52,2bca9a005397b6e806062c3ef8e6d45d51890633155bc88cfa3e1d3ca1b7f635
1152,113741,3,val,1512427/brainTumorDataPublic_767-1532/1152.mat,data/processed/samples/1152.npz,512,512,1078,246,279,227,271,33,44,44,c90ba09b8223118166c6b52e92ceb11911bb27c933c3528f42f10094beb2272c
1153,113741,3,val,1512427/brainTumorDataPublic_767-1532/1153.mat,data/processed/samples/1153.npz,512,512,1948,248,285,214,293,37,79,79,b7faea76827ace1e784d8e22b893ec545d59783e057a63539371fcb97a059b73
1154,114040,3,train,1512427/brainTumorDataPublic_767-1532/1154.mat,data/processed/samples/1154.npz,512,512,1855,239,289,226,278,50,52,52,9c30fafd10113058c24c20fa5bad511e4a176cf657f1f690b617edba5852ed1b
1155,114040,3,train,1512427/brainTumorDataPublic_767-1532/1155.mat,data/processed/samples/1155.npz,512,512,1831,240,289,227,275,49,48,49,9fd0e98afdef8d7e6791e733b62a71a8e9513a23f86bccbee769b1daa9966909
1156,114040,3,train,1512427/brainTumorDataPublic_767-1532/1156.mat,data/processed/samples/1156.npz,512,512,1880,240,291,226,272,51,46,51,64869ce9ec21a13f7874354accdb152a27e28950531dbc95fd6d80604e039aaf
1157,114361,3,val,1512427/brainTumorDataPublic_767-1532/1157.mat,data/processed/samples/1157.npz,512,512,2545,262,316,215,280,54,65,65,a247d04f8ec5eb50dc41c2fadc3213217c0bc2b59f541fda3c95b54f184a7a33
1158,114361,3,val,1512427/brainTumorDataPublic_767-1532/1158.mat,data/processed/samples/1158.npz,512,512,4289,253,329,214,291,76,77,77,e0eff2b685fed891afc361e5057dee5ef0a62842222f43fd6c9168de88832d9d
1159,114361,3,val,1512427/brainTumorDataPublic_767-1532/1159.mat,data/processed/samples/1159.npz,512,512,4177,250,322,214,287,72,73,73,463b51ca954ea37fbc9ff23be95da9d379ecac93801558811c5fa536061012c3
1160,114361,3,val,1512427/brainTumorDataPublic_767-1532/1160.mat,data/processed/samples/1160.npz,512,512,2548,252,303,219,282,51,63,63,d17906bfda8ba649810e86cc5fb344026f47290339a179dc8dd2a6335b545165
1161,114094,3,train,1512427/brainTumorDataPublic_767-1532/1161.mat,data/processed/samples/1161.npz,512,512,3201,297,359,231,298,62,67,67,9885b41b5a767534322c9ef9fc073bf198c93bfb526c7e825f20dbb3de0e0d46
1162,114094,3,train,1512427/brainTumorDataPublic_767-1532/1162.mat,data/processed/samples/1162.npz,512,512,4047,292,359,231,315,67,84,84,9a3e895f65490033039cf5e4d02281686351f1bb25ca525a2d465c101204a9ad
1163,114094,3,train,1512427/brainTumorDataPublic_767-1532/1163.mat,data/processed/samples/1163.npz,512,512,4380,280,357,228,302,77,74,77,0de26bee1061487340f3f52affc242cd284d6bdb492395ca388eb446b28ba43b
1164,114094,3,train,1512427/brainTumorDataPublic_767-1532/1164.mat,data/processed/samples/1164.npz,512,512,6072,267,362,228,323,95,95,95,e6ff6339564bd6fe21d25cb6101cf52a1a2db60853fa30a67a33cc2fb57ecbf7
1165,114094,3,train,1512427/brainTumorDataPublic_767-1532/1165.mat,data/processed/samples/1165.npz,512,512,5292,280,366,226,315,86,89,89,5da68faa3cc1b5a1594e71d67742a1f89b72d8dcc534c914be3e3cc4a099b968
1166,105936,3,train,1512427/brainTumorDataPublic_767-1532/1166.mat,data/processed/samples/1166.npz,512,512,1213,287,320,179,228,33,49,49,9cb5c7c553a7ce4d667833526e3690dbea53ed93fff25d23a9368ccbe9da7e2a
1167,105936,3,train,1512427/brainTumorDataPublic_767-1532/1167.mat,data/processed/samples/1167.npz,512,512,1204,290,323,178,224,33,46,46,12bdb4ad6e782961b47bdf7f4fe4341009f41d5173f6bcc893d907e441be2655
1168,105936,3,train,1512427/brainTumorDataPublic_767-1532/1168.mat,data/processed/samples/1168.npz,512,512,1073,288,321,181,223,33,42,42,237f38382e9860ee53bf04c7c2c501b406848da290868664857a5226a8596f4c
1169,106062,3,val,1512427/brainTumorDataPublic_767-1532/1169.mat,data/processed/samples/1169.npz,512,512,3637,221,303,183,238,82,55,82,c89a3a0f683a3d01853e9cf0e12919ae7e5118d2224c0c39278b4174549d6229
1170,106062,3,val,1512427/brainTumorDataPublic_767-1532/1170.mat,data/processed/samples/1170.npz,512,512,4301,215,305,182,239,90,57,90,e216a9dc0ffb475801827b8811a35e97385d24c7da38eefe7373b9849aede7c3
1171,106062,3,val,1512427/brainTumorDataPublic_767-1532/1171.mat,data/processed/samples/1171.npz,512,512,5152,212,304,177,245,92,68,92,4c6ba0a435b1e2c0091dbfb85ad814ed2c6c87ae82a63f6709e6aac157ad6c1a
1172,106062,3,val,1512427/brainTumorDataPublic_767-1532/1172.mat,data/processed/samples/1172.npz,512,512,5111,210,304,177,246,94,69,94,7383d142082653cba9ac9117aff299b1b75ea713a7fd09add1617f7cedaa3e3b
1173,106062,3,val,1512427/brainTumorDataPublic_767-1532/1173.mat,data/processed/samples/1173.npz,512,512,4883,210,302,178,247,92,69,92,41324a5f2d9a8c5812834f160039b260522066746123b94c0028c098dd3c6908
1174,106062,3,val,1512427/brainTumorDataPublic_767-1532/1174.mat,data/processed/samples/1174.npz,512,512,4303,214,301,181,243,87,62,87,7914778f3b6494dc6affa9bf1fa0dbb5f55fccec0a9fa26f0a3a230b7c10c11c
1175,106062,3,val,1512427/brainTumorDataPublic_767-1532/1175.mat,data/processed/samples/1175.npz,512,512,2273,216,270,186,240,54,54,54,f65fed2b72c3eca5f66db25d937bdd45b4323af137ea16cc87adba2202028b61
1176,107495,3,test,1512427/brainTumorDataPublic_767-1532/1176.mat,data/processed/samples/1176.npz,512,512,891,256,285,190,235,29,45,45,a0c80380f95fea6f5160d300c9fa9c80b09c0a6c9195e05a7cdec54be3d5266f
1177,107495,3,test,1512427/brainTumorDataPublic_767-1532/1177.mat,data/processed/samples/1177.npz,512,512,2285,224,286,189,240,62,51,62,3b11d008f16bb8c8db44ae833b7a82eee1ddf47cb418ae70a8a8d23f12c467f1
1178,107495,3,test,1512427/brainTumorDataPublic_767-1532/1178.mat,data/processed/samples/1178.npz,512,512,2688,226,290,184,240,64,56,64,6d26cf7da43d42c5daaac3342b946a28bf05d2d628f0c80358754b82951a69ac
1179,107495,3,test,1512427/brainTumorDataPublic_767-1532/1179.mat,data/processed/samples/1179.npz,512,512,2504,224,290,184,234,66,50,66,6fc6ca9691ac9bdc3e8f49cd155fb5d8597f6c278c283bbb6899e09b4baf685b
1180,107495,3,test,1512427/brainTumorDataPublic_767-1532/1180.mat,data/processed/samples/1180.npz,512,512,1866,232,287,187,230,55,43,55,10077e4c6e131350b02aee404dca652518323fbc5631dfab52f1cffb3235d3a8
1181,107495,3,test,1512427/brainTumorDataPublic_767-1532/1181.mat,data/processed/samples/1181.npz,512,512,1074,253,286,188,232,33,44,44,0f7cefca12fb63b985ae950735118477c92f0e26a2e43954c75a3e43dab66ef9
1182,107429,3,train,1512427/brainTumorDataPublic_767-1532/1182.mat,data/processed/samples/1182.npz,512,512,1893,280,328,186,243,48,57,57,dec7c604d748c4624a01b014f8dca9a6f7e716cfa9ef016a9307c66716830e97
1183,107429,3,train,1512427/brainTumorDataPublic_767-1532/1183.mat,data/processed/samples/1183.npz,512,512,3970,257,334,177,244,77,67,77,1a401876d4bcb9291e683f726c2b24476ae0a20fcc9fd040cd7937275006026b
1184,107429,3,train,1512427/brainTumorDataPublic_767-1532/1184.mat,data/processed/samples/1184.npz,512,512,4509,250,335,176,240,85,64,85,51a704182528eb4c2001406a5347d86247e49aa32ef7c5b4d533468e8b1ab03f
1185,107429,3,train,1512427/brainTumorDataPublic_767-1532/1185.mat,data/processed/samples/1185.npz,512,512,5228,245,337,172,242,92,70,92,80eb531020f3ebc334d8517bc22ae939fe8c2e6ec5b28c54eb8fb3b0a1d87eb0
1186,107429,3,train,1512427/brainTumorDataPublic_767-1532/1186.mat,data/processed/samples/1186.npz,512,512,5531,244,339,170,241,95,71,95,f6dd14fa5ea04c31067e816e8f75237ef136cdc126f6dfe3561f507db4fe8f6b
1187,107429,3,train,1512427/brainTumorDataPublic_767-1532/1187.mat,data/processed/samples/1187.npz,512,512,5089,245,338,174,238,93,64,93,d2b403dcfdce389492aefbc84fb7050b1ec0976ebf1b0f3fb398cc8ece1c8c3b
1188,107429,3,train,1512427/brainTumorDataPublic_767-1532/1188.mat,data/processed/samples/1188.npz,512,512,4264,250,334,179,237,84,58,84,3341c1d2de61465858669177885e5495dabf865d913d295502f35cc46791e9d2
1189,107505,3,train,1512427/brainTumorDataPublic_767-1532/1189.mat,data/processed/samples/1189.npz,512,512,1222,266,304,216,262,38,46,46,ce419328a7522670c84619c2811621434265b699b44c5f470a4d99c2065b20e2
1190,107505,3,train,1512427/brainTumorDataPublic_767-1532/1190.mat,data/processed/samples/1190.npz,512,512,3097,242,326,211,258,84,47,84,dbd8e0bfcf35808c0258379fb717ac6346d4dd7bc01a7bf504b1868fd02b24a9
1191,107505,3,train,1512427/brainTumorDataPublic_767-1532/1191.mat,data/processed/samples/1191.npz,512,512,2306,241,305,209,254,64,45,64,f1a5103dbb7ac0474b00e6690b29ef9e485371aa72a0c7d8e8b1a606390e34ad
1192,107505,3,train,1512427/brainTumorDataPublic_767-1532/1192.mat,data/processed/samples/1192.npz,512,512,2420,250,318,208,254,68,46,68,72ddd6b1e951a63d4d17d27cbb15d44e6d761493597f9469852e646830e59eec
1193,107505,3,train,1512427/brainTumorDataPublic_767-1532/1193.mat,data/processed/samples/1193.npz,512,512,2159,259,315,207,257,56,50,56,e1810606858679d6452fa72eab270eabe4d7f9a77bac9733a9df2f5c48177c5a
1194,107743,3,train,1512427/brainTumorDataPublic_767-1532/1194.mat,data/processed/samples/1194.npz,512,512,1359,255,294,191,233,39,42,42,ffc162fe7c356c5c5460518addb6b1c2ef14314a2db5407465c00796c5ba71f6
1195,107743,3,train,1512427/brainTumorDataPublic_767-1532/1195.mat,data/processed/samples/1195.npz,512,512,1511,260,302,191,233,42,42,42,4ebb476f2ea4508cb2ebbee1e6198e0094c789b35a6d47df3d9294c4666d9d5d
1196,107743,3,train,1512427/brainTumorDataPublic_767-1532/1196.mat,data/processed/samples/1196.npz,512,512,1699,257,303,188,232,46,44,46,a5647b8dfc2eb8ce44c81ddc57376ba505ea0fbbdc3bcc41613b709f132245a3
1197,107743,3,train,1512427/brainTumorDataPublic_767-1532/1197.mat,data/processed/samples/1197.npz,512,512,1647,258,298,186,235,40,49,49,c84dbca78ae0c611ad9d6260c97a5c777fe82043513e3dcb2fcd87dd6ff60abb
1198,108858,3,train,1512427/brainTumorDataPublic_767-1532/1198.mat,data/processed/samples/1198.npz,512,512,851,251,279,213,251,28,38,38,feff27cd4e9c92f138ccc315b5e35a7b5377bd3461210a6af211dab2281f84ab
1199,108858,3,train,1512427/brainTumorDataPublic_767-1532/1199.mat,data/processed/samples/1199.npz,512,512,1125,231,277,214,247,46,33,46,1183011fbf429b2eeeb6096024554652ed5669b2d29d2198b7bf87cb9b9b6b1c
1200,108858,3,train,1512427/brainTumorDataPublic_767-1532/1200.mat,data/processed/samples/1200.npz,512,512,1408,230,281,214,248,51,34,51,fc138b491817004289091d75f63f0669120e6ceefdfb429161fb55e80dc8f269
1201,108858,3,train,1512427/brainTumorDataPublic_767-1532/1201.mat,data/processed/samples/1201.npz,512,512,1186,234,277,214,249,43,35,43,8953bf5c840ac10acb3698e2e598dceadf586548a203239c486c2bc1428954bd
1202,108858,3,train,1512427/brainTumorDataPublic_767-1532/1202.mat,data/processed/samples/1202.npz,512,512,1103,242,290,214,252,48,38,48,1228f1ce85ff838a77179f691c1d7e327b8ec24579e7a7a7b81449bcc7f47055
1203,108931,3,train,1512427/brainTumorDataPublic_767-1532/1203.mat,data/processed/samples/1203.npz,256,256,229,141,156,98,117,15,19,19,449146eb5a7ac37b93b4fe33ab3b37b48650e8dce5d9d6ffa20d4be04b56480f
1204,108931,3,train,1512427/brainTumorDataPublic_767-1532/1204.mat,data/processed/samples/1204.npz,256,256,246,141,157,98,117,16,19,19,89bd6d73e1e3687511dc684381c136aa8db1195d7df134d6194941ddec566ed9
1205,108931,3,train,1512427/brainTumorDataPublic_767-1532/1205.mat,data/processed/samples/1205.npz,256,256,236,141,158,99,115,17,16,17,f322460306c88b13bf63b2a914e48ee0e974634d18cdec0cb1fe0870380810e0
1206,108931,3,train,1512427/brainTumorDataPublic_767-1532/1206.mat,data/processed/samples/1206.npz,256,256,184,142,156,99,115,14,16,16,17575ae50cc3b42f92b6583a9eb03475d484d7cc338eb845c4ada9e3037f295c
1207,108931,3,train,1512427/brainTumorDataPublic_767-1532/1207.mat,data/processed/samples/1207.npz,256,256,163,142,156,99,115,14,16,16,8886ea62dda063247be781bcefdce03064c3245fb3ccafe8ae72557fe7c65b83
1208,109471,3,test,1512427/brainTumorDataPublic_767-1532/1208.mat,data/processed/samples/1208.npz,512,512,1335,248,285,168,211,37,43,43,d3878ed17435633a8599fabaa01affda5e473c782539a54db155f53df1037923
1209,109471,3,test,1512427/brainTumorDataPublic_767-1532/1209.mat,data/processed/samples/1209.npz,512,512,3555,246,326,163,224,80,61,80,a6c81906be6a9f31dfc698dcfed0f1c77e2f0830f0777b1c017809324f8881b9
1210,109471,3,test,1512427/brainTumorDataPublic_767-1532/1210.mat,data/processed/samples/1210.npz,512,512,3683,243,325,161,222,82,61,82,f332242a605ec1013e7fb37bc25e2fb2b6ae94984d288001df067e5ded7114db
1211,109471,3,test,1512427/brainTumorDataPublic_767-1532/1211.mat,data/processed/samples/1211.npz,512,512,3735,245,329,161,220,84,59,84,28becadd251359da9983ca84cd53eec25d763cba689b141f3f44456771086344
1212,109471,3,test,1512427/brainTumorDataPublic_767-1532/1212.mat,data/processed/samples/1212.npz,512,512,3452,247,327,163,225,80,62,80,4ac4ccf0c9ffd3416a8484c680960edef16433677c843c8e0445795c29381a01
1213,109471,3,test,1512427/brainTumorDataPublic_767-1532/1213.mat,data/processed/samples/1213.npz,512,512,3047,248,325,173,226,77,53,77,737345c9e4888cb1d9665955b795fc01356acd4da14aa16fe9869ddb9c4385b0
1214,109769,3,val,1512427/brainTumorDataPublic_767-1532/1214.mat,data/processed/samples/1214.npz,512,512,1184,238,275,207,248,37,41,41,3d2fc68ebe3c80fafb89d59216abb847cf6074fe06da0d79f3402cc4df0e542b
1215,109769,3,val,1512427/brainTumorDataPublic_767-1532/1215.mat,data/processed/samples/1215.npz,512,512,932,244,275,206,243,31,37,37,afcb7ed408171607c50bb5a7b49df85e792403f7245034fb898cb1313051c7cc
1216,109769,3,val,1512427/brainTumorDataPublic_767-1532/1216.mat,data/processed/samples/1216.npz,512,512,1450,231,276,203,244,45,41,45,10a36c5fc60727246291b17185b06a910d9cdd952f1c0daecb267c0d5951da7c
1217,109769,3,val,1512427/brainTumorDataPublic_767-1532/1217.mat,data/processed/samples/1217.npz,512,512,1224,230,272,205,242,42,37,42,5ed73cc27d9bed074b7acabcc4e94e0d58369e9b14b499a8e85f86f7f1e50938
1218,109769,3,val,1512427/brainTumorDataPublic_767-1532/1218.mat,data/processed/samples/1218.npz,512,512,735,246,272,204,242,26,38,38,c78ee92da4fc6a498651b5c8fcd1bb24b560a4569097802c53ea0942a911e3da
1219,109898,3,train,1512427/brainTumorDataPublic_767-1532/1219.mat,data/processed/samples/1219.npz,512,512,1827,259,311,192,240,52,48,52,80a4229f654d3511a24cda0e9dfc6d9227f021809846fb511593ad4d2ce3ca2d
1220,109898,3,train,1512427/brainTumorDataPublic_767-1532/1220.mat,data/processed/samples/1220.npz,512,512,2013,257,317,193,238,60,45,60,a917b2d27bc70682d094fc28cdddb4463700bc7d20a1d073a5b28abaad3d70ec
1221,109898,3,train,1512427/brainTumorDataPublic_767-1532/1221.mat,data/processed/samples/1221.npz,512,512,2824,241,317,191,243,76,52,76,db13641f2c11136f72cf3b082d18e8bdbaab781ccb0bdc1940da5018406211d5
1222,110518,3,test,1512427/brainTumorDataPublic_767-1532/1222.mat,data/processed/samples/1222.npz,512,512,1847,243,291,215,268,48,53,53,48487c82a13bff8b9103c800532e378c200377f296bafe2cd01c213e0867ab68
1223,110518,3,test,1512427/brainTumorDataPublic_767-1532/1223.mat,data/processed/samples/1223.npz,512,512,1789,245,290,215,266,45,51,51,e5242f5ead739e86a7efcbf9e57a72cf2c8b1258ca686bef4d13ad45c8da2c8c
1224,110518,3,test,1512427/brainTumorDataPublic_767-1532/1224.mat,data/processed/samples/1224.npz,512,512,1489,243,295,215,254,52,39,52,1d75dcda99333f732006170685834c0da333a146c18772f27592e0369edcf57f
1225,110518,3,test,1512427/brainTumorDataPublic_767-1532/1225.mat,data/processed/samples/1225.npz,512,512,1226,243,284,210,250,41,40,41,c913bb495ede92f5da5f5f9618401ce44f95108fb128b0d8b151174bcf4591fb
1226,110537,3,train,1512427/brainTumorDataPublic_767-1532/1226.mat,data/processed/samples/1226.npz,512,512,622,261,283,211,247,22,36,36,0b259f2f4a7b36e3a1f731b0fd39e1742b03abad17e357251810e36207f94f6f
1227,110537,3,train,1512427/brainTumorDataPublic_767-1532/1227.mat,data/processed/samples/1227.npz,512,512,709,262,284,209,250,22,41,41,0a1dd99b272992d14940bab102e08d66cc1518dd36cea024db1b1528378309c5
1228,110537,3,train,1512427/brainTumorDataPublic_767-1532/1228.mat,data/processed/samples/1228.npz,512,512,685,261,287,208,243,26,35,35,71088f4fbc68946ed4d0bec5b1d5ee603809b5ec5a98844da92e2e707ad8a963
1229,110537,3,train,1512427/brainTumorDataPublic_767-1532/1229.mat,data/processed/samples/1229.npz,512,512,505,264,283,208,240,19,32,32,68a29082875f33281aa8c261c8b9da1933439e7c9ee83eaebd9ab66f02867a56
1230,110993,3,train,1512427/brainTumorDataPublic_767-1532/1230.mat,data/processed/samples/1230.npz,512,512,2952,290,353,220,302,63,82,82,9f933d9b0c7c76ba86e2a48698c1a5d360933e4696c621dec333b2b37299a61d
1231,110993,3,train,1512427/brainTumorDataPublic_767-1532/1231.mat,data/processed/samples/1231.npz,512,512,884,288,322,216,257,34,41,41,f6a9eccd78f09116dc19eaa3804a9ddde88ec237a22b6ea5a6e83eec8158b450
1232,110993,3,train,1512427/brainTumorDataPublic_767-1532/1232.mat,data/processed/samples/1232.npz,512,512,766,286,320,215,259,34,44,44,ea910aeaed352997644905c4a969e71b4860c48bfb117394f2aa28f26e9b2d7c
1233,111075,3,test,1512427/brainTumorDataPublic_767-1532/1233.mat,data/processed/samples/1233.npz,512,512,1296,275,312,212,256,37,44,44,9f73b8f64482983783070af9beb2fb26f1a388a8a568c0ffae1c097deff71b80
1234,111075,3,test,1512427/brainTumorDataPublic_767-1532/1234.mat,data/processed/samples/1234.npz,512,512,1009,277,311,213,249,34,36,36,239fd02cad947b51465b98c7c4966938274109d4a37e985354febeb65b009014
1235,111075,3,test,1512427/brainTumorDataPublic_767-1532/1235.mat,data/processed/samples/1235.npz,512,512,1192,274,312,206,247,38,41,41,b59f6ebc74d1155286caf092f069de124030b3729fe1bfeba0cf1b4e9c22702e
1236,111075,3,test,1512427/brainTumorDataPublic_767-1532/1236.mat,data/processed/samples/1236.npz,512,512,1063,280,317,203,242,37,39,39,951eb24e49268eab047f092470f4cb4f7c3c0f3a7e0ab3223ae220cea8a0841a
1237,111075,3,test,1512427/brainTumorDataPublic_767-1532/1237.mat,data/processed/samples/1237.npz,512,512,1042,282,324,207,245,42,38,42,0441b3bb312d5510e95ddaf0ba9819876159d22ed57cce75bcd3f1e286f4a52f
1238,111125,3,train,1512427/brainTumorDataPublic_767-1532/1238.mat,data/processed/samples/1238.npz,512,512,1639,233,285,191,232,52,41,52,823a65eebe305bf5d184af3e1bb4e61a718af1c9e822b8479fe0bee848f7f98f
1239,111125,3,train,1512427/brainTumorDataPublic_767-1532/1239.mat,data/processed/samples/1239.npz,512,512,1517,231,281,193,230,50,37,50,8087ab5bbf67d83bf8ba8add5bafc21cc4c358e09f7631ebb81829a52818fc5a
1240,111125,3,train,1512427/brainTumorDataPublic_767-1532/1240.mat,data/processed/samples/1240.npz,512,512,1527,230,283,189,226,53,37,53,499a12bd2d520a802666d95615f5e00a0fff24df58d9059da836a4f6c770186d
1241,111125,3,train,1512427/brainTumorDataPublic_767-1532/1241.mat,data/processed/samples/1241.npz,512,512,1480,230,284,192,230,54,38,54,09397f0f358672bd61e51e014140799330a343f7491ddc8ae0a61d926f0273c1
1242,111785,3,train,1512427/brainTumorDataPublic_767-1532/1242.mat,data/processed/samples/1242.npz,512,512,1346,229,277,208,241,48,33,48,e3226780559637c31d82c55425d9cf455fc7aac07c2f8ecf6a4e4e3bea5bc237
1243,111785,3,train,1512427/brainTumorDataPublic_767-1532/1243.mat,data/processed/samples/1243.npz,512,512,1889,227,286,202,242,59,40,59,bac78fdc5a23cedc7a565f9a25e31924941d7edf9893edd065c3d8f0961e32d7
1244,111785,3,train,1512427/brainTumorDataPublic_767-1532/1244.mat,data/processed/samples/1244.npz,512,512,1961,224,288,203,242,64,39,64,8327dce45fc86e9cc70aebb76aaa8adb85ecb8ae32fcfc55cc905267bee0552b
1245,111785,3,train,1512427/brainTumorDataPublic_767-1532/1245.mat,data/processed/samples/1245.npz,512,512,1360,235,284,205,242,49,37,49,59567b28a73377def1efc46541a9cc72205769fcf7e0ad25bb4e6788d4810641
1246,112074,3,train,1512427/brainTumorDataPublic_767-1532/1246.mat,data/processed/samples/1246.npz,512,512,1615,222,264,196,244,42,48,48,368e4e0851e4117a4df87c3910591331050e8b48da46f1b3ced574afbd953554
1247,112074,3,train,1512427/brainTumorDataPublic_767-1532/1247.mat,data/processed/samples/1247.npz,512,512,2731,209,271,192,247,62,55,62,fb58b6bf524f9ddb0c0724e1b7bebf07dd18a053371e1e81990dc840bb31339e
1248,112074,3,train,1512427/brainTumorDataPublic_767-1532/1248.mat,data/processed/samples/1248.npz,512,512,3118,207,273,191,249,66,58,66,0ac7eb8ac869af50cfd3c3875855c92bd1cefc8428215be6d5ce3cb5545f9eda
1249,112074,3,train,1512427/brainTumorDataPublic_767-1532/1249.mat,data/processed/samples/1249.npz,512,512,2841,207,273,192,246,66,54,66,d09e57de3eeeb53db71eff53c20c64c1bb96b33193eafc119c85ebb4990cdbc6
1250,112074,3,train,1512427/brainTumorDataPublic_767-1532/1250.mat,data/processed/samples/1250.npz,512,512,2077,209,267,197,242,58,45,58,f44ec49be1a1d47d2841850ab21c58a8650c4f37633efa1488e86368c2c779f2
1251,112649,3,train,1512427/brainTumorDataPublic_767-1532/1251.mat,data/processed/samples/1251.npz,512,512,1252,253,293,221,261,40,40,40,c4c1ee7c0b088127ef5388e923aa8cb4e9d5292c24860f600a4bab9b1a5fe69e
1252,112649,3,train,1512427/brainTumorDataPublic_767-1532/1252.mat,data/processed/samples/1252.npz,512,512,1462,248,297,222,260,49,38,49,6aee7d6af0191287f4ee15e4accc27f8d41a04472a8d4f72848e3d2d35866069
1253,112649,3,train,1512427/brainTumorDataPublic_767-1532/1253.mat,data/processed/samples/1253.npz,512,512,1592,245,296,222,261,51,39,51,f3d4aa2183fac0b7a77af8d5147380ed06ac9c30d2d4e6c4a4eecd66af2cfd86
1254,112649,3,train,1512427/brainTumorDataPublic_767-1532/1254.mat,data/processed/samples/1254.npz,512,512,1418,245,290,222,261,45,39,45,9370e20dcb833dfa6d471640db0032a8e334dd10694218a7b1b3e861a3393721
1255,112649,3,train,1512427/brainTumorDataPublic_767-1532/1255.mat,data/processed/samples/1255.npz,512,512,944,246,287,223,257,41,34,41,5a1e20b2a9658df0e086c270090567b522290df64a0b8acba0c0980dcb0430ff
1256,112746,3,train,1512427/brainTumorDataPublic_767-1532/1256.mat,data/processed/samples/1256.npz,512,512,872,279,311,195,229,32,34,34,500d3816b43c0f05d978104fd41942917c252c415340bb7aa65873bb6c84208b
1257,112746,3,train,1512427/brainTumorDataPublic_767-1532/1257.mat,data/processed/samples/1257.npz,512,512,1012,263,307,193,229,44,36,44,9748a559c639e2ee9ed2bd69a8a0463cfd86aa603419c2725fba1b97bc2a53f3
1258,112746,3,train,1512427/brainTumorDataPublic_767-1532/1258.mat,data/processed/samples/1258.npz,512,512,1155,270,309,193,231,39,38,39,2ecec0d1e39566529f8e9fc911022c70fc2c7af7a0a8e24245e2669f2d081ffa
1259,112746,3,train,1512427/brainTumorDataPublic_767-1532/1259.mat,data/processed/samples/1259.npz,512,512,922,269,309,193,227,40,34,40,9f57defb3a3920bc399aaf71726fdaa88199fbbfa264ae3a90c8c70c709c7fae
1260,112746,3,train,1512427/brainTumorDataPublic_767-1532/1260.mat,data/processed/samples/1260.npz,512,512,1261,274,319,189,236,45,47,47,3b8592c421f64f457a1e74aff600fb2b48ff237aa4ceb2b62aafcf131e59ac6c
1261,112847,3,test,1512427/brainTumorDataPublic_767-1532/1261.mat,data/processed/samples/1261.npz,512,512,1121,277,311,169,210,34,41,41,a9dbe758f77fb0fa9cf846cf6aa1c9345e4d2c012349684f5b078a4816dd363c
1262,112847,3,test,1512427/brainTumorDataPublic_767-1532/1262.mat,data/processed/samples/1262.npz,512,512,1226,277,318,172,210,41,38,41,3f8b463cc00053c3c94a7277cab1f82a4928ee11459d868b5a3f0518c7cec7c1
1263,112847,3,test,1512427/brainTumorDataPublic_767-1532/1263.mat,data/processed/samples/1263.npz,512,512,1690,277,326,172,214,49,42,49,b5d5cf1574e61ffad28caa69d27cb9d5a58a132957c25649026f257dcc8b1183
1264,112847,3,test,1512427/brainTumorDataPublic_767-1532/1264.mat,data/processed/samples/1264.npz,512,512,1392,278,322,172,214,44,42,44,3b6c20643c44622b3734ba4d93967ac6ad62bd73d27f2021e37303cc9c54a398
1265,112847,3,test,1512427/brainTumorDataPublic_767-1532/1265.mat,data/processed/samples/1265.npz,512,512,1039,282,314,173,215,32,42,42,517e75b9e14b5aea05d43202ba1dfd9b3915adde5b3a203a1596f83faa0aabd5
1266,113274,3,train,1512427/brainTumorDataPublic_767-1532/1266.mat,data/processed/samples/1266.npz,512,512,318,322,338,205,230,16,25,25,fc0a17e709b6512252d354e50de356e544e1c59044ca36549705533f422e3784
1267,113274,3,train,1512427/brainTumorDataPublic_767-1532/1267.mat,data/processed/samples/1267.npz,512,512,490,319,344,203,226,25,23,25,82d711175177589f8545f7257936250332d1eca7e0e36223c461077b7dbdc43f
1268,113274,3,train,1512427/brainTumorDataPublic_767-1532/1268.mat,data/processed/samples/1268.npz,512,512,612,320,347,200,229,27,29,29,0a057cad4f6db5bef36909e7d79be4ce5f797f32077467e59f5904df4ca6bfee
1269,113274,3,train,1512427/brainTumorDataPublic_767-1532/1269.mat,data/processed/samples/1269.npz,512,512,709,321,347,196,231,26,35,35,d7ffb766cb75e03e445824d87a3bf734233d4879a05c0a6daf39a8a4918173fa
1270,113741,3,val,1512427/brainTumorDataPublic_767-1532/1270.mat,data/processed/samples/1270.npz,512,512,400,249,272,197,228,23,31,31,d8e00fa7dafc8e2a75273007a884405e9a3c9296d3901aad71659bd85d46736d
1271,113741,3,val,1512427/brainTumorDataPublic_767-1532/1271.mat,data/processed/samples/1271.npz,512,512,329,249,272,198,227,23,29,29,10e9b018b69c4424b25f1b88a891b92e7d6741707f687822cabc972f3da4e767
1272,113741,3,val,1512427/brainTumorDataPublic_767-1532/1272.mat,data/processed/samples/1272.npz,512,512,339,249,274,199,225,25,26,26,ecd9b492a0b5740b69caea0a5cd5637472cc7af791a3989e6e5c2b4aa06ea510
1273,114040,3,train,1512427/brainTumorDataPublic_767-1532/1273.mat,data/processed/samples/1273.npz,512,512,1365,256,298,201,243,42,42,42,d93bb2e092bc49e41dec91628374f7ec663f6a17ec702d9f676883f0659ec285
1274,114040,3,train,1512427/brainTumorDataPublic_767-1532/1274.mat,data/processed/samples/1274.npz,512,512,1512,257,299,202,246,42,44,44,6646f7ea24670c45533cfa6a8e51ccf4b0c3c0e72aa6f330938981d0dceea05c
1275,114040,3,train,1512427/brainTumorDataPublic_767-1532/1275.mat,data/processed/samples/1275.npz,512,512,1543,255,302,201,243,47,42,47,ef83a73ad60aa4a4ffc824fc26a963c0c2d410f016b43af081ae36862352513b
1276,114361,3,val,1512427/brainTumorDataPublic_767-1532/1276.mat,data/processed/samples/1276.npz,512,512,3458,266,329,183,255,63,72,72,31bb6bbbe4fad088055e06b2e1fcce0f265741a464c30ac6b0aaab2e1b00df81
1277,114361,3,val,1512427/brainTumorDataPublic_767-1532/1277.mat,data/processed/samples/1277.npz,512,512,3809,263,332,181,255,69,74,74,54aa5be62c8374ff8f3fd7e61b9aef545129b1f5f4e5367f8a6c34167b4569be
1278,114361,3,val,1512427/brainTumorDataPublic_767-1532/1278.mat,data/processed/samples/1278.npz,512,512,3628,264,331,183,253,67,70,70,f6628afda9cd385cbcb3bced3592f1d785857be7a5bb1175e6209a0beabd3728
1279,114094,3,train,1512427/brainTumorDataPublic_767-1532/1279.mat,data/processed/samples/1279.npz,512,512,5118,275,364,165,238,89,73,89,012ca8058233086ebef35a1b6d81f3d3fafe12a2dcb9cd1a43a1ae81c634609c
1280,114094,3,train,1512427/brainTumorDataPublic_767-1532/1280.mat,data/processed/samples/1280.npz,512,512,6210,268,366,155,241,98,86,98,1f99079a16a7614454ba7df239e955db7c15d3ba461b940fea034911245d7b63
1281,114094,3,train,1512427/brainTumorDataPublic_767-1532/1281.mat,data/processed/samples/1281.npz,512,512,5583,279,369,152,238,90,86,90,a7c7162f74ab8b758c7dd42859d2a4132a6c6d38631e4dcd024c5385ba4619f7
1282,114094,3,train,1512427/brainTumorDataPublic_767-1532/1282.mat,data/processed/samples/1282.npz,512,512,3881,291,363,164,237,72,73,73,b9aff3baa76a21133e65c564b56ed28bd27f38d76cdf5201d49f93d3061480dc
1283,101029,3,train,1512427/brainTumorDataPublic_767-1532/1283.mat,data/processed/samples/1283.npz,512,512,1630,194,236,222,271,42,49,49,d369cbd4bb77b4a9a2a5deaa745b3ec44d05a43c23b55ff7a6ecdd8692618af7
1284,101029,3,train,1512427/brainTumorDataPublic_767-1532/1284.mat,data/processed/samples/1284.npz,512,512,1193,195,230,226,271,35,45,45,4275e4e4365b54617293f13a8fd494cb52243090767f89240281d65509aac9a4
1285,101145,3,train,1512427/brainTumorDataPublic_767-1532/1285.mat,data/processed/samples/1285.npz,512,512,546,209,235,240,266,26,26,26,ef20f9e9d5742b50a9291d7853b659f5ad5a7e4719aad8032ac56c0bfe5e5c8a
1286,101145,3,train,1512427/brainTumorDataPublic_767-1532/1286.mat,data/processed/samples/1286.npz,512,512,593,209,232,236,267,23,31,31,efc87619d634edb7cd6e8225a38232c1a508a5c0c3063c116cd50229930b7c1f
1287,101145,3,train,1512427/brainTumorDataPublic_767-1532/1287.mat,data/processed/samples/1287.npz,512,512,340,210,229,241,265,19,24,24,20ebb6e5ed900e4517e216eb4ec7ebeb6072f830f7ccbbc5cc9dcf0f9fc9f7c9
1288,101145,3,train,1512427/brainTumorDataPublic_767-1532/1288.mat,data/processed/samples/1288.npz,512,512,959,206,243,236,274,37,38,38,9373712d497f7e9434f7aed9823b02c003f8b43ad22d7047de0bdbf8f0d96cb4
1289,101305,3,train,1512427/brainTumorDataPublic_767-1532/1289.mat,data/processed/samples/1289.npz,512,512,1052,190,220,234,275,30,41,41,a9422b88fe0d082ad9b177a6308663928b03ded4f2f442fe05633d9124b1f368
1290,101305,3,train,1512427/brainTumorDataPublic_767-1532/1290.mat,data/processed/samples/1290.npz,512,512,1082,183,216,234,277,33,43,43,6a8ae7d39b1c16d3992bd3938d6803aa7732fb641e537cc31260b2a73298c5f7
1291,101305,3,train,1512427/brainTumorDataPublic_767-1532/1291.mat,data/processed/samples/1291.npz,512,512,1108,179,211,231,277,32,46,46,779b9de43637a66d4b73121a2adfb5fe0edd07e0a4d1682a2e1f8415a7b2e98b
1292,101305,3,train,1512427/brainTumorDataPublic_767-1532/1292.mat,data/processed/samples/1292.npz,512,512,1074,177,210,233,272,33,39,39,e2f97b00094ad7863670f3622f3e2f09792f70db7c15886a3127d7a344852554
1293,101724,3,train,1512427/brainTumorDataPublic_767-1532/1293.mat,data/processed/samples/1293.npz,512,512,1355,208,235,226,292,27,66,66,6efbd7532a86546fcefcf30d5d918b3bdec0e4541fc7a3e4ec08c968d77625cd
1294,101724,3,train,1512427/brainTumorDataPublic_767-1532/1294.mat,data/processed/samples/1294.npz,512,512,1469,206,235,239,300,29,61,61,763a7ed16f12fd7adae6445cb132baf95b1e7008bdc965b03f633287b21831bf
1295,102648,3,train,1512427/brainTumorDataPublic_767-1532/1295.mat,data/processed/samples/1295.npz,512,512,1847,193,237,216,273,44,57,57,1fbd25969d63fee95ffe05c9e29095616b3cb0c303c65bafbf523e109de3d070
1296,102648,3,train,1512427/brainTumorDataPublic_767-1532/1296.mat,data/processed/samples/1296.npz,512,512,2696,187,237,210,282,50,72,72,174d84751cba6acd21e0652c9463cbddcb60ed82f7b8652768f645cf1da115a1
1297,102648,3,train,1512427/brainTumorDataPublic_767-1532/1297.mat,data/processed/samples/1297.npz,512,512,2454,179,230,205,278,51,73,73,11ef2a93e2d1cfe8507d1bb0de53313fdcaaae0f452163af2689162ad02cfd51
1298,102648,3,train,1512427/brainTumorDataPublic_767-1532/1298.mat,data/processed/samples/1298.npz,512,512,1818,181,227,209,270,46,61,61,2f31f7a694263535cced76580fe770ad159da1d485a24a08ccf6b2cd7ec65c96
1299,102648,3,train,1512427/brainTumorDataPublic_767-1532/1299.mat,data/processed/samples/1299.npz,512,512,1254,187,223,218,262,36,44,44,e596842ac64419d040a98b5df85da670104cbbe2958fca4cf68f1ee37681baa6
1300,102648,3,train,1512427/brainTumorDataPublic_767-1532/1300.mat,data/processed/samples/1300.npz,512,512,663,193,219,220,253,26,33,33,4f32f8ff1024d069266331a4ab6f2aa7fa12616bc82c999e94e0e7e29fae0769
1301,103046,3,train,1512427/brainTumorDataPublic_767-1532/1301.mat,data/processed/samples/1301.npz,512,512,951,190,228,224,258,38,34,38,4c96856d079e491eb81ad17819f4acb924762f4a3d14a71eb62dd1eb0c621110
1302,103046,3,train,1512427/brainTumorDataPublic_767-1532/1302.mat,data/processed/samples/1302.npz,512,512,949,193,230,226,257,37,31,37,cfe95d43b69607a09989354c7fa2b2cc4b819d9770514bcedffa2578c656069d
1303,103046,3,train,1512427/brainTumorDataPublic_767-1532/1303.mat,data/processed/samples/1303.npz,512,512,1127,195,232,222,260,37,38,38,ce1c88f7cf926bbd55cd865a1dee577d36eda310673e7fc9427f7d27f03fa498
1304,103257,3,train,1512427/brainTumorDataPublic_767-1532/1304.mat,data/processed/samples/1304.npz,512,512,2532,183,239,213,285,56,72,72,207c22a98fa3b4e9acde8738b780afb13f1dad19e929380ec28e8d712d264e8e
1305,103257,3,train,1512427/brainTumorDataPublic_767-1532/1305.mat,data/processed/samples/1305.npz,512,512,2572,180,229,216,282,49,66,66,cd617bdb6793d235812ab02289d3fe5128b5c2aacc77658e382d697299f39053
1306,103257,3,train,1512427/brainTumorDataPublic_767-1532/1306.mat,data/processed/samples/1306.npz,512,512,1647,184,227,226,277,43,51,51,b41dedf194dfa362c0ec08eb1def75a66ad262672485c4afc6204a695440d93f
1307,103257,3,train,1512427/brainTumorDataPublic_767-1532/1307.mat,data/processed/samples/1307.npz,512,512,1421,189,232,233,277,43,44,44,35d80ba9b0fbffbe2ad0b92e15d8efc61277e0cf436d990c78f1cab97551ecae
1308,103257,3,train,1512427/brainTumorDataPublic_767-1532/1308.mat,data/processed/samples/1308.npz,512,512,1685,191,240,233,277,49,44,49,b95a7855e9074dc7f82566a0d72febb65a15a4dbabeffe07ed62e0b3a2e6f883
1309,103257,3,train,1512427/brainTumorDataPublic_767-1532/1309.mat,data/processed/samples/1309.npz,512,512,1244,195,239,234,271,44,37,44,e3dc09a7fddae016c51d136562b7da5238a5ebc77ba8154b052ee1ee5f6646bf
1310,103478,3,train,1512427/brainTumorDataPublic_767-1532/1310.mat,data/processed/samples/1310.npz,512,512,2615,174,224,216,290,50,74,74,4bf674e5f10b20330e386c3294fbc0ba5f7d474e9a93d6c8cc4c1d723d184417
1311,103478,3,train,1512427/brainTumorDataPublic_767-1532/1311.mat,data/processed/samples/1311.npz,512,512,3055,170,232,219,289,62,70,70,41627fe1320055227ed29cec5a6029e4d12d6290169855ec57c1a70d3bb4e989
1312,103478,3,train,1512427/brainTumorDataPublic_767-1532/1312.mat,data/processed/samples/1312.npz,512,512,2384,173,223,222,289,50,67,67,f7770615aaa366c2805e9f3a8cde46c16573468ebaa9b5a9e68f696e1c7454cb
1313,103478,3,train,1512427/brainTumorDataPublic_767-1532/1313.mat,data/processed/samples/1313.npz,512,512,1782,176,221,230,277,45,47,47,83c806fccc7a23342aaf4910b76d885b7838b9427917bf1e3598a0a97f1e5154
1314,103478,3,train,1512427/brainTumorDataPublic_767-1532/1314.mat,data/processed/samples/1314.npz,512,512,1816,173,226,229,276,53,47,53,7947fcb306a413b5603d144e74b7d74e437897a5fa84c3ce069a500946a06cf4
1315,103478,3,train,1512427/brainTumorDataPublic_767-1532/1315.mat,data/processed/samples/1315.npz,512,512,1781,177,226,228,273,49,45,49,ecce7e98b6417d4fc1f291bbe00eac0a145c5656449641b56a90b489177bec2a
1316,103478,3,train,1512427/brainTumorDataPublic_767-1532/1316.mat,data/processed/samples/1316.npz,512,512,1290,182,225,231,271,43,40,43,07ef094bf980a517e5828617767bc6105ce4d24500b76a0b3d504807ed1a3690
1317,103582,3,train,1512427/brainTumorDataPublic_767-1532/1317.mat,data/processed/samples/1317.npz,512,512,2221,186,237,231,285,51,54,54,a73b284768aaa4d46100a266de259f6367284683a45cc05b6fcc9595e96ef5b9
1318,103582,3,train,1512427/brainTumorDataPublic_767-1532/1318.mat,data/processed/samples/1318.npz,512,512,1995,193,234,231,288,41,57,57,81b864047e73a40fecd2e0a4b02b046639b12a1e7bc8553ae6d6aa5d973b3065
1319,103582,3,train,1512427/brainTumorDataPublic_767-1532/1319.mat,data/processed/samples/1319.npz,512,512,2275,192,238,224,296,46,72,72,4451dc60af876e14aa90e1bf8d4b5accecab1abdbae2c2f9e6cbd9a6dae65cd3
1320,103582,3,train,1512427/brainTumorDataPublic_767-1532/1320.mat,data/processed/samples/1320.npz,512,512,1444,189,228,231,280,39,49,49,768775e3b16c8e0de565e095f3ce34598867218ad55d92c6db333b46b20aaa5f
1321,103582,3,train,1512427/brainTumorDataPublic_767-1532/1321.mat,data/processed/samples/1321.npz,512,512,956,189,225,237,271,36,34,36,2b62b5f7c477b640f6e464cde4b636f95b699e1915c3139bb88716f39b39e7c2
1322,103582,3,train,1512427/brainTumorDataPublic_767-1532/1322.mat,data/processed/samples/1322.npz,512,512,733,190,222,239,268,32,29,32,a9bcd8437e88b08699df4b005c5f67f16ab29f4d478b175f13d568ab079555e4
1323,103670,3,train,1512427/brainTumorDataPublic_767-1532/1323.mat,data/processed/samples/1323.npz,512,512,477,205,227,239,265,22,26,26,ca17cb2ec3b59e6fca454bc422bc6e90b38d1b9653864c813a3946f12eaa8c27
1324,103670,3,train,1512427/brainTumorDataPublic_767-1532/1324.mat,data/processed/samples/1324.npz,512,512,892,203,236,239,273,33,34,34,4c190cc19875b73bab258c6f68085e9dfae2d782c8a130ba0763136c9515d940
1325,103670,3,train,1512427/brainTumorDataPublic_767-1532/1325.mat,data/processed/samples/1325.npz,512,512,670,207,236,244,272,29,28,29,2207bc04b133fcc23f120233022c128c5fb942047f21859ee58dba2fc96758bc
1326,103671,3,val,1512427/brainTumorDataPublic_767-1532/1326.mat,data/processed/samples/1326.npz,512,512,1589,198,240,230,276,42,46,46,ead6807e5b5609f1189242de127995cafce7feefb2dfec22882608c889ffc5ab
1327,103671,3,val,1512427/brainTumorDataPublic_767-1532/1327.mat,data/processed/samples/1327.npz,512,512,1270,197,237,233,271,40,38,40,848b6c921a0038cf81433d820667c586caa91bc813b75981b89bda699a0ce4e0
1328,103671,3,val,1512427/brainTumorDataPublic_767-1532/1328.mat,data/processed/samples/1328.npz,512,512,1424,194,240,236,272,46,36,46,6cfdf829ca26d65964e2c9c465f6b1a0493be27632442e3b6da2a0d46fe01812
1329,103671,3,val,1512427/brainTumorDataPublic_767-1532/1329.mat,data/processed/samples/1329.npz,512,512,1429,193,239,232,269,46,37,46,82b036e3ceae4474ee2002fcac7a82f15690bd390e6abfd0fcb3fd4d11f8b54c
1330,103731,3,test,1512427/brainTumorDataPublic_767-1532/1330.mat,data/processed/samples/1330.npz,512,512,1085,186,219,234,274,33,40,40,5382e9ec300d9d9df2657b266bfa9236109a363d5638819f23655ac43a8303b2
1331,103731,3,test,1512427/brainTumorDataPublic_767-1532/1331.mat,data/processed/samples/1331.npz,512,512,973,183,216,235,274,33,39,39,d1d0223b41e27cd6a23273079011ff1c634841c06ef9b32927b7a560bc8f12d1
1332,103731,3,test,1512427/brainTumorDataPublic_767-1532/1332.mat,data/processed/samples/1332.npz,512,512,1163,181,216,237,276,35,39,39,90cf061d4683c19513b234a41767a56f214e999bb1a44642c081faee3f7d94de
1333,103731,3,test,1512427/brainTumorDataPublic_767-1532/1333.mat,data/processed/samples/1333.npz,512,512,1626,178,224,237,277,46,40,46,84c52837e64de6b154c02fc1c36f5444d42faaa04c942c839aee5bf22dda6db4
1334,103731,3,test,1512427/brainTumorDataPublic_767-1532/1334.mat,data/processed/samples/1334.npz,512,512,1717,178,228,233,277,50,44,50,cffff6131ea4995ba38bf4581ecb1ffe070257e5468bd081245defd05ac02699
1335,103731,3,test,1512427/brainTumorDataPublic_767-1532/1335.mat,data/processed/samples/1335.npz,512,512,2195,180,236,231,282,56,51,56,a7f05cad7a28726aa4ad6f03157631e3b843c4257cfdbd4e7adb465d7bbde1d3
1336,103731,3,test,1512427/brainTumorDataPublic_767-1532/1336.mat,data/processed/samples/1336.npz,512,512,2199,184,239,227,282,55,55,55,f17309d117eceed65a7edcc763f40fd062247a5e76d0bef0675853820fea65b6
1337,103731,3,test,1512427/brainTumorDataPublic_767-1532/1337.mat,data/processed/samples/1337.npz,512,512,1842,189,238,231,281,49,50,50,b36ceb651f895d1b4e263065cfb74aa896c33385cea3aa43213d3adaadf4c0fa
1338,103731,3,test,1512427/brainTumorDataPublic_767-1532/1338.mat,data/processed/samples/1338.npz,512,512,1563,189,239,237,279,50,42,50,8b7c73012328ede07bee466e2191abb08e1f793f32346fb6d79206fc090d5162
1339,103731,3,test,1512427/brainTumorDataPublic_767-1532/1339.mat,data/processed/samples/1339.npz,512,512,1352,191,239,236,273,48,37,48,cf334fa9f87f2a8cc6c990bc1e9f713dd0e955876b78b13d643881d16f551f10
1340,103837,3,test,1512427/brainTumorDataPublic_767-1532/1340.mat,data/processed/samples/1340.npz,512,512,1868,176,222,201,251,46,50,50,044c3d4e86d9a4dc6e3ce7d31d6cbc372d460906b2134a4dd4149db95f2c9b0c
1341,103837,3,test,1512427/brainTumorDataPublic_767-1532/1341.mat,data/processed/samples/1341.npz,512,512,2282,164,224,214,282,60,68,68,a205742a069f717a7ab3c26fea9674ad464cb1849fa414bca72b64158db00ec3
1342,103837,3,test,1512427/brainTumorDataPublic_767-1532/1342.mat,data/processed/samples/1342.npz,512,512,2758,163,225,213,282,62,69,69,564391849a1034bb42bba62102cd8745f3c427760acf27037307f4804b53c00b
1343,103837,3,test,1512427/brainTumorDataPublic_767-1532/1343.mat,data/processed/samples/1343.npz,512,512,1613,169,218,220,274,49,54,54,6f8ca6caf98d61b51869fb7c44c72c2aa105e293601be0ec983b4fd3ba211dbd
1344,103837,3,test,1512427/brainTumorDataPublic_767-1532/1344.mat,data/processed/samples/1344.npz,512,512,1208,173,213,239,277,40,38,40,3601332d2ff2deb9bcea1ec54b1803420c69907c9597ab1682718a0ffbd5319f
1345,103837,3,test,1512427/brainTumorDataPublic_767-1532/1345.mat,data/processed/samples/1345.npz,512,512,1626,176,221,235,283,45,48,48,771e63db74f1b4044037b3d7ab4c4abd7cff6df737fc37b3bf007b78d7b9302d
1346,103837,3,test,1512427/brainTumorDataPublic_767-1532/1346.mat,data/processed/samples/1346.npz,512,512,1027,175,214,239,272,39,33,39,1ce1c1fa36e70360b6a0b8ca33c4340b6fef79a7f98f8adeee820918d7e5b3a9
1347,103837,3,test,1512427/brainTumorDataPublic_767-1532/1347.mat,data/processed/samples/1347.npz,512,512,1048,182,217,239,276,35,37,37,a2f14c8536b0ffb42ac062700739dd35c2127a349b7560e7bb174aaab1517b87
1348,104019,3,train,1512427/brainTumorDataPublic_767-1532/1348.mat,data/processed/samples/1348.npz,512,512,426,218,238,242,272,20,30,30,77d2b8ad40e7fa3e4ab79e8af425805654b0162cc17de32d35edd2d04fda0469
1349,104019,3,train,1512427/brainTumorDataPublic_767-1532/1349.mat,data/processed/samples/1349.npz,512,512,639,214,243,244,276,29,32,32,56442a45cc272d6bce5b86385c7839a55ec93c2115a9a4756615a35a9c9f5c89
1350,104019,3,train,1512427/brainTumorDataPublic_767-1532/1350.mat,data/processed/samples/1350.npz,512,512,496,215,241,247,274,26,27,27,4c3c29fac853a25738813e9dcde5e5ac19f83f284dd32837f599412e0c3e03e8
1351,104019,3,train,1512427/brainTumorDataPublic_767-1532/1351.mat,data/processed/samples/1351.npz,512,512,427,220,240,247,275,20,28,28,72edc2e3273a6cfa3b298a3adc97205a7b39cab0569af509dc5996c22d8d8641
1352,104558,3,train,1512427/brainTumorDataPublic_767-1532/1352.mat,data/processed/samples/1352.npz,512,512,3143,173,235,232,297,62,65,65,214f245f1df39185fb24b2699733631635f72bfaf3ef5524e3cdf77cc98ffb4b
1353,104558,3,train,1512427/brainTumorDataPublic_767-1532/1353.mat,data/processed/samples/1353.npz,512,512,4492,159,234,223,297,75,74,75,3b5618274069bdef57c2cd0e2d6c5f8783f4597a43fb5db31f3581e5b5eff0cf
1354,104558,3,train,1512427/brainTumorDataPublic_767-1532/1354.mat,data/processed/samples/1354.npz,512,512,5124,150,231,222,297,81,75,81,2ea8876364bd2ff8c506d8a33d175243ea9ff63251c1fc24b67a2b3c1d8de293
1355,104558,3,train,1512427/brainTumorDataPublic_767-1532/1355.mat,data/processed/samples/1355.npz,512,512,5318,151,240,218,296,89,78,89,705c27af783cc63202793cf679e3e8419deefdc59b998de4016462cb9707a048
1356,104558,3,train,1512427/brainTumorDataPublic_767-1532/1356.mat,data/processed/samples/1356.npz,512,512,5896,157,253,221,304,96,83,96,653c7997d526915ae6bb9b2cd7492989d2ef7c4feaa9b66fef2b70d169479920
1357,104558,3,train,1512427/brainTumorDataPublic_767-1532/1357.mat,data/processed/samples/1357.npz,512,512,6620,157,253,219,309,96,90,96,7a16430f7eed7f4ccfbfe763921e67d763fed4693eb53d471314dbe8ba77f32f
1358,104558,3,train,1512427/brainTumorDataPublic_767-1532/1358.mat,data/processed/samples/1358.npz,512,512,5808,161,248,226,311,87,85,87,879bfeb3cc2e4048fc8d445c8e15f33caa9dfab1e37eb0af9c210cde74bd24c1
1359,104558,3,train,1512427/brainTumorDataPublic_767-1532/1359.mat,data/processed/samples/1359.npz,512,512,3822,169,240,236,303,71,67,71,6667cfd1d7562c166082e705c0deaf3662ee790c7f6a0f9360b8bc5f24bcf380
1360,104684,3,val,1512427/brainTumorDataPublic_767-1532/1360.mat,data/processed/samples/1360.npz,512,512,2267,170,224,230,286,54,56,56,225cfb825f5eecb638aba3d296f4c2964817e19521b5c5caaec86eeb6739bcd1
1361,104684,3,val,1512427/brainTumorDataPublic_767-1532/1361.mat,data/processed/samples/1361.npz,512,512,3021,167,223,229,300,56,71,71,be9171e53ef362059bcce4ddd7090d412346084a9d77f0726034f730f6cc62d7
1362,104684,3,val,1512427/brainTumorDataPublic_767-1532/1362.mat,data/processed/samples/1362.npz,512,512,3278,168,226,230,299,58,69,69,0545f06f6e044ed191923dba16ef73675e59d636ea4d523033a947aa2d91295f
1363,104684,3,val,1512427/brainTumorDataPublic_767-1532/1363.mat,data/processed/samples/1363.npz,512,512,3686,167,231,221,291,64,70,70,9a7155952450664e5886f69ccf3e7cb44fcd9794116d3a35635ec8a69e5c5041
1364,104684,3,val,1512427/brainTumorDataPublic_767-1532/1364.mat,data/processed/samples/1364.npz,512,512,3346,167,231,226,287,64,61,64,380a74ea5cfe53c7e97dc378ae5928dfa6de8caa4038215a25f7039406f30dbd
1365,104684,3,val,1512427/brainTumorDataPublic_767-1532/1365.mat,data/processed/samples/1365.npz,512,512,3520,163,229,225,293,66,68,68,bf0ab2bb325f8baf995dee00c0454d4693cf0367835f155045fc384a6b0aa72f
1366,104684,3,val,1512427/brainTumorDataPublic_767-1532/1366.mat,data/processed/samples/1366.npz,512,512,2873,170,227,222,282,57,60,60,442b7464795071ab11666b7c010905873d0008fb3cddcd848315d7c38de3d517
1367,104684,3,val,1512427/brainTumorDataPublic_767-1532/1367.mat,data/processed/samples/1367.npz,512,512,2098,173,222,223,277,49,54,54,9e6c169883aff6592ad2861e063d01885ac0ae76124363406630317de593fce2
1368,104684,3,val,1512427/brainTumorDataPublic_767-1532/1368.mat,data/processed/samples/1368.npz,512,512,1316,175,213,228,268,38,40,40,4b062c0c1d1c35dbe160d31597f0d5a8145d8f7f6c185ebc1e23ae24b0e2222d
1369,104912,3,train,1512427/brainTumorDataPublic_767-1532/1369.mat,data/processed/samples/1369.npz,512,512,931,184,218,249,286,34,37,37,aa3080d7481f708f215a60b4f28b5d9194f7b4be8a6a83e57078784375fdd6b7
1370,104912,3,train,1512427/brainTumorDataPublic_767-1532/1370.mat,data/processed/samples/1370.npz,512,512,2349,178,220,229,299,42,70,70,03cbc874f2070dd5dfc14207df6126220c46061e2f0bb12bcac36db6dd6c80ac
1371,104912,3,train,1512427/brainTumorDataPublic_767-1532/1371.mat,data/processed/samples/1371.npz,512,512,1901,181,223,232,294,42,62,62,aeaf4ee857d81f2ecd50a57e7368506a33be3573a3dda6a2ac91d544d73abfbf
1372,104912,3,train,1512427/brainTumorDataPublic_767-1532/1372.mat,data/processed/samples/1372.npz,512,512,1383,185,221,235,281,36,46,46,4800e7e7a9e52cb6cb88c39955b6d181830e8bdfd39073b46e5711e4594ac894
1373,104912,3,train,1512427/brainTumorDataPublic_767-1532/1373.mat,data/processed/samples/1373.npz,512,512,1355,181,219,234,285,38,51,51,4582781abbd267806712b16118a2d5c86bc67f002b6ddfe9f0b7cc1dcbe1d4d5
1374,105187,3,train,1512427/brainTumorDataPublic_767-1532/1374.mat,data/processed/samples/1374.npz,512,512,1009,179,211,233,273,32,40,40,6df2be8e0adaf960a1f2e9e3ce5d9a373ed2bfe5e7ee72415b373d362fd215a5
1375,105187,3,train,1512427/brainTumorDataPublic_767-1532/1375.mat,data/processed/samples/1375.npz,512,512,1210,177,209,224,274,32,50,50,c3320d6dd1664064524bacc3031cee252a5cce0b27a110a3657fca0fc15a3d06
1376,105187,3,train,1512427/brainTumorDataPublic_767-1532/1376.mat,data/processed/samples/1376.npz,512,512,793,180,209,231,267,29,36,36,6047f0b348eac115db7114e57273d7449055135e9101db23b0ddfb171e7b5030
1377,105187,3,train,1512427/brainTumorDataPublic_767-1532/1377.mat,data/processed/samples/1377.npz,512,512,521,182,208,235,261,26,26,26,fd810556066e59e7072e830d1f9b4806ddbda3924e00bd7be47b75acb75d1cfe
1378,105475,3,test,1512427/brainTumorDataPublic_767-1532/1378.mat,data/processed/samples/1378.npz,512,512,821,216,243,245,285,27,40,40,c9dda361d0e1c92e817f7ea35ef756023c2dd56ee647d3089860d060b2756488
1379,105475,3,test,1512427/brainTumorDataPublic_767-1532/1379.mat,data/processed/samples/1379.npz,512,512,574,220,242,245,280,22,35,35,e623ea5e5412df9779e1a99c240da709b8b6f20c1beb3879d9d729e270ae8bab
1380,105538,3,train,1512427/brainTumorDataPublic_767-1532/1380.mat,data/processed/samples/1380.npz,512,512,2729,209,261,211,284,52,73,73,b01168310c1a8b81262fe9747c631e076730b6a1c387b3c59d64e5d541b5dd3b
1381,105538,3,train,1512427/brainTumorDataPublic_767-1532/1381.mat,data/processed/samples/1381.npz,512,512,829,219,251,231,261,32,30,32,c12a8fe296a06d526222f416bd2ca6073e033f8be68714e24aad1740020769d0
1382,105538,3,train,1512427/brainTumorDataPublic_767-1532/1382.mat,data/processed/samples/1382.npz,512,512,843,215,248,228,258,33,30,33,0c27ad0119546ffe2583ce3b4697fc74535244883058617e47fcc429bb06f3c6
1383,105638,3,test,1512427/brainTumorDataPublic_767-1532/1383.mat,data/processed/samples/1383.npz,512,512,980,199,231,213,254,32,41,41,ec0777fa10230280ac797730e0cc3f15224d37579b96ddd6742a8e81176312f0
1384,105638,3,test,1512427/brainTumorDataPublic_767-1532/1384.mat,data/processed/samples/1384.npz,512,512,1310,198,233,212,260,35,48,48,6744e7a1e0648ab695c3a4cb34258dc0c7999be1b3ed6cc620fdbe5911112f3e
1385,105638,3,test,1512427/brainTumorDataPublic_767-1532/1385.mat,data/processed/samples/1385.npz,512,512,1029,193,230,217,254,37,37,37,892ee0803afc0f2fa432dfa874584ccd95b7cc2fa1b040c78e596245e9b9c35d
1386,97416,3,train,1512427/brainTumorDataPublic_767-1532/1386.mat,data/processed/samples/1386.npz,512,512,1032,157,194,238,277,37,39,39,08f524c5535dfa1bc2821e86bdc95c68c1b76053e6d4e563a6670ce44916a184
1387,97416,3,train,1512427/brainTumorDataPublic_767-1532/1387.mat,data/processed/samples/1387.npz,512,512,1339,151,197,235,272,46,37,46,53b915fd810d033298ed8fda2656b00a4976f57dcb68702d0ba61f0709292d25
1388,97416,3,train,1512427/brainTumorDataPublic_767-1532/1388.mat,data/processed/samples/1388.npz,512,512,2065,146,210,231,272,64,41,64,14108b5737569fc8122275510a3445d2d9239c256226cf23f706f6607695e116
1389,97416,3,train,1512427/brainTumorDataPublic_767-1532/1389.mat,data/processed/samples/1389.npz,512,512,1403,153,203,232,271,50,39,50,1c6d0ad614272c4a058cc46d29c4826518702c988c0f1d95995d28691a57d46c
1390,97416,3,train,1512427/brainTumorDataPublic_767-1532/1390.mat,data/processed/samples/1390.npz,512,512,2906,147,212,222,281,65,59,65,626ddc2b0fb250cc9e9036d4a0269bd3115ea7d45bb8d22f90b505ad18dbda72
1391,97416,3,train,1512427/brainTumorDataPublic_767-1532/1391.mat,data/processed/samples/1391.npz,512,512,2699,149,213,219,272,64,53,64,7a028a2e767107e163828fa9adc05d7205193cb6ccd7664724d89e6afe3cbb34
1392,97416,3,train,1512427/brainTumorDataPublic_767-1532/1392.mat,data/processed/samples/1392.npz,512,512,2132,147,205,219,265,58,46,58,4b2539fd714edac081bd2b64bfb9e813a568d4e02e1d935a17c5841e75a25352
1393,97416,3,train,1512427/brainTumorDataPublic_767-1532/1393.mat,data/processed/samples/1393.npz,512,512,1418,147,199,222,256,52,34,52,aa1d77416fd2098a49aca380afaef44be45795498601fe09c2fdbe162bd30a3c
1394,97416,3,train,1512427/brainTumorDataPublic_767-1532/1394.mat,data/processed/samples/1394.npz,512,512,930,150,190,223,254,40,31,40,548ae55ff58c93bb0d351d187a4a01fd4f63f9045358f97831a62381fd9358f8
1395,97461,3,val,1512427/brainTumorDataPublic_767-1532/1395.mat,data/processed/samples/1395.npz,512,512,1573,198,240,222,273,42,51,51,e192d559e01d8098f538f5fc5b2951320c23998adbe3b017f7e7b67fbb91e316
1396,97461,3,val,1512427/brainTumorDataPublic_767-1532/1396.mat,data/processed/samples/1396.npz,512,512,2180,190,237,220,279,47,59,59,8dc9df289733d7b064217f2046c460b13556c0e0cdadbd1d3ae7163a042fb902
1397,97461,3,val,1512427/brainTumorDataPublic_767-1532/1397.mat,data/processed/samples/1397.npz,512,512,4146,186,253,201,283,67,82,82,f0e48dd60b28f440500b5b8dddd942ae017a4c1230ef8a39b2c098c1f965e92a
1398,97461,3,val,1512427/brainTumorDataPublic_767-1532/1398.mat,data/processed/samples/1398.npz,512,512,4058,182,250,211,285,68,74,74,9411e66b227dbe675be45f7d843c68937b43a5a97d0b029175d3773b0dfec121
1399,97461,3,val,1512427/brainTumorDataPublic_767-1532/1399.mat,data/processed/samples/1399.npz,512,512,3737,184,250,215,285,66,70,70,0c385189b5d5d29e9bc571c81c37a4c829c077d63faddaa98e35ba486fe622b5
1400,97461,3,val,1512427/brainTumorDataPublic_767-1532/1400.mat,data/processed/samples/1400.npz,512,512,2714,187,245,222,280,58,58,58,bdb6401f1b3e0a2e0ce5799a4b7215fbe2ba5a165dac3a8aecb3331684d2d7a8
1401,97461,3,val,1512427/brainTumorDataPublic_767-1532/1401.mat,data/processed/samples/1401.npz,512,512,2133,196,245,225,282,49,57,57,909ba9ac9bd0f669d41aef98c5eeedc14ae15c3755a2c987f5dd5b6fe28ea566
1402,97461,3,val,1512427/brainTumorDataPublic_767-1532/1402.mat,data/processed/samples/1402.npz,512,512,1511,200,241,233,280,41,47,47,233bc55d762df3189524fa2c7afc71901c92cb661af5b9d745d0f60928a11bfc
1403,97461,3,val,1512427/brainTumorDataPublic_767-1532/1403.mat,data/processed/samples/1403.npz,512,512,930,204,239,245,277,35,32,35,ab39e973783f2c8fd83bbabbe6b03b1262f6366bbdfe41fc773aa296067404c1
1404,97481,3,train,1512427/brainTumorDataPublic_767-1532/1404.mat,data/processed/samples/1404.npz,512,512,1862,198,253,217,266,55,49,55,872b4310ef9ce60a59e6d2fb360779b1b065878f68a50f08e27f284fddc5a4c4
1405,97481,3,train,1512427/brainTumorDataPublic_767-1532/1405.mat,data/processed/samples/1405.npz,512,512,1431,201,247,224,266,46,42,46,d9866b50eeab29515c9fa3ea2c7386f4a36820d13ac5d7f6bf0eb62487358a27
1406,97481,3,train,1512427/brainTumorDataPublic_767-1532/1406.mat,data/processed/samples/1406.npz,512,512,1181,203,241,226,271,38,45,45,7f3f0a401f7289283f97147d7e6ac7005052c2ae37e8c42d852958a9b69ebdb9
1407,97481,3,train,1512427/brainTumorDataPublic_767-1532/1407.mat,data/processed/samples/1407.npz,512,512,1045,206,248,216,249,42,33,42,d5a2b4f01b6cc178394f8d7a1a8d7a69b99b7d1fe8175cd86e632b99de718009
1408,97599,3,train,1512427/brainTumorDataPublic_767-1532/1408.mat,data/processed/samples/1408.npz,512,512,409,197,218,244,268,21,24,24,63ac0b35cf90767472f6837d565b2219e7344053a58116da5b7b5c1487ed2799
1409,97599,3,train,1512427/brainTumorDataPublic_767-1532/1409.mat,data/processed/samples/1409.npz,512,512,706,191,217,240,273,26,33,33,247f53252db320ea9b9d1fdb5091f7600936cf36ecaa7777ea1e8589d264a753
1410,97890,3,train,1512427/brainTumorDataPublic_767-1532/1410.mat,data/processed/samples/1410.npz,512,512,1242,215,250,228,283,35,55,55,cc6e77bf5bcdb851519f99bc77ced49d9ad06333e33162a22ed24c73ff8ed5a2
1411,97890,3,train,1512427/brainTumorDataPublic_767-1532/1411.mat,data/processed/samples/1411.npz,512,512,1130,212,239,228,276,27,48,48,bcb13685921e3ac6411a069328723c27308846b8fecf54d8a22424ea84a73f32
1412,97890,3,train,1512427/brainTumorDataPublic_767-1532/1412.mat,data/processed/samples/1412.npz,512,512,808,213,238,235,274,25,39,39,f8acf8b2efaa14d0d6837e1fc7e8889a8bbc66c24d08731c07d7c469adbd038c
1413,97890,3,train,1512427/brainTumorDataPublic_767-1532/1413.mat,data/processed/samples/1413.npz,512,512,383,216,235,236,264,19,28,28,4101300bb1c2a0aa9c74c394be3593361540ccf4a68c55a127885f64736c3b22
1414,98472,3,test,1512427/brainTumorDataPublic_767-1532/1414.mat,data/processed/samples/1414.npz,512,512,1284,195,231,232,278,36,46,46,a6c90137e282cb8c51bc0bc0c7ab755f07e3b3317740f9a438529304da4865ed
1415,98472,3,test,1512427/brainTumorDataPublic_767-1532/1415.mat,data/processed/samples/1415.npz,512,512,1772,193,234,227,280,41,53,53,96efcc6cf6cd8a462136e3aa89dc3c47e8a2ea98dde507be6d3e9d9cbba8df69
1416,98472,3,test,1512427/brainTumorDataPublic_767-1532/1416.mat,data/processed/samples/1416.npz,512,512,1119,194,228,233,275,34,42,42,96c25bed53b8471abeed5bad345312b2dd247d9aea6fae7d4bf74fad877b8466
1417,98472,3,test,1512427/brainTumorDataPublic_767-1532/1417.mat,data/processed/samples/1417.npz,512,512,1117,191,233,233,266,42,33,42,cbe7bdaa0f6153cfab60f9c88898ff6329b12ffe0acf73b5fd89ba7412387e9e
1418,98472,3,test,1512427/brainTumorDataPublic_767-1532/1418.mat,data/processed/samples/1418.npz,512,512,1331,193,233,229,270,40,41,41,1066eb89cc32e779dbbec7a000e459367b19939546056205bcd1d7e36904a505
1419,98472,3,test,1512427/brainTumorDataPublic_767-1532/1419.mat,data/processed/samples/1419.npz,512,512,1188,191,236,227,263,45,36,45,94ff3a9c4ba45f7aab1a99565b22c63328e741c14a835d8af25099e112451912
1420,98472,3,test,1512427/brainTumorDataPublic_767-1532/1420.mat,data/processed/samples/1420.npz,512,512,953,193,230,229,261,37,32,37,63e5bab2146ee1055d8c6c99df3ece8bb109cdc673ebb47b66fadb8c45e7dd43
1421,98652,3,val,1512427/brainTumorDataPublic_767-1532/1421.mat,data/processed/samples/1421.npz,512,512,1027,195,228,251,296,33,45,45,bfb0f78c0e81020b07a05c18ea9750506e742c1ae784c67504245dca8b579101
1422,98652,3,val,1512427/brainTumorDataPublic_767-1532/1422.mat,data/processed/samples/1422.npz,512,512,1180,197,232,246,286,35,40,40,57cddc1f34503d84abdf086a308a28a67492e3c9cecfc56d71ffe01e8110dd50
1423,98652,3,val,1512427/brainTumorDataPublic_767-1532/1423.mat,data/processed/samples/1423.npz,512,512,1105,197,231,242,284,34,42,42,e140cc4719960e634cca8b0d4d3e962da54c7497b5b3d0403c56a90fe02ff03c
1424,98871,3,train,1512427/brainTumorDataPublic_767-1532/1424.mat,data/processed/samples/1424.npz,512,512,1724,181,223,221,271,42,50,50,241cf5540681135c47f6f421a36fadb495f7fa5e612f7103e6f10fc546f678dc
1425,98871,3,train,1512427/brainTumorDataPublic_767-1532/1425.mat,data/processed/samples/1425.npz,512,512,1919,183,225,223,277,42,54,54,31c98e81572cf545f67b6c7ef7dfda18aa763df9b3fd64b6bd4fe890ac69f2b5
1426,98871,3,train,1512427/brainTumorDataPublic_767-1532/1426.mat,data/processed/samples/1426.npz,512,512,1731,184,225,224,277,41,53,53,e3834f2bc33d0c3754db56f6a56b3f057acf25cb053a834eea18f7a6fa1fcef9
1427,98871,3,train,1512427/brainTumorDataPublic_767-1532/1427.mat,data/processed/samples/1427.npz,512,512,1864,182,230,225,276,48,51,51,f23ff3921dadcc4b5b464b128b9e951d648519893c605d589ea03745848b61cc
1428,98871,3,train,1512427/brainTumorDataPublic_767-1532/1428.mat,data/processed/samples/1428.npz,512,512,1863,181,229,225,276,48,51,51,07518f055107e05968f7bef09f45a0bc9ac4d937e4b80508448eed78e479423c
1429,98871,3,train,1512427/brainTumorDataPublic_767-1532/1429.mat,data/processed/samples/1429.npz,512,512,1207,185,224,231,271,39,40,40,1d90927ff83c58eb4633b1a7a4249bc954587c326f39c94495db0d13277a60b1
1430,98874,3,train,1512427/brainTumorDataPublic_767-1532/1430.mat,data/processed/samples/1430.npz,512,512,1584,198,234,222,284,36,62,62,58cff07c163e855068b754a0e222e3cf56ae14031d8295eda58f56d2cfeccc6c
1431,98874,3,train,1512427/brainTumorDataPublic_767-1532/1431.mat,data/processed/samples/1431.npz,512,512,1652,201,240,230,281,39,51,51,8e57a5bb2a7ed6501647f57f81ce4ead2a5422d63be8074deaa5daa6857fd10f
1432,98874,3,train,1512427/brainTumorDataPublic_767-1532/1432.mat,data/processed/samples/1432.npz,512,512,943,192,226,245,280,34,35,35,e83e34720c726ad319dc39b1bfac0e68237e5864eaa63bfd512d5a7e2590686d
1433,98874,3,train,1512427/brainTumorDataPublic_767-1532/1433.mat,data/processed/samples/1433.npz,512,512,1241,186,227,243,283,41,40,41,29c005070a815a24e20cbe23f47bb029d94623eec8b180a1365bfda5579f89ae
1434,98874,3,train,1512427/brainTumorDataPublic_767-1532/1434.mat,data/processed/samples/1434.npz,512,512,833,184,218,254,286,34,32,34,676855b5a290e3bf4288f7cb5bd9e33e8dbd1d7222f9730d0069ed2b93257c07
1435,98992,3,val,1512427/brainTumorDataPublic_767-1532/1435.mat,data/processed/samples/1435.npz,512,512,3071,190,246,199,285,56,86,86,afe32eb642b8e647d2d232e76697b84d175a17b674fcf6684215addc04c1e53e
1436,98992,3,val,1512427/brainTumorDataPublic_767-1532/1436.mat,data/processed/samples/1436.npz,512,512,3940,192,242,197,293,50,96,96,a2a67d55c1e288548af4f3cb5815e0ae7d29793b291d0cf2acd47b77b9f18b5c
1437,98992,3,val,1512427/brainTumorDataPublic_767-1532/1437.mat,data/processed/samples/1437.npz,512,512,3192,185,242,201,277,57,76,76,4dc5cd30563080b530c6266e0fddc836de8915473f199a1eabfee2f16b67502c
1438,98992,3,val,1512427/brainTumorDataPublic_767-1532/1438.mat,data/processed/samples/1438.npz,512,512,2860,176,236,226,288,60,62,62,6c4246aa5761d4cd42262cf2ff3c3c7ee3a132f02162b35834916fc60e8629fb
1439,98992,3,val,1512427/brainTumorDataPublic_767-1532/1439.mat,data/processed/samples/1439.npz,512,512,3740,169,243,220,289,74,69,74,630e7474064de62e6714504ba6b7eb3846b67f97a5a9a89f0fb41f3e8f4a639e
1440,98992,3,val,1512427/brainTumorDataPublic_767-1532/1440.mat,data/processed/samples/1440.npz,512,512,2631,177,234,227,282,57,55,57,f5be741bb219c5475f2e5ae84f9dffc5aa951c909ed066db41cbc9cc5006bb7e
1441,98992,3,val,1512427/brainTumorDataPublic_767-1532/1441.mat,data/processed/samples/1441.npz,512,512,823,191,221,238,271,30,33,33,22aaa9a0ea1fb59f9cf851af714a84460a76605d71b4ee0ac9033923a791ba98
1442,98995,3,train,1512427/brainTumorDataPublic_767-1532/1442.mat,data/processed/samples/1442.npz,512,512,2231,193,240,221,277,47,56,56,61161da48e24c052733ac4f4ed0aaf81331ea8a76ef17f92f7071959dd90873e
1443,98995,3,train,1512427/brainTumorDataPublic_767-1532/1443.mat,data/processed/samples/1443.npz,512,512,2720,185,238,214,280,53,66,66,17a197b874f3486b6cd16924377febd4d642d0129ebd9d938dc7536ea9fa52d2
1444,98995,3,train,1512427/brainTumorDataPublic_767-1532/1444.mat,data/processed/samples/1444.npz,512,512,2320,184,242,222,275,58,53,58,fb8a1431735828ceaa0b557f4e56bc74a5f972f048d2bbaea4f5ceaae986a03e
1445,98995,3,train,1512427/brainTumorDataPublic_767-1532/1445.mat,data/processed/samples/1445.npz,512,512,2634,184,246,221,275,62,54,62,296351af8b62dd49a7ea134ae7d31788df50ecead645904ed6a718aca3d394c7
1446,98995,3,train,1512427/brainTumorDataPublic_767-1532/1446.mat,data/processed/samples/1446.npz,512,512,1990,188,241,225,272,53,47,53,6f90f153fff91b0c722dcbf6d097aaf1ce93a894cfedb23c5a784863d9172e34
1447,99223,3,train,1512427/brainTumorDataPublic_767-1532/1447.mat,data/processed/samples/1447.npz,512,512,782,195,227,236,268,32,32,32,fcf295c96addd243b49f2b75357e6f806de16f674c62d3392a04efc1676a8e42
1448,99223,3,train,1512427/brainTumorDataPublic_767-1532/1448.mat,data/processed/samples/1448.npz,512,512,1521,187,235,233,278,48,45,48,cd182ee8b5790591097805904d37713ef12094ba7c7eb9092f61b1e417c3c6d6
1449,99223,3,train,1512427/brainTumorDataPublic_767-1532/1449.mat,data/processed/samples/1449.npz,512,512,1703,187,234,231,276,47,45,47,246d8c8e21f2fe5afbf52c9ebd4718909f2d068d99b5eb7da24865806961dbe1
1450,99223,3,train,1512427/brainTumorDataPublic_767-1532/1450.mat,data/processed/samples/1450.npz,512,512,1857,187,236,232,281,49,49,49,48672eac96eda22cbbcc6bca19872f5830ea6c70b5e21bb170a877c6fd75354e
1451,99223,3,train,1512427/brainTumorDataPublic_767-1532/1451.mat,data/processed/samples/1451.npz,512,512,1927,189,234,232,285,45,53,53,4d82cf1cf93fbce75220bff41aa88210964811331c5f34b2512f382f00686fe3
1452,99223,3,train,1512427/brainTumorDataPublic_767-1532/1452.mat,data/processed/samples/1452.npz,512,512,1918,189,233,231,284,44,53,53,d04dfe2cfe5fd5e215ff98467d0b9de8867f491660e48f9de3564dbc3cba8766
1453,99223,3,train,1512427/brainTumorDataPublic_767-1532/1453.mat,data/processed/samples/1453.npz,512,512,1335,188,228,234,277,40,43,43,0b88208297dc9d96bbba25cedb6c4102c79c1994d0ca58c57c3ae78ec76d1a98
1454,99223,3,train,1512427/brainTumorDataPublic_767-1532/1454.mat,data/processed/samples/1454.npz,512,512,1196,187,226,237,276,39,39,39,d979d00eab954f601b61f72cf3bca5e0d397cfe694d04ee2e9f4112d5682acd3
1455,99223,3,train,1512427/brainTumorDataPublic_767-1532/1455.mat,data/processed/samples/1455.npz,512,512,986,190,225,240,277,35,37,37,562c6102d7a1cdb36a44d106bb931560c8ad07e21a821d5dc69e2d663953292e
1456,101017,3,train,1512427/brainTumorDataPublic_767-1532/1456.mat,data/processed/samples/1456.npz,512,512,1394,255,290,222,274,35,52,52,0303d6636bd4b7244fb3692b5f2dfa7983e02f693fc66cc4f5b2bcf8f273cd90
1457,101017,3,train,1512427/brainTumorDataPublic_767-1532/1457.mat,data/processed/samples/1457.npz,512,512,1684,250,295,218,273,45,55,55,b7035ec5daac65526f2a93481cc70ef022619858107bae97f457836af9600eed
1458,101017,3,train,1512427/brainTumorDataPublic_767-1532/1458.mat,data/processed/samples/1458.npz,512,512,1801,247,297,219,272,50,53,53,0c92f7fd68b6f7d636c3a1fe54ef440879d2f5e40f592a60d01b478936fe4109
1459,101017,3,train,1512427/brainTumorDataPublic_767-1532/1459.mat,data/processed/samples/1459.npz,512,512,2066,248,304,220,284,56,64,64,0541c1b1b8f7d9f70abd3ad6f71ae7ebb1bd833d813396e6b181520ee7a44fae
1460,101017,3,train,1512427/brainTumorDataPublic_767-1532/1460.mat,data/processed/samples/1460.npz,512,512,2159,249,304,223,281,55,58,58,fe00ab9d830e6aaba380f0f3a798c8052598535ff0a9bd50ab7ef66d0beb562d
1461,101017,3,train,1512427/brainTumorDataPublic_767-1532/1461.mat,data/processed/samples/1461.npz,512,512,2414,256,300,210,299,44,89,89,0d7a5e0ac967d5d37c8e7cf003708bf51193db64ecafd008b9eff979b831caf4
1462,101029,3,train,1512427/brainTumorDataPublic_767-1532/1462.mat,data/processed/samples/1462.npz,512,512,2328,240,294,220,274,54,54,54,d1a0af8eaa6aaafd9676582f42ebd39856da100a264785b4cb30b1febd8356e1
1463,101029,3,train,1512427/brainTumorDataPublic_767-1532/1463.mat,data/processed/samples/1463.npz,512,512,3337,236,296,195,278,60,83,83,a5cfc2adfdbee6f33a45d08e2de106d6dbfe60819b51425f50c9d89c340fe134
1464,101029,3,train,1512427/brainTumorDataPublic_767-1532/1464.mat,data/processed/samples/1464.npz,512,512,3584,236,296,193,278,60,85,85,2aa1bbb8928b795b27d41853e7283888b0a80fe99baeb638f5513ab2a44e000c
1465,101029,3,train,1512427/brainTumorDataPublic_767-1532/1465.mat,data/processed/samples/1465.npz,512,512,3638,238,299,194,282,61,88,88,56cec140220bff6a997c6c7cc75103742a4e48927fb7e81c14436dcfd7df68d0
1466,101029,3,train,1512427/brainTumorDataPublic_767-1532/1466.mat,data/processed/samples/1466.npz,512,512,2975,251,298,194,275,47,81,81,eba85634f8aa2db041aea0325a1cffceae973d41b5c7a5be6947d155bbfbd866
1467,101029,3,train,1512427/brainTumorDataPublic_767-1532/1467.mat,data/processed/samples/1467.npz,512,512,2205,256,295,200,272,39,72,72,32cd2dd353c8ffb9d6adb74667216647b169799dd0092fb5d08d97e9538fe8a4
1468,101145,3,train,1512427/brainTumorDataPublic_767-1532/1468.mat,data/processed/samples/1468.npz,512,512,1401,278,338,222,261,60,39,60,54a276fc292e05ed6f8770c71781eec27bbae88ca11e51fda2d45d39f5f5ea08
1469,101145,3,train,1512427/brainTumorDataPublic_767-1532/1469.mat,data/processed/samples/1469.npz,512,512,706,271,298,230,270,27,40,40,eae1d34c95f72401758f23c13cd467a81c6c985fd8a2a42003d8e0442b5fac9b
1470,101145,3,train,1512427/brainTumorDataPublic_767-1532/1470.mat,data/processed/samples/1470.npz,512,512,681,262,300,238,266,38,28,38,cab94169bd27d94acd63d700b903b3f2212cc65935e6d243dfdf6b7a74262556
1471,101145,3,train,1512427/brainTumorDataPublic_767-1532/1471.mat,data/processed/samples/1471.npz,512,512,456,281,298,237,270,17,33,33,a405689aad7514fd6e0df7ed6e748c74b0769931c554b7e65f40126a9ee2a8de
1472,101305,3,train,1512427/brainTumorDataPublic_767-1532/1472.mat,data/processed/samples/1472.npz,512,512,728,234,260,229,267,26,38,38,d9f6638e2b422fa5322dbe55c40782f237506e89dcc4679f27945e7051511136
1473,101305,3,train,1512427/brainTumorDataPublic_767-1532/1473.mat,data/processed/samples/1473.npz,512,512,774,231,264,235,264,33,29,33,90007a2ba7a6ce3cd1fafc760d9508c998329943bedcab82a6046a1f512b3f76
1474,101305,3,train,1512427/brainTumorDataPublic_767-1532/1474.mat,data/processed/samples/1474.npz,512,512,642,238,261,241,273,23,32,32,da47a33dd063fc752011d67d38b352a8681907162200597e157ed4b0454e2c94
1475,101305,3,train,1512427/brainTumorDataPublic_767-1532/1475.mat,data/processed/samples/1475.npz,512,512,407,243,259,241,273,16,32,32,85526d1c6cdaa238eebc28854d385b53afa509056194778bcc617f186fbeb768
1476,101305,3,train,1512427/brainTumorDataPublic_767-1532/1476.mat,data/processed/samples/1476.npz,512,512,691,235,258,232,273,23,41,41,b742b94d43db4a947478f2f0c61045df14257165bb1075eb5808c5acebeca59b
1477,101305,3,train,1512427/brainTumorDataPublic_767-1532/1477.mat,data/processed/samples/1477.npz,512,512,832,233,264,239,274,31,35,35,bb14eef29fe93453b1fc03ba05523b4d6fe71ae07c0767985bf53d745c97ec6b
1478,101305,3,train,1512427/brainTumorDataPublic_767-1532/1478.mat,data/processed/samples/1478.npz,512,512,666,240,262,239,277,22,38,38,1c2bcfc9c6e44ebcab06a719181a1d9d8aeba414680e1fb5f92d93a00e6c1e98
1479,101305,3,train,1512427/brainTumorDataPublic_767-1532/1479.mat,data/processed/samples/1479.npz,512,512,470,243,258,240,278,15,38,38,6f552c895bfda324f0bc825007fabe84ff7bf4a1d91000a19ca093be3f78fa1e
1480,101724,3,train,1512427/brainTumorDataPublic_767-1532/1480.mat,data/processed/samples/1480.npz,512,512,1408,283,313,229,292,30,63,63,506d112bdd565a70ed02bf5f8930a3e10a51800bcc93ed67f5a3d34fdd6ff681
1481,101724,3,train,1512427/brainTumorDataPublic_767-1532/1481.mat,data/processed/samples/1481.npz,512,512,1522,287,318,227,291,31,64,64,a604c442a0be4a485e383b332a378cac3b3ae4f8c00f6885469f3a35565a40b8
1482,101724,3,train,1512427/brainTumorDataPublic_767-1532/1482.mat,data/processed/samples/1482.npz,512,512,1800,291,322,219,291,31,72,72,eaeba9ebb72afba889dd37d956909a41ac97b1c5c6b4707b6263bd63fd35278c
1483,102648,3,train,1512427/brainTumorDataPublic_767-1532/1483.mat,data/processed/samples/1483.npz,512,512,2059,265,305,206,292,40,86,86,c1b22a131614856806ca45c83d7305994b92b447dd89c3f8e330fc19eedc846a
1484,102648,3,train,1512427/brainTumorDataPublic_767-1532/1484.mat,data/processed/samples/1484.npz,512,512,1947,265,310,223,280,45,57,57,901c12e2fb0eac8d8beb83e46e80198751a56293c07f970e8ae9dd90a6b77670
1485,102648,3,train,1512427/brainTumorDataPublic_767-1532/1485.mat,data/processed/samples/1485.npz,512,512,1936,266,311,217,279,45,62,62,8ceff2a825e450d7d0ddb8f2748774abfa00cce32d65448d9a0cd904a3f1fb8d
1486,102648,3,train,1512427/brainTumorDataPublic_767-1532/1486.mat,data/processed/samples/1486.npz,512,512,1642,273,310,222,277,37,55,55,8b4d6b4b6b40389bb0317f805f88c9564c6698f5750c3c64b57e08a85eefab98
1487,102669,3,train,1512427/brainTumorDataPublic_767-1532/1487.mat,data/processed/samples/1487.npz,512,512,453,304,328,235,276,24,41,41,3b3a049e6f14c04ce8322aa3b3475d74d81e9bb7cb3d9e1d7bc26f1dde25ee60
1488,102669,3,train,1512427/brainTumorDataPublic_767-1532/1488.mat,data/processed/samples/1488.npz,512,512,773,286,327,234,284,41,50,50,f42556ee77c8175d8df87f20a7f21b817aaf3977c42c0404cbe9220c5ddc1379
1489,103046,3,train,1512427/brainTumorDataPublic_767-1532/1489.mat,data/processed/samples/1489.npz,512,512,778,273,308,233,261,35,28,35,dd3bb21745d5452097d7e685ef06c58dce2d8ee12af2ccc5e344d5068e4f8e28
1490,103046,3,train,1512427/brainTumorDataPublic_767-1532/1490.mat,data/processed/samples/1490.npz,512,512,1532,269,313,223,268,44,45,45,f5d15c889052c7035429b76ca9bfa72962dff66ee1ee457cb64c662a20693aa2
1491,103046,3,train,1512427/brainTumorDataPublic_767-1532/1491.mat,data/processed/samples/1491.npz,512,512,790,273,305,235,265,32,30,32,aa70c5e024c351ee674f39e51d75f849b3e66131f87f457a856afc608a1c9bbd
1492,103046,3,train,1512427/brainTumorDataPublic_767-1532/1492.mat,data/processed/samples/1492.npz,512,512,719,273,299,233,267,26,34,34,a240d0623799140f6913f9c5cf683f13c7248c426fdf4bbce893f55fffe99c0e
1493,103257,3,train,1512427/brainTumorDataPublic_767-1532/1493.mat,data/processed/samples/1493.npz,512,512,2033,206,267,216,270,61,54,61,eee6692d010dccf6c0039c77b967ddf30b01ba1a889ad79b7477e57e061bbff2
1494,103257,3,train,1512427/brainTumorDataPublic_767-1532/1494.mat,data/processed/samples/1494.npz,512,512,2395,197,270,221,271,73,50,73,f28d0739de4da71708e9e3e7f7d2cbaea1b1b875425f68c49fe85f691c14c456
1495,103257,3,train,1512427/brainTumorDataPublic_767-1532/1495.mat,data/processed/samples/1495.npz,512,512,3364,190,274,214,281,84,67,84,0bd58151e0d65a8aa8e614cec6e6ce7782ea840ac8197f40cc7ca4fc5af98f67
1496,103257,3,train,1512427/brainTumorDataPublic_767-1532/1496.mat,data/processed/samples/1496.npz,512,512,3480,189,274,210,281,85,71,85,ba27ea8cbc13d17708772602ea3c29808c0d7424a3870bf3bee77cdc073e51d9
1497,103257,3,train,1512427/brainTumorDataPublic_767-1532/1497.mat,data/processed/samples/1497.npz,512,512,3332,193,269,201,287,76,86,86,2e150968eaee63aa7656066be062067aa842caf0de98e9249538d68ca8219b2c
1498,103478,3,train,1512427/brainTumorDataPublic_767-1532/1498.mat,data/processed/samples/1498.npz,512,512,1916,192,252,233,274,60,41,60,d5ab03f3dc1f1861c07c734356a30f283c6bd785e5e13a8e9e856aabc543a1be
1499,103478,3,train,1512427/brainTumorDataPublic_767-1532/1499.mat,data/processed/samples/1499.npz,512,512,2868,189,264,228,276,75,48,75,d0507cc9d6cb1757d6f196b87c4838a2e9214b71fb6588d7ef26783d12cb00b4
1500,103478,3,train,1512427/brainTumorDataPublic_767-1532/1500.mat,data/processed/samples/1500.npz,512,512,3581,190,270,226,286,80,60,80,bb3d95513c02a3c0fc9c7bb9019cf6ad6f643a2b86a682f0b9bd633e4781edc8
1501,103478,3,train,1512427/brainTumorDataPublic_767-1532/1501.mat,data/processed/samples/1501.npz,512,512,4000,190,272,225,290,82,65,82,116e4265b834d17075268367980dd8f9a6bd5bf8357efd6ef8ffd769b9336d2a
1502,103478,3,train,1512427/brainTumorDataPublic_767-1532/1502.mat,data/processed/samples/1502.npz,512,512,4372,189,268,222,297,79,75,79,7f2f78ea94e889b311a3f1de43871984b447de5651f25b7f8b901061736c01f7
1503,103478,3,train,1512427/brainTumorDataPublic_767-1532/1503.mat,data/processed/samples/1503.npz,512,512,4264,187,266,222,299,79,77,79,726a16ba41496f5c891c979f9a32625ae37a179128bebad763a8b00790e21c0c
1504,103478,3,train,1512427/brainTumorDataPublic_767-1532/1504.mat,data/processed/samples/1504.npz,512,512,3388,185,262,228,298,77,70,77,686771dbbb21f13c568951610a84ae4c941028f06cf22a68471cbaf231abff70
1505,103478,3,train,1512427/brainTumorDataPublic_767-1532/1505.mat,data/processed/samples/1505.npz,512,512,3633,188,259,208,299,71,91,91,246d6c22204a3fd73d3cf5572ef6ccf0166632966b59f3e8db44ed5d498384aa
1506,103582,3,train,1512427/brainTumorDataPublic_767-1532/1506.mat,data/processed/samples/1506.npz,512,512,2494,272,342,227,288,70,61,70,7e57f692cb06833aa5889efee03f3ea122c5c488a096beedd5b236914a76237e
1507,103582,3,train,1512427/brainTumorDataPublic_767-1532/1507.mat,data/processed/samples/1507.npz,512,512,3374,271,344,228,297,73,69,73,14c4f1db1bd46e278056f95b84ebeb6fe0dc79c72ffc2d2f0e583afa4939ba41
1508,103582,3,train,1512427/brainTumorDataPublic_767-1532/1508.mat,data/processed/samples/1508.npz,512,512,3124,271,338,222,298,67,76,76,c89f645c0629295b963310691e1ff67d6bcd8bb02fbcf5423beb30ed79cc5477
1509,103582,3,train,1512427/brainTumorDataPublic_767-1532/1509.mat,data/processed/samples/1509.npz,512,512,2990,277,340,225,301,63,76,76,3cae8edf005370086be91e8c6bee947934546d8dd06b69ac2a6e172e68ba231a
1510,103582,3,train,1512427/brainTumorDataPublic_767-1532/1510.mat,data/processed/samples/1510.npz,512,512,2235,294,332,214,298,38,84,84,85305433ed46ab8f111eedc28694351d5fa20d931cf207417e3d4099035a2a19
1511,103670,3,train,1512427/brainTumorDataPublic_767-1532/1511.mat,data/processed/samples/1511.npz,512,512,1002,236,272,233,273,36,40,40,9b128d7c3cd5609e83d019dc20065cfe4f9b2a075845b77dd07728bd15f9f9cb
1512,103670,3,train,1512427/brainTumorDataPublic_767-1532/1512.mat,data/processed/samples/1512.npz,512,512,1339,227,274,230,277,47,47,47,f000603edbf7b6769d9023f83126c694d7471724a27b4ea6941ad41de15fc8c7
1513,103670,3,train,1512427/brainTumorDataPublic_767-1532/1513.mat,data/processed/samples/1513.npz,512,512,1649,226,275,226,279,49,53,53,d685b88e5d040caedd81187633c7210455554b4beae211309e00675f1f1b238f
1514,103670,3,train,1512427/brainTumorDataPublic_767-1532/1514.mat,data/processed/samples/1514.npz,512,512,875,227,266,233,277,39,44,44,29d4ccab03d3cc43047325a13cbde6055ce2a53e61faffda358e1a2569bf9b06
1515,103671,3,val,1512427/brainTumorDataPublic_767-1532/1515.mat,data/processed/samples/1515.npz,512,512,1325,279,322,230,269,43,39,43,7a1583e0f67d6025e50146abb12c84fbc24b593ea69d344493346b88d6d3e61a
1516,103671,3,val,1512427/brainTumorDataPublic_767-1532/1516.mat,data/processed/samples/1516.npz,512,512,1944,280,337,227,272,57,45,57,785a79c6240399c03147deb3ddfe698e57799b36e3e58f52177cde492f35fd70
1517,103671,3,val,1512427/brainTumorDataPublic_767-1532/1517.mat,data/processed/samples/1517.npz,512,512,2441,281,345,222,272,64,50,64,2bf082c331f45a68043de9aae68ab0a72d7ff6ccccd5cb596c69c99793f69b0d
1518,103671,3,val,1512427/brainTumorDataPublic_767-1532/1518.mat,data/processed/samples/1518.npz,512,512,2390,283,345,220,274,62,54,62,5c49a79bad634fe04d6a9b2c231ae0026f951bbebfee2db33b654e85841ec4bf
1519,103671,3,val,1512427/brainTumorDataPublic_767-1532/1519.mat,data/processed/samples/1519.npz,512,512,1806,286,343,222,269,57,47,57,a9eb9d53b3e7d1fe66c7c2fcd86497c9f14b5d2bbaa6ef2e3d96d8a597267b6a
1520,103671,3,val,1512427/brainTumorDataPublic_767-1532/1520.mat,data/processed/samples/1520.npz,512,512,974,286,322,235,271,36,36,36,5bcf0d9d3a9cf16ee62e880afed0ae10626c6848c617e4858c2e9c4cc5069be2
1521,103731,3,test,1512427/brainTumorDataPublic_767-1532/1521.mat,data/processed/samples/1521.npz,512,512,658,251,280,244,275,29,31,31,83f3343aca2336ca163d5d8374d8adac7cda4dc9de55fa9cdab9f4424696b3d3
1522,103731,3,test,1512427/brainTumorDataPublic_767-1532/1522.mat,data/processed/samples/1522.npz,512,512,2190,245,304,232,277,59,45,59,9ff5c282e1a9e7dd4a4684580bd9116aa36733de23660d878455f6c99aefe22b
1523,103731,3,test,1512427/brainTumorDataPublic_767-1532/1523.mat,data/processed/samples/1523.npz,512,512,2420,237,307,234,277,70,43,70,e73a3f556d06ac552d0c366438c1e4b36de1b8911a6c1248d4ac9ee878efd702
1524,103731,3,test,1512427/brainTumorDataPublic_767-1532/1524.mat,data/processed/samples/1524.npz,512,512,3613,212,305,231,286,93,55,93,98427c913e8e246497d133538f22cac50f63dbe7543b3908ac762061ab26c156
1525,103731,3,test,1512427/brainTumorDataPublic_767-1532/1525.mat,data/processed/samples/1525.npz,512,512,3633,212,304,230,283,92,53,92,1b6a27d0eda5f1b0e9e2b9697f6c6f32baf5376987aa9f1f9c0ff4756afdbd77
1526,103731,3,test,1512427/brainTumorDataPublic_767-1532/1526.mat,data/processed/samples/1526.npz,512,512,3294,213,300,226,277,87,51,87,3f6c637bf747cac1679e08a7ea2446c328341a84bf23210921b5ae7166fbdf74
1527,103731,3,test,1512427/brainTumorDataPublic_767-1532/1527.mat,data/processed/samples/1527.npz,512,512,865,216,256,240,269,40,29,40,d5baaa20ef21a65f73852b18bf2b144040da63b79068ea4d2d1f60963e4868d5
1528,103837,3,test,1512427/brainTumorDataPublic_767-1532/1528.mat,data/processed/samples/1528.npz,512,512,1469,254,290,214,269,36,55,55,cd43863fa05e57886dedd1a34952c84291a99e1d79325a34d9ee50055066aeb6
1529,103837,3,test,1512427/brainTumorDataPublic_767-1532/1529.mat,data/processed/samples/1529.npz,512,512,2032,240,300,216,277,60,61,61,fc2fac72c042269b927ed19cb03bf3a1322d0db303a3f706bfe882091f985b94
1530,103837,3,test,1512427/brainTumorDataPublic_767-1532/1530.mat,data/processed/samples/1530.npz,512,512,2833,233,300,206,277,67,71,71,8a7741ebcb1d0b48c60b1807bb952f7a39e05b0408a3490df3fc0c09b15c906c
1531,103837,3,test,1512427/brainTumorDataPublic_767-1532/1531.mat,data/processed/samples/1531.npz,512,512,2968,227,302,206,273,75,67,75,1a411908c928520ba3610ea2c941a09f6dc6932a534b73483fb05ffb40b3a15c
1532,103837,3,test,1512427/brainTumorDataPublic_767-1532/1532.mat,data/processed/samples/1532.npz,512,512,2815,227,300,203,275,73,72,73,aa6c2fa80abf708a70432402ae51f9a224a46a7dc3569b1472caa83e4832745d
1533,104019,3,train,1512427/brainTumorDataPublic_1533-2298/1533.mat,data/processed/samples/1533.npz,512,512,1123,265,302,225,274,37,49,49,b17445848da259689fea2cf2b4696afc0501abd008c36ddeab6029ad3a777b43
1534,104019,3,train,1512427/brainTumorDataPublic_1533-2298/1534.mat,data/processed/samples/1534.npz,512,512,1262,262,304,231,276,42,45,45,fdec1859b4ac0a11bb81da2b71134d7313977b0e497bb4338bf3b88010170d04
1535,104019,3,train,1512427/brainTumorDataPublic_1533-2298/1535.mat,data/processed/samples/1535.npz,512,512,1604,259,306,227,280,47,53,53,cc2877f4dc619e2ca99937207064e25dc1e8aa7ee87e9e632ab6a98b6566f477
1536,104019,3,train,1512427/brainTumorDataPublic_1533-2298/1536.mat,data/processed/samples/1536.npz,512,512,1307,261,305,231,278,44,47,47,458b058bd9cb73ff0e950c24a39acb88b4da9962446e9e420f04bc5d266194ee
1537,104019,3,train,1512427/brainTumorDataPublic_1533-2298/1537.mat,data/processed/samples/1537.npz,512,512,1205,278,309,226,278,31,52,52,dce39f832c5d05e4464cbe86943bee63f470130d08838b0b814ed5e0c8dc563b
1538,104558,3,train,1512427/brainTumorDataPublic_1533-2298/1538.mat,data/processed/samples/1538.npz,512,512,7699,224,352,215,297,128,82,128,5c6f47fd2ca3af4b428f75bf07ef25e7e6c0a752c21416ca64986176e6ff152c
1539,104558,3,train,1512427/brainTumorDataPublic_1533-2298/1539.mat,data/processed/samples/1539.npz,512,512,10215,212,355,208,305,143,97,143,6a5ee859c83f335f60c92244c875023406e721d937d5cf43d8c85c967f40cde9
1540,104558,3,train,1512427/brainTumorDataPublic_1533-2298/1540.mat,data/processed/samples/1540.npz,512,512,11524,204,363,210,309,159,99,159,b3b20190f0c14430a6f09c9ee66c141de796d1a80ed3e0c724c2de18e8348371
1541,104558,3,train,1512427/brainTumorDataPublic_1533-2298/1541.mat,data/processed/samples/1541.npz,512,512,11184,207,362,211,310,155,99,155,d1af08ebcbd86847a0e65d3c967f3988cffb93843ab53872ebb0442e0b9b239c
1542,104558,3,train,1512427/brainTumorDataPublic_1533-2298/1542.mat,data/processed/samples/1542.npz,512,512,10338,213,366,210,312,153,102,153,a35e40e46901bbc8dd58437a8cf6a3aca82fece8a3ba988525724464a690f3c9
1543,104558,3,train,1512427/brainTumorDataPublic_1533-2298/1543.mat,data/processed/samples/1543.npz,512,512,5729,217,299,215,310,82,95,95,00e6f2c92538d6e8fc44d198cf59a343623d69f236ac35dd4bcfa733c1aea6d6
1544,104558,3,train,1512427/brainTumorDataPublic_1533-2298/1544.mat,data/processed/samples/1544.npz,512,512,2945,237,298,217,284,61,67,67,f78edc758a22f627d9f72943423d60ca90195030c8a01751018a5f25a7b38cbe
1545,104684,3,val,1512427/brainTumorDataPublic_1533-2298/1545.mat,data/processed/samples/1545.npz,512,512,1991,252,303,228,285,51,57,57,be712ab738a8ba0792fc790bb72889f5160cde1dbc7cbf7ccc9fa16e57c3698a
1546,104684,3,val,1512427/brainTumorDataPublic_1533-2298/1546.mat,data/processed/samples/1546.npz,512,512,3814,227,305,225,295,78,70,78,0708424df276472fe09838295ca5d85c90d6bb6f8e2207ebae3129bbe7f91fa6
1547,104684,3,val,1512427/brainTumorDataPublic_1533-2298/1547.mat,data/processed/samples/1547.npz,512,512,4348,225,311,220,294,86,74,86,040406fa446136ea835cca5850fa327f3ed560663dc0deebd4374dc215d385b2
1548,104684,3,val,1512427/brainTumorDataPublic_1533-2298/1548.mat,data/processed/samples/1548.npz,512,512,4195,228,310,222,286,82,64,82,40b93422b118e44fe57ba5badc42dab838e5bac2bb237dadda000cf3f26123c5
1549,104684,3,val,1512427/brainTumorDataPublic_1533-2298/1549.mat,data/processed/samples/1549.npz,512,512,4037,227,306,222,289,79,67,79,7d412503298d7e4aca46ebd57406b16c407338d3474e865c5e1e0cd4ed8f6e12
1550,104684,3,val,1512427/brainTumorDataPublic_1533-2298/1550.mat,data/processed/samples/1550.npz,512,512,3390,234,303,225,287,69,62,69,18aa6aa022fa8d79110e32aabc23571488a57e3f1bf94c4be8d72ba1f487daef
1551,104684,3,val,1512427/brainTumorDataPublic_1533-2298/1551.mat,data/processed/samples/1551.npz,512,512,2701,247,302,226,295,55,69,69,13fca79b5b3568c94a87918dc5d15ea819ed82ad451216c3e0c65750c70c356b
1552,104912,3,train,1512427/brainTumorDataPublic_1533-2298/1552.mat,data/processed/samples/1552.npz,512,512,1345,245,287,232,280,42,48,48,3b56f9374a2a0bd54e3e0bcbaa33be97c7b4881ca623a15e061c207742af7add
1553,104912,3,train,1512427/brainTumorDataPublic_1533-2298/1553.mat,data/processed/samples/1553.npz,512,512,2543,235,307,226,290,72,64,72,0b62f3f4d4f16520eb0c94a070ea19734bd91c163c94b239c9ee52f897e57e2a
1554,104912,3,train,1512427/brainTumorDataPublic_1533-2298/1554.mat,data/processed/samples/1554.npz,512,512,2002,235,283,230,292,48,62,62,b431ab97779e81456d3d5f063e6b90808dd32ee11b01d428fb15e319e426eafd
1555,104912,3,train,1512427/brainTumorDataPublic_1533-2298/1555.mat,data/processed/samples/1555.npz,512,512,1731,237,284,232,289,47,57,57,e9278e5506d51471ac145405c7e560922c8f7b847ae9668343d10e8dbc18bcee
1556,104912,3,train,1512427/brainTumorDataPublic_1533-2298/1556.mat,data/processed/samples/1556.npz,512,512,1357,234,281,235,283,47,48,48,ab41d47571f8c4443a5fe95f96ff2daf8237d5543bf0156b26c3544f2fd03b5e
1557,105187,3,train,1512427/brainTumorDataPublic_1533-2298/1557.mat,data/processed/samples/1557.npz,512,512,303,269,284,239,266,15,27,27,0997ae7a9791fb9cd179ae9d23847037fc7b206c2784de85face560e32d72d7c
1558,105187,3,train,1512427/brainTumorDataPublic_1533-2298/1558.mat,data/processed/samples/1558.npz,512,512,535,264,292,244,280,28,36,36,210f05404d2b02e93e265225e5bc4f20bc65c100c125ec4e6891c8eb49d552e5
1559,105187,3,train,1512427/brainTumorDataPublic_1533-2298/1559.mat,data/processed/samples/1559.npz,512,512,1326,256,299,240,286,43,46,46,000eb32b4c6e5144d6c967c2c177d7f300a551e081b6f18748ebcdbf1fd7c067
1560,105187,3,train,1512427/brainTumorDataPublic_1533-2298/1560.mat,data/processed/samples/1560.npz,512,512,1733,253,298,237,289,45,52,52,93d62961a9de6f110b24dad96e2c6d28188cc11cf6077b3ae7940c3a2d328187
1561,105187,3,train,1512427/brainTumorDataPublic_1533-2298/1561.mat,data/processed/samples/1561.npz,512,512,1576,257,295,238,291,38,53,53,6703e91bc2f8b98a683655a86064da3fc24df5500b12432f70e499fb67229c22
1562,105187,3,train,1512427/brainTumorDataPublic_1533-2298/1562.mat,data/processed/samples/1562.npz,512,512,1173,260,289,236,294,29,58,58,9c181998d2f5575dad6b3698dfa0b532f68291f28e3a396d72f74e32197d005e
1563,105475,3,test,1512427/brainTumorDataPublic_1533-2298/1563.mat,data/processed/samples/1563.npz,512,512,777,318,339,237,287,21,50,50,28c0732fb36cf7d3f037920c87ab2aa5f402ba51432eaedf4171516d39dd0818
1564,105475,3,test,1512427/brainTumorDataPublic_1533-2298/1564.mat,data/processed/samples/1564.npz,512,512,850,314,340,240,286,26,46,46,7a2b40384730bc5a2092fee67dcf3216d62f58a56f8289a0f9ba4e5d0663aba6
1565,105475,3,test,1512427/brainTumorDataPublic_1533-2298/1565.mat,data/processed/samples/1565.npz,512,512,544,315,333,242,280,18,38,38,fe1cbab40596755aeeb218ea12cf6a687bd174112b836571ba3e8e5f21889d53
1566,105538,3,train,1512427/brainTumorDataPublic_1533-2298/1566.mat,data/processed/samples/1566.npz,512,512,726,226,261,229,254,35,25,35,6de5d1d694c2c9daaf508b845b88292f1038ccba9b5f51efd477404de276a9d6
1567,105538,3,train,1512427/brainTumorDataPublic_1533-2298/1567.mat,data/processed/samples/1567.npz,512,512,656,238,264,228,261,26,33,33,9f09ce44a1d66f17ddba43a2884f0195882997614457866ddb6a936a8b049802
1568,105638,3,test,1512427/brainTumorDataPublic_1533-2298/1568.mat,data/processed/samples/1568.npz,512,512,814,239,265,222,262,26,40,40,710eb27d3d19dd9ed39df0d9dd7794c6e405c43bc0427b837886636a01aa3b9a
1569,105638,3,test,1512427/brainTumorDataPublic_1533-2298/1569.mat,data/processed/samples/1569.npz,512,512,1082,238,266,223,271,28,48,48,5381f5c11a035696b6766d41934ac7a9c7d98baf34a7dc4ec76ebde62c5a7a77
1570,105638,3,test,1512427/brainTumorDataPublic_1533-2298/1570.mat,data/processed/samples/1570.npz,512,512,1020,240,268,219,266,28,47,47,d928851ab775496973beb010e17da85fc212ef573a047bd3e6bb65090c1d3c95
1571,105638,3,test,1512427/brainTumorDataPublic_1533-2298/1571.mat,data/processed/samples/1571.npz,512,512,907,245,267,227,276,22,49,49,0eecd40d5de1a12420750099f9a37789348daf0c9201c45c897ffe3d40e86431
1572,105638,3,test,1512427/brainTumorDataPublic_1533-2298/1572.mat,data/processed/samples/1572.npz,512,512,504,246,266,231,266,20,35,35,4d7dfc7c4ca0809f2c49ecdf0c67b776cc639569edc9781133e80d67d33b37ed
1573,97416,3,train,1512427/brainTumorDataPublic_1533-2298/1573.mat,data/processed/samples/1573.npz,512,512,680,228,264,224,251,36,27,36,736c23d05f4733e27c838bbeb4f01f6fc1bbcc5c7675f6e8f491ccb6b3838a0a
1574,97416,3,train,1512427/brainTumorDataPublic_1533-2298/1574.mat,data/processed/samples/1574.npz,512,512,2069,226,289,218,274,63,56,63,c20e466d70042a0ada7f450984c67d699f4c45fdb6bcd2b2bbed57fb2b18d121
1575,97416,3,train,1512427/brainTumorDataPublic_1533-2298/1575.mat,data/processed/samples/1575.npz,512,512,3029,222,297,219,280,75,61,75,c22782b62a0aadd0a3596451a93c209b21a3a763318fd069af9af55f31e7e1dd
1576,97416,3,train,1512427/brainTumorDataPublic_1533-2298/1576.mat,data/processed/samples/1576.npz,512,512,3307,221,300,220,278,79,58,79,a6b214e9c5059c70a59d8bd0fc04f5a3e09fd68150caeb69b7d5486d3ab31aec
1577,97416,3,train,1512427/brainTumorDataPublic_1533-2298/1577.mat,data/processed/samples/1577.npz,512,512,2707,222,295,220,276,73,56,73,400c255e50652e9d996f667851406473f4ecbdabf0455072fc7a302f64d15e54
1578,97416,3,train,1512427/brainTumorDataPublic_1533-2298/1578.mat,data/processed/samples/1578.npz,512,512,3305,223,298,217,283,75,66,75,820b31f79449e6223d9b73618862a3be39845ff582402140739dd9309a0bbe78
1579,97416,3,train,1512427/brainTumorDataPublic_1533-2298/1579.mat,data/processed/samples/1579.npz,512,512,2458,230,293,222,282,63,60,63,bac9b0b22aba82c3fc55bd449640ee70bbe5dfce293f0f040079e146a041a2cf
1580,97416,3,train,1512427/brainTumorDataPublic_1533-2298/1580.mat,data/processed/samples/1580.npz,512,512,3363,224,298,211,288,74,77,77,72acf2e6a45357ac8cb63e73b55687e68a02a2b898d2a04dc3fa83148b4864ac
1581,97461,3,val,1512427/brainTumorDataPublic_1533-2298/1581.mat,data/processed/samples/1581.npz,512,512,1653,284,330,228,273,46,45,46,a1246efe8201f3d4825445405f4df15930774684947ce16aab3f062b24e9cb2c
1582,97461,3,val,1512427/brainTumorDataPublic_1533-2298/1582.mat,data/processed/samples/1582.npz,512,512,3139,278,338,219,283,60,64,64,7ede3e5fa9df08ab7efadf49117e0c5e46f48c501fdb761da2a744cc1f6d6293
1583,97461,3,val,1512427/brainTumorDataPublic_1533-2298/1583.mat,data/processed/samples/1583.npz,512,512,5245,262,343,202,291,81,89,89,e79b9e154ab74e75b49370d19ce60b283ce6fa00f11c4c76ef4edab270834981
1584,97461,3,val,1512427/brainTumorDataPublic_1533-2298/1584.mat,data/processed/samples/1584.npz,512,512,3716,257,338,229,293,81,64,81,7739905ae4a0215504819e675dd029df7dd72aa62cf557766e9bd36a43b6cad3
1585,97461,3,val,1512427/brainTumorDataPublic_1533-2298/1585.mat,data/processed/samples/1585.npz,512,512,5116,254,343,215,291,89,76,89,5b138f63331d9405ab9b00b2923c07d21cf722c58bff2767eaf2ae81b70cbbf9
1586,97461,3,val,1512427/brainTumorDataPublic_1533-2298/1586.mat,data/processed/samples/1586.npz,512,512,4848,249,343,222,290,94,68,94,fb6a7cc3e4d1b63a0c2fa6753dceb3b701f99b74c8ca34c0ea167dec27c61034
1587,97461,3,val,1512427/brainTumorDataPublic_1533-2298/1587.mat,data/processed/samples/1587.npz,512,512,6712,256,367,211,292,111,81,111,6144cc8e59d917d241246e5b560acdbe6e4018f9b2e4f7bd8313d9d2726b0df2
1588,97461,3,val,1512427/brainTumorDataPublic_1533-2298/1588.mat,data/processed/samples/1588.npz,512,512,8240,261,374,204,308,113,104,113,7b79670ab88a9e26b756d24ee33d2801cabb343afbdbb055737a10a5dae73abb
1589,97481,3,train,1512427/brainTumorDataPublic_1533-2298/1589.mat,data/processed/samples/1589.npz,512,512,1153,308,347,215,259,39,44,44,5c294bcc17ade4f155c7c06b52821a55137927244385433295c5cbdea8bc3499
1590,97481,3,train,1512427/brainTumorDataPublic_1533-2298/1590.mat,data/processed/samples/1590.npz,512,512,1427,302,349,210,262,47,52,52,8cad0e8c40057e479470f46f30b19508c08337530d5d1a3fed936882bcbe3f46
1591,97481,3,train,1512427/brainTumorDataPublic_1533-2298/1591.mat,data/processed/samples/1591.npz,512,512,1687,297,355,217,264,58,47,58,9302f3c23f0ef2b3f37f724beee850cba1561a690294db91485af19c4363542b
1592,97481,3,train,1512427/brainTumorDataPublic_1533-2298/1592.mat,data/processed/samples/1592.npz,512,512,1324,296,342,216,264,46,48,48,299bc2c775cb04c6c2e72d3eb675e3c1425d14c42aacefdd6c924b0fb330cb86
1593,97481,3,train,1512427/brainTumorDataPublic_1533-2298/1593.mat,data/processed/samples/1593.npz,512,512,1806,298,346,217,272,48,55,55,2555ed12f2eea173859feb713a8ce038505c0432afcd949113c1f74feea0467a
1594,97599,3,train,1512427/brainTumorDataPublic_1533-2298/1594.mat,data/processed/samples/1594.npz,512,512,486,249,268,240,275,19,35,35,6ab45d43b3849d68c1e26d6263cc8c93404174e97b3a07d55580d30d8da1c819
1595,97599,3,train,1512427/brainTumorDataPublic_1533-2298/1595.mat,data/processed/samples/1595.npz,512,512,323,248,265,246,270,17,24,24,fcd12a3bc9be7e7b9af58de035c364c104fcea28ada63ba20a9c29fc0d6c2fef
1596,97890,3,train,1512427/brainTumorDataPublic_1533-2298/1596.mat,data/processed/samples/1596.npz,512,512,1006,293,320,227,273,27,46,46,e02a27ea487eb778de8b854974bfaba18463e9dce46bab8bac9639438fe1733b
1597,97890,3,train,1512427/brainTumorDataPublic_1533-2298/1597.mat,data/processed/samples/1597.npz,512,512,1404,290,323,227,279,33,52,52,843e9ae1221c64a8e73670c7f3d60e71ff8e6445d803a0ec6725625f71657eb0
1598,97890,3,train,1512427/brainTumorDataPublic_1533-2298/1598.mat,data/processed/samples/1598.npz,512,512,1065,296,322,229,277,26,48,48,1329e251716cde2ab0b0100a3dbbe1384e57aa04b7457e5d967cde74022bcc94
1599,97890,3,train,1512427/brainTumorDataPublic_1533-2298/1599.mat,data/processed/samples/1599.npz,512,512,1124,293,322,230,283,29,53,53,43b63003050fbb95706564af029a17c51fa4690b766d9fa25d0ae9978a52b206
1600,98472,3,test,1512427/brainTumorDataPublic_1533-2298/1600.mat,data/processed/samples/1600.npz,512,512,1615,222,282,237,282,60,45,60,fc004e42948e2bdf4caacdd5a8c0430a06a8f7c5806f60ac51e57b48c76026ec
1601,98472,3,test,1512427/brainTumorDataPublic_1533-2298/1601.mat,data/processed/samples/1601.npz,512,512,2078,220,285,234,283,65,49,65,62e8416ac28c913cb6b7edbe637d0eba9b9458d4d58472955572c80935030a6b
1602,98472,3,test,1512427/brainTumorDataPublic_1533-2298/1602.mat,data/processed/samples/1602.npz,512,512,2445,219,284,231,284,65,53,65,c52be7c06bd3632dc8c02f180fe2f31432a725ba41ff2304a1a096a1445fa4d7
1603,98472,3,test,1512427/brainTumorDataPublic_1533-2298/1603.mat,data/processed/samples/1603.npz,512,512,2120,221,281,230,288,60,58,60,a0df1e3e43a081e69e6236c21978fc79c43954c113061c760025850629c16b67
1604,98472,3,test,1512427/brainTumorDataPublic_1533-2298/1604.mat,data/processed/samples/1604.npz,512,512,612,223,254,236,264,31,28,31,52907e30205a317b864df69ce12ff2e13280457aaf83fb31350386745cc09147
1605,98652,3,val,1512427/brainTumorDataPublic_1533-2298/1605.mat,data/processed/samples/1605.npz,512,512,651,232,256,248,286,24,38,38,08edac7a29660bf77fe04ad867ff3e00e656209f1b7af4f635bb148f3e352a67
1606,98652,3,val,1512427/brainTumorDataPublic_1533-2298/1606.mat,data/processed/samples/1606.npz,512,512,795,232,257,251,291,25,40,40,7793ca8e35f042a49a875803760b89e85efba61852974464eae3e0da46c72587
1607,98652,3,val,1512427/brainTumorDataPublic_1533-2298/1607.mat,data/processed/samples/1607.npz,512,512,791,232,256,245,284,24,39,39,c4d0b5d50cea78e1dfea5787e8a610c7d8002263f97d6bc40f6becb5fdccc997
1608,98652,3,val,1512427/brainTumorDataPublic_1533-2298/1608.mat,data/processed/samples/1608.npz,512,512,5882,229,308,225,328,79,103,103,5b547c62206842875dc669bec23e0cfa71415a6c4db6de300fedfb225f450d1d
1609,98871,3,train,1512427/brainTumorDataPublic_1533-2298/1609.mat,data/processed/samples/1609.npz,512,512,1673,261,313,229,267,52,38,52,7952cd0f4e1b5c2f7a0ed3f81d55be4e1772ebc98b4939cce0cd38325be53d35
1610,98871,3,train,1512427/brainTumorDataPublic_1533-2298/1610.mat,data/processed/samples/1610.npz,512,512,1631,256,303,227,272,47,45,47,cc8e0ba5853d9c39dc9a5a9c2cfba6ae31a7a0af7a223d913bfa1bfac1089e03
1611,98871,3,train,1512427/brainTumorDataPublic_1533-2298/1611.mat,data/processed/samples/1611.npz,512,512,3131,258,325,222,279,67,57,67,79a53c00cc42afbf13bba2f2fe8e8627d141ea623a03ae07b9dfe8b1abb81f12
1612,98871,3,train,1512427/brainTumorDataPublic_1533-2298/1612.mat,data/processed/samples/1612.npz,512,512,3311,252,323,222,279,71,57,71,c20c8951761c67ed7cb4d09903ef37f64708535692d3114f3087702d1530b683
1613,98871,3,train,1512427/brainTumorDataPublic_1533-2298/1613.mat,data/processed/samples/1613.npz,512,512,1969,258,310,225,273,52,48,52,4978b1b5704e7a3a1a2dc5fc0cb029ea0d42f0831378d591d796fdc3f6ab4591
1614,98871,3,train,1512427/brainTumorDataPublic_1533-2298/1614.mat,data/processed/samples/1614.npz,512,512,2808,261,325,220,277,64,57,64,19b88f55f1dff941946aca5bb2d7a7b304342a1b926c28b3d058f101477b765e
1615,98871,3,train,1512427/brainTumorDataPublic_1533-2298/1615.mat,data/processed/samples/1615.npz,512,512,5928,269,378,209,281,109,72,109,6b65eb53df5ce20f3f27d594e5b013709078042baf031eaedd5dc2533b84a62a
1616,98874,3,train,1512427/brainTumorDataPublic_1533-2298/1616.mat,data/processed/samples/1616.npz,512,512,550,252,277,260,288,25,28,28,8be4049be7def68d26369b1152b7148c7341f302856007c3407fdb8db958a090
1617,98874,3,train,1512427/brainTumorDataPublic_1533-2298/1617.mat,data/processed/samples/1617.npz,512,512,1188,248,281,246,292,33,46,46,7596f5a3f4d7d7a33af4bc129f9e50484feb4e124410afca091a1b50563f1fc8
1618,98874,3,train,1512427/brainTumorDataPublic_1533-2298/1618.mat,data/processed/samples/1618.npz,512,512,2407,247,306,233,289,59,56,59,56463d15de8e6ca74ea390a2fc0051bf7796ff9730b7dbbab85685ea15fb359d
1619,98874,3,train,1512427/brainTumorDataPublic_1533-2298/1619.mat,data/processed/samples/1619.npz,512,512,2407,248,305,224,289,57,65,65,616e9d6484a94c85912af0f0658ec971a41a7df740e1bbcdcbf12d807d8f27db
1620,98874,3,train,1512427/brainTumorDataPublic_1533-2298/1620.mat,data/processed/samples/1620.npz,512,512,2142,254,303,227,287,49,60,60,e58d84d5a2ebbe71efed2bf26fb27414f7fa588775e54f3583a63fb575dbe4d4
1621,98992,3,val,1512427/brainTumorDataPublic_1533-2298/1621.mat,data/processed/samples/1621.npz,512,512,1512,250,285,233,288,35,55,55,14ddfa6a6a6649f6898032fe1570308e495e7eaa091ee1dcdedcc51d8f164e19
1622,98992,3,val,1512427/brainTumorDataPublic_1533-2298/1622.mat,data/processed/samples/1622.npz,512,512,2247,243,288,227,289,45,62,62,cf3769f2f032b9c731170628d46f0b71125841b2b3d6b279c5cd8ad80a1a18ab
1623,98992,3,val,1512427/brainTumorDataPublic_1533-2298/1623.mat,data/processed/samples/1623.npz,512,512,4633,231,332,226,292,101,66,101,7eabda98aa667e62e668e8f9a7463238b5d766e922aa47399df5df83a8b6f642
1624,98992,3,val,1512427/brainTumorDataPublic_1533-2298/1624.mat,data/processed/samples/1624.npz,512,512,7794,227,346,200,299,119,99,119,c8796e17c07e4d91de3760abf1e6494c1d56ffc9cfb7a0f4ea18ab49058b450a
1625,98992,3,val,1512427/brainTumorDataPublic_1533-2298/1625.mat,data/processed/samples/1625.npz,512,512,8339,233,347,194,299,114,105,114,2e5fa607d67bcf9e6112918689975f34446193654cd8a8edd5e27b4d2df7f2ca
1626,98992,3,val,1512427/brainTumorDataPublic_1533-2298/1626.mat,data/processed/samples/1626.npz,512,512,8162,237,348,191,304,111,113,113,cd31c2333257af7924aea52f06951f11b4aeeeab36f82c50d1f4ad91574d28c7
1627,98992,3,val,1512427/brainTumorDataPublic_1533-2298/1627.mat,data/processed/samples/1627.npz,512,512,5341,244,341,188,290,97,102,102,61b3755e4bd05691caf421e62024ecdfd99267b556feae4dc9ce193615bbd1a4
1628,98995,3,train,1512427/brainTumorDataPublic_1533-2298/1628.mat,data/processed/samples/1628.npz,512,512,996,246,292,230,258,46,28,46,21a8df8fb8413cbb15a007b005c4684fc15c6b7e33022a00f2ba7ce2b5419d94
1629,98995,3,train,1512427/brainTumorDataPublic_1533-2298/1629.mat,data/processed/samples/1629.npz,512,512,2460,238,305,219,267,67,48,67,9f717d097e909a6b5e8e61adefd1d21d6e27c3d331e4e88d445f65595b2c2a47
1630,98995,3,train,1512427/brainTumorDataPublic_1533-2298/1630.mat,data/processed/samples/1630.npz,512,512,3457,237,310,215,273,73,58,73,2ad6a7c81b8787c90b203e993b0c41ef56ffb07d6da4e75ad18632db550dc18d
1631,98995,3,train,1512427/brainTumorDataPublic_1533-2298/1631.mat,data/processed/samples/1631.npz,512,512,3791,236,314,216,273,78,57,78,f6140323e48fe16f09a7d4a9361b645c9f708e0c68715ea658cf514859d1518e
1632,98995,3,train,1512427/brainTumorDataPublic_1533-2298/1632.mat,data/processed/samples/1632.npz,512,512,5429,237,355,218,271,118,53,118,deb40301b5aea4f9ede639cda3ec33e63fc4e532d16c9a7498a56f009fce9a68
1633,98995,3,train,1512427/brainTumorDataPublic_1533-2298/1633.mat,data/processed/samples/1633.npz,512,512,5556,243,360,212,273,117,61,117,1a9630891a13d84d13c51c7feb790ceac2d031671933a28dbb3dbad94123393d
1634,99223,3,train,1512427/brainTumorDataPublic_1533-2298/1634.mat,data/processed/samples/1634.npz,512,512,552,277,300,237,269,23,32,32,a7b4536a0052459c3e48d76d2c2ddaf9f8631268b5f73ebc4d9f01c676678ae6
1635,99223,3,train,1512427/brainTumorDataPublic_1533-2298/1635.mat,data/processed/samples/1635.npz,512,512,2337,273,348,232,274,75,42,75,11e4923780780fc660f32d2f098ffe00d874793257acd724606819a2f8c723e4
1636,99223,3,train,1512427/brainTumorDataPublic_1533-2298/1636.mat,data/processed/samples/1636.npz,512,512,3495,272,353,227,283,81,56,81,f02cfa701ee323d378e1b9aab1f7758d5d343639a5564cae298c9b1f56138060
1637,99223,3,train,1512427/brainTumorDataPublic_1533-2298/1637.mat,data/processed/samples/1637.npz,512,512,4019,269,360,227,286,91,59,91,c87bc6bba5d5ecb1a1f3344bfbf19a98cc587a2d48173b1b86f8b93ac7330e9f
1638,99223,3,train,1512427/brainTumorDataPublic_1533-2298/1638.mat,data/processed/samples/1638.npz,512,512,3784,272,359,227,285,87,58,87,1740ff9aa5e76d3afed44740aede3fa1f32ba5f4b083a0bfab3293d7673ced31
1639,99223,3,train,1512427/brainTumorDataPublic_1533-2298/1639.mat,data/processed/samples/1639.npz,512,512,3243,278,359,228,285,81,57,81,6b9ea4550def99f3c9dfa61f4c93e5c1e632f7d44a7f4abbda014910d91f8349
1640,101017,3,train,1512427/brainTumorDataPublic_1533-2298/1640.mat,data/processed/samples/1640.npz,512,512,1554,258,305,158,205,47,47,47,47509576bb467575d0ae37ca1ee1d9ccf484880487e4a96771f7eb53ce3ee3fc
1641,101017,3,train,1512427/brainTumorDataPublic_1533-2298/1641.mat,data/processed/samples/1641.npz,512,512,2035,250,303,156,206,53,50,53,a3c25dec8b97d9037e971be5c9999d09050b70256caad2c869876f488cd22b9e
1642,101017,3,train,1512427/brainTumorDataPublic_1533-2298/1642.mat,data/processed/samples/1642.npz,512,512,2485,247,304,151,214,57,63,63,4ec9f5b7fa498de7383b063a1f99e27c9b0149288282e350ed2bac6c6b9f582e
1643,101017,3,train,1512427/brainTumorDataPublic_1533-2298/1643.mat,data/processed/samples/1643.npz,512,512,1779,259,300,152,216,41,64,64,9b7a337327352b5c4f418df6c56a33ac8ae638d356ba2128e89d31ad8ad43c50
1644,101029,3,train,1512427/brainTumorDataPublic_1533-2298/1644.mat,data/processed/samples/1644.npz,512,512,1906,287,330,181,238,43,57,57,61252eb6adaaf0920caa5ab877906fa086a129315c451d5d74041b5bdab8814b
1645,101029,3,train,1512427/brainTumorDataPublic_1533-2298/1645.mat,data/processed/samples/1645.npz,512,512,1802,282,328,181,231,46,50,50,da14f510b63d4965fb0fda5b4cffecd052cea8b621ba93aacb2f813d620606ae
1646,101029,3,train,1512427/brainTumorDataPublic_1533-2298/1646.mat,data/processed/samples/1646.npz,512,512,2212,272,328,179,230,56,51,56,509da6b841b90412e2539dc3d167084839c62a4ab095986cb2f26092b6682fde
1647,101029,3,train,1512427/brainTumorDataPublic_1533-2298/1647.mat,data/processed/samples/1647.npz,512,512,2380,270,326,175,230,56,55,56,15e2fdff89031cd058173841a70e97224d7f99ec71e4807aeef9f0d32f56d2ff
1648,101029,3,train,1512427/brainTumorDataPublic_1533-2298/1648.mat,data/processed/samples/1648.npz,512,512,2300,272,330,178,230,58,52,58,56e418c7d2e99d598f9f9ba5e6fef44baf5355bb231b92768093ca6db306f99a
1649,101029,3,train,1512427/brainTumorDataPublic_1533-2298/1649.mat,data/processed/samples/1649.npz,512,512,2095,273,325,180,231,52,51,52,a0f853354a852e512105d58ecb58dc2ab1873008bf197db0e90b4ef1bf4a80dd
1650,101029,3,train,1512427/brainTumorDataPublic_1533-2298/1650.mat,data/processed/samples/1650.npz,512,512,1735,270,322,182,225,52,43,52,0961cbd3d3b29a824f1da8f25cf85a65d251f3c6e0ef2a642c0fd0fd0b586357
1651,101145,3,train,1512427/brainTumorDataPublic_1533-2298/1651.mat,data/processed/samples/1651.npz,512,512,340,289,305,194,222,16,28,28,fc652b9de6d1ca1b2f74d7b7dd8baac4a9ec1f668f13771df773d1f1d742c1a7
1652,101145,3,train,1512427/brainTumorDataPublic_1533-2298/1652.mat,data/processed/samples/1652.npz,512,512,459,283,305,197,224,22,27,27,d189d0bc67f4349b0a25b776617527ab305e992a5092efef890509088a1af64d
1653,101145,3,train,1512427/brainTumorDataPublic_1533-2298/1653.mat,data/processed/samples/1653.npz,512,512,665,280,307,195,225,27,30,30,8c0b5752d9f2a1be93fb2cb495971815d1177020ed33c6250534f5fadd63a25f
1654,101145,3,train,1512427/brainTumorDataPublic_1533-2298/1654.mat,data/processed/samples/1654.npz,512,512,509,286,310,196,224,24,28,28,64c102cdea971ddf1ac302717ce6aabaefe57f305640b80c2d6c0631a6ccc693
1655,101305,3,train,1512427/brainTumorDataPublic_1533-2298/1655.mat,data/processed/samples/1655.npz,512,512,461,264,285,178,210,21,32,32,e7a260f56d92153be041f0050a037245c14e1a20412cab7a78624aecf802cd47
1656,101305,3,train,1512427/brainTumorDataPublic_1533-2298/1656.mat,data/processed/samples/1656.npz,512,512,737,260,287,177,212,27,35,35,d9a05e78df0419176a8619739f510911e6439d66ab186999fb10881685ffdc54
1657,101305,3,train,1512427/brainTumorDataPublic_1533-2298/1657.mat,data/processed/samples/1657.npz,512,512,610,261,286,179,209,25,30,30,8ae23b565e5c419cf8dab38a8dd7f6a6484aeacfad3099d7460603f03638c9e4
1658,101305,3,train,1512427/brainTumorDataPublic_1533-2298/1658.mat,data/processed/samples/1658.npz,512,512,541,268,287,177,215,19,38,38,19a35b73bed4aeab2a67df8a6ad6af4c1c7f7712f016815f17d86229dc462054
1659,101724,3,train,1512427/brainTumorDataPublic_1533-2298/1659.mat,data/processed/samples/1659.npz,512,512,545,311,336,211,247,25,36,36,57e137aec1d4ed53b8db0ad7aa2eec36318e334ac90636d0a499b77bd88ee754
1660,101724,3,train,1512427/brainTumorDataPublic_1533-2298/1660.mat,data/processed/samples/1660.npz,512,512,638,300,331,211,242,31,31,31,e250771069be4565c70d9c6a67af8bc52c299695c9d75e5c245ef3134e45663a
1661,101724,3,train,1512427/brainTumorDataPublic_1533-2298/1661.mat,data/processed/samples/1661.npz,512,512,722,305,335,211,243,30,32,32,ffde4d09eac77d10b4e9b5b348abafe040410bfcb695009af8994d12cb11b9a7
1662,101724,3,train,1512427/brainTumorDataPublic_1533-2298/1662.mat,data/processed/samples/1662.npz,512,512,546,303,330,211,239,27,28,28,c9e605c4308cf9c9c721315ca3264d4db6159ce8bfe73030c5b842093babadba
1663,101724,3,train,1512427/brainTumorDataPublic_1533-2298/1663.mat,data/processed/samples/1663.npz,512,512,807,300,334,211,245,34,34,34,c86ff408c5d8c426de6e6106acb4e265a353d069ccc1a1f6472530c4c07d71eb
1664,101724,3,train,1512427/brainTumorDataPublic_1533-2298/1664.mat,data/processed/samples/1664.npz,512,512,742,302,330,211,245,28,34,34,619816d424200a35aac6a22cb7d203890960afc3aee43a07aa66afaff3a4ed45
1665,102648,3,train,1512427/brainTumorDataPublic_1533-2298/1665.mat,data/processed/samples/1665.npz,512,512,769,248,273,222,267,25,45,45,51a91cce97372973c1073ad68117065127f163ca72e475594e32bcf96aab7e5e
1666,102648,3,train,1512427/brainTumorDataPublic_1533-2298/1666.mat,data/processed/samples/1666.npz,512,512,1007,233,275,221,255,42,34,42,981a84fec39be27f5ca97fce4ca93c4ee49b4f70d1b7524149d153421b7b45b3
1667,102648,3,train,1512427/brainTumorDataPublic_1533-2298/1667.mat,data/processed/samples/1667.npz,512,512,1236,233,277,218,255,44,37,44,9713e282a30d7987805b691b6194c4d939a170e7c4d7e9db37863938d229589a
1668,102648,3,train,1512427/brainTumorDataPublic_1533-2298/1668.mat,data/processed/samples/1668.npz,512,512,1480,233,281,215,256,48,41,48,1030546b55557a9e85c37b34602346f3aaf0582162ec0ff9e2e687b9678fd4f9
1669,102648,3,train,1512427/brainTumorDataPublic_1533-2298/1669.mat,data/processed/samples/1669.npz,512,512,1262,237,278,215,253,41,38,41,97b203529964aa5aecef6923538647d75fa93a614d3f753c02a851f815c5212e
1670,102648,3,train,1512427/brainTumorDataPublic_1533-2298/1670.mat,data/processed/samples/1670.npz,512,512,1265,238,274,208,255,36,47,47,dce1debad0d235899940b4e3f98b868a4032ecdc8a0f20e222b9b668299fcb31
1671,102648,3,train,1512427/brainTumorDataPublic_1533-2298/1671.mat,data/processed/samples/1671.npz,512,512,867,248,272,208,254,24,46,46,0862f63275e25356ad936bd6eb5da63abbf62a8bcaa71d9703f7a26ca1b24480
1672,102669,3,train,1512427/brainTumorDataPublic_1533-2298/1672.mat,data/processed/samples/1672.npz,512,512,371,306,323,200,228,17,28,28,b9c632f42712f809ef91bc1cd9e7d8d10dc3b2f1146583c99d786b4bb465b960
1673,103046,3,train,1512427/brainTumorDataPublic_1533-2298/1673.mat,data/processed/samples/1673.npz,512,512,1291,278,323,178,215,45,37,45,29dfa4013b321386bf767ed5e7f1e43ef23ef638d13468a3dd04ed2044acce1c
1674,103046,3,train,1512427/brainTumorDataPublic_1533-2298/1674.mat,data/processed/samples/1674.npz,512,512,1188,282,322,176,214,40,38,40,f0eef397658f4e48f22ce7a0408f1e43343a9ad083fd2b19d14714b158d04e79
1675,103046,3,train,1512427/brainTumorDataPublic_1533-2298/1675.mat,data/processed/samples/1675.npz,512,512,969,280,318,180,222,38,42,42,5c2c921576e7f372209091f4df2759052760728598867bbfaa3325a8729e8606
1676,103046,3,train,1512427/brainTumorDataPublic_1533-2298/1676.mat,data/processed/samples/1676.npz,512,512,774,282,310,184,218,28,34,34,4606de30901c187ed6b3411188a0fa0033ded96d85937f3c3c38e6d901a89448
1677,103257,3,train,1512427/brainTumorDataPublic_1533-2298/1677.mat,data/processed/samples/1677.npz,512,512,1021,235,270,213,252,35,39,39,454f6fb37659b52c3dbe966621a2bba851a69e57b8402238f32d24f08bc602e9
1678,103257,3,train,1512427/brainTumorDataPublic_1533-2298/1678.mat,data/processed/samples/1678.npz,512,512,1996,208,270,208,255,62,47,62,c6fd4830689e2c6bf0928ffffe09705a44300c908eccb3a5775a5031d76efc44
1679,103257,3,train,1512427/brainTumorDataPublic_1533-2298/1679.mat,data/processed/samples/1679.npz,512,512,2416,204,271,207,260,67,53,67,91fac44b4ae55ddb6fbed19e51a3a7bb3f30adf8ef140566575dd1ee5aa1132c
1680,103257,3,train,1512427/brainTumorDataPublic_1533-2298/1680.mat,data/processed/samples/1680.npz,512,512,3028,202,276,198,261,74,63,74,80b53aebef3292c04f676f12ba5b055a2325685fecfe4957baccefd817a09286
1681,103257,3,train,1512427/brainTumorDataPublic_1533-2298/1681.mat,data/processed/samples/1681.npz,512,512,3055,206,283,194,255,77,61,77,3071c9681733a688ac107eafa16d9a0cdb56be822625cb8336de2cdd4fe68e82
1682,103257,3,train,1512427/brainTumorDataPublic_1533-2298/1682.mat,data/processed/samples/1682.npz,512,512,1725,240,280,194,255,40,61,61,12338467d4ed000675a31bafb1f7ce0ee0387ff5b7c8aafe77ff1904364bd680
1683,103257,3,train,1512427/brainTumorDataPublic_1533-2298/1683.mat,data/processed/samples/1683.npz,512,512,1323,242,285,207,260,43,53,53,a9aaa22a09a0cfa4031df36218ed87c0379c0795557def841de1d1375c398163
1684,103478,3,train,1512427/brainTumorDataPublic_1533-2298/1684.mat,data/processed/samples/1684.npz,512,512,1254,266,303,176,223,37,47,47,98c26b797c99ee8501b052f671d8d9910ddb248999cc22d1560b8b2c67e8920b
1685,103478,3,train,1512427/brainTumorDataPublic_1533-2298/1685.mat,data/processed/samples/1685.npz,512,512,2852,228,304,173,221,76,48,76,7780fb0a58ce4c5dfe8525b95fa8d8dac0701744458efb2f8160214800a234b4
1686,103478,3,train,1512427/brainTumorDataPublic_1533-2298/1686.mat,data/processed/samples/1686.npz,512,512,3894,222,306,170,226,84,56,84,08402709c5b1772bc1906412fa6f9d7a8f86b97f04b8309001ae93ddcb993360
1687,103478,3,train,1512427/brainTumorDataPublic_1533-2298/1687.mat,data/processed/samples/1687.npz,512,512,3882,228,310,169,225,82,56,82,2d98f217610d8bc3edde3e5b9c488dc1179881ad710fe60757b9c6da880f1653
1688,103478,3,train,1512427/brainTumorDataPublic_1533-2298/1688.mat,data/processed/samples/1688.npz,512,512,3899,233,312,167,232,79,65,79,bc72b5f8b6e8bae2b158798a4508f4468b5e58a646cc5d1c4baf89bd05e9612b
1689,103478,3,train,1512427/brainTumorDataPublic_1533-2298/1689.mat,data/processed/samples/1689.npz,512,512,2678,233,300,170,226,67,56,67,01bc093963ccdbbb814ce14f7800f4a29abba4e744d62911ff6fb9daf13c6ee3
1690,103478,3,train,1512427/brainTumorDataPublic_1533-2298/1690.mat,data/processed/samples/1690.npz,512,512,1334,259,300,181,223,41,42,42,09ed820b17eb77f820b4eb661793f182efa60c3cb76f15921ca6b5c75d607ce9
1691,103478,3,train,1512427/brainTumorDataPublic_1533-2298/1691.mat,data/processed/samples/1691.npz,512,512,1178,265,299,182,229,34,47,47,f029adf58e0c32fc36bec8b805f96efb4c1f755b9e20cf59125ceb9032937410
1692,103582,3,train,1512427/brainTumorDataPublic_1533-2298/1692.mat,data/processed/samples/1692.npz,512,512,1045,292,329,189,222,37,33,37,dd2b3954d666bd140040e6459a4c39896db1a359f23dfdd1b4ad58befff8f38a
1693,103582,3,train,1512427/brainTumorDataPublic_1533-2298/1693.mat,data/processed/samples/1693.npz,512,512,1599,271,328,188,223,57,35,57,8138300f87853dffe606da0cc25e568e6d3d9536b2197986591dc580bc9d1847
1694,103582,3,train,1512427/brainTumorDataPublic_1533-2298/1694.mat,data/processed/samples/1694.npz,512,512,2137,269,337,185,225,68,40,68,a56177dd34ea1487e6c03b32d0668e4aaafad190fe0956d85caeb25378058158
1695,103582,3,train,1512427/brainTumorDataPublic_1533-2298/1695.mat,data/processed/samples/1695.npz,512,512,2748,269,343,183,231,74,48,74,3a14ea655bb302e9e807e9870688f8aabb525a5ffe4f7eb171749caa93f84d41
1696,103582,3,train,1512427/brainTumorDataPublic_1533-2298/1696.mat,data/processed/samples/1696.npz,512,512,2267,285,348,185,235,63,50,63,4566a626bee576846752ce1a4dba18682c561cad8c6c7422746ea94572d3e1d2
1697,103582,3,train,1512427/brainTumorDataPublic_1533-2298/1697.mat,data/processed/samples/1697.npz,512,512,1381,289,332,188,229,43,41,43,4d33dfa4dae6fe159f2935030d43b2420fa1046cad89ae926af2c5731a8f3ff9
1698,103582,3,train,1512427/brainTumorDataPublic_1533-2298/1698.mat,data/processed/samples/1698.npz,512,512,889,293,320,191,238,27,47,47,a70b446d204d59d4bf333379a2fd02e6b9ef69dcea332fa9c8047f7eab07656b
1699,103582,3,train,1512427/brainTumorDataPublic_1533-2298/1699.mat,data/processed/samples/1699.npz,512,512,882,295,319,192,244,24,52,52,8f8a9bc21fe5589dadf71cf6479a7835c4bf43d70bba66c4442323af1a27e855
1700,103670,3,train,1512427/brainTumorDataPublic_1533-2298/1700.mat,data/processed/samples/1700.npz,512,512,928,252,296,206,232,44,26,44,fb7ea9ab503e2117769dd10d199be9171e91cef63266412b8b09d6c19276e418
1701,103670,3,train,1512427/brainTumorDataPublic_1533-2298/1701.mat,data/processed/samples/1701.npz,512,512,1101,245,293,203,233,48,30,48,a9dd96ac7e0fbb762d968fb47b31feacd6c40b03f68e180c0674823db17a2761
1702,103670,3,train,1512427/brainTumorDataPublic_1533-2298/1702.mat,data/processed/samples/1702.npz,512,512,950,246,293,207,232,47,25,47,2ba1404e0f4fbe907335cf4afa4c0edc1dbf9e23051971f2ddb1d3254100e258
1703,103670,3,train,1512427/brainTumorDataPublic_1533-2298/1703.mat,data/processed/samples/1703.npz,512,512,869,246,292,200,237,46,37,46,1a4b7d971605f544e611bca07df7135e6d3ad90c899e64c5eb54309769eff6fe
1704,103671,3,val,1512427/brainTumorDataPublic_1533-2298/1704.mat,data/processed/samples/1704.npz,512,512,1614,280,332,196,237,52,41,52,1db6a1ad90961eaf83774cfe80ee59cd9dfa00f3904c7f8e59f61f2ccb684919
1705,103671,3,val,1512427/brainTumorDataPublic_1533-2298/1705.mat,data/processed/samples/1705.npz,512,512,2216,276,335,188,235,59,47,59,530041a690a08e1c1a4c69541c48b16663e3216ea524ef6d9265676204aa3492
1706,103671,3,val,1512427/brainTumorDataPublic_1533-2298/1706.mat,data/processed/samples/1706.npz,512,512,2188,272,332,192,240,60,48,60,eea7579bbbacd159f4157db0d2c06fafb056d404bb4e465d8642fe62e1523898
1707,103671,3,val,1512427/brainTumorDataPublic_1533-2298/1707.mat,data/processed/samples/1707.npz,512,512,1981,271,330,196,236,59,40,59,f3097b641b636b381b2a7212bd42a24018e065dc20ce5cf09917be09cc2bf775
1708,103671,3,val,1512427/brainTumorDataPublic_1533-2298/1708.mat,data/processed/samples/1708.npz,512,512,1360,277,328,201,234,51,33,51,cecdf44c8648d1b9d505be721309df253ce6e357d32c21191be0d6cc56d3058a
1709,103731,3,test,1512427/brainTumorDataPublic_1533-2298/1709.mat,data/processed/samples/1709.npz,512,512,2500,235,316,189,235,81,46,81,957e2e69d763d2d16e583b18ed4edcae17d32e80fd76e3de7d83fb0ccc1ba518
1710,103731,3,test,1512427/brainTumorDataPublic_1533-2298/1710.mat,data/processed/samples/1710.npz,512,512,3851,231,327,184,239,96,55,96,e1d31e59aa302c9016bf98fa115637f4339534ac2ec1db965eb86f407794b45b
1711,103731,3,test,1512427/brainTumorDataPublic_1533-2298/1711.mat,data/processed/samples/1711.npz,512,512,3940,231,330,181,242,99,61,99,6da79e96c2af50b6dae08f14b5dbb4a5028c7d86bdb95843afa11926a1c9b26f
1712,103731,3,test,1512427/brainTumorDataPublic_1533-2298/1712.mat,data/processed/samples/1712.npz,512,512,3507,233,325,180,236,92,56,92,d164f463eb6b11a5a917daadb2fd8a93551a15035fedb13135283d4ec3b8d5a5
1713,103731,3,test,1512427/brainTumorDataPublic_1533-2298/1713.mat,data/processed/samples/1713.npz,512,512,1781,253,313,188,228,60,40,60,1279984599f8dedb358aeaa94d8241d2ded5a459a0ee819aa776e56e890d153d
1714,103837,3,test,1512427/brainTumorDataPublic_1533-2298/1714.mat,data/processed/samples/1714.npz,512,512,1031,252,287,192,242,35,50,50,b8812359fcb172cc424fcd7d23b549c783591ef33db52874289b37a561f89309
1715,103837,3,test,1512427/brainTumorDataPublic_1533-2298/1715.mat,data/processed/samples/1715.npz,512,512,1599,255,293,177,234,38,57,57,44302d85949c7abc2822d9f1af347009c8c2e0f887574ddc24684c3e5608a038
1716,103837,3,test,1512427/brainTumorDataPublic_1533-2298/1716.mat,data/processed/samples/1716.npz,512,512,1833,247,291,172,231,44,59,59,147aa294d36bb4c411c37fded51c20367b4dfeeeb56509cc464e83c3c25a2557
1717,103837,3,test,1512427/brainTumorDataPublic_1533-2298/1717.mat,data/processed/samples/1717.npz,512,512,2542,221,288,174,236,67,62,67,e4387edf59e53128351773940e5665a1029786cd2e2f91a3ca396ef195e61014
1718,103837,3,test,1512427/brainTumorDataPublic_1533-2298/1718.mat,data/processed/samples/1718.npz,512,512,2599,213,282,184,244,69,60,69,403b809b91b90b6ffcfe6e92db1202dabf4a2fe221d720f2f39f35b06fb156c3
1719,103837,3,test,1512427/brainTumorDataPublic_1533-2298/1719.mat,data/processed/samples/1719.npz,512,512,2200,208,275,189,242,67,53,67,58288ba28125401641ab0d2eaef0a60a06f8446610e018bf14f1c141d4f3f008
1720,103837,3,test,1512427/brainTumorDataPublic_1533-2298/1720.mat,data/processed/samples/1720.npz,512,512,698,248,279,188,221,31,33,33,322988276c530efd6b4b636661a73d2d344d0a3d8e4f0896e74785acdca3124e
1721,104019,3,train,1512427/brainTumorDataPublic_1533-2298/1721.mat,data/processed/samples/1721.npz,512,512,473,297,320,204,234,23,30,30,b56d298548b91bdd3b186977885f66af4dd86ded13bad909c4af33f0ac1b583d
1722,104019,3,train,1512427/brainTumorDataPublic_1533-2298/1722.mat,data/processed/samples/1722.npz,512,512,1038,283,324,201,234,41,33,41,7d007f280bc31c804ecf9e942519730cfb4e2876815991eae894154f3f311aa6
1723,104019,3,train,1512427/brainTumorDataPublic_1533-2298/1723.mat,data/processed/samples/1723.npz,512,512,1009,278,323,204,233,45,29,45,d93b1a7473cb1076056fe5af799d2c3c009030731dda93b57ffdc6f25614286f
1724,104019,3,train,1512427/brainTumorDataPublic_1533-2298/1724.mat,data/processed/samples/1724.npz,512,512,1038,276,320,203,234,44,31,44,026a7d5d4287e6db2ea06cc5170efb454ff49451ca49615f7900dd3eab9c81bd
1725,104558,3,train,1512427/brainTumorDataPublic_1533-2298/1725.mat,data/processed/samples/1725.npz,512,512,3378,241,315,168,258,74,90,90,68cd9193794525aa6ef3b1fd083607bf8678af8f4d5356e17789db0f1279a8be
1726,104558,3,train,1512427/brainTumorDataPublic_1533-2298/1726.mat,data/processed/samples/1726.npz,512,512,7932,222,347,156,260,125,104,125,f440f9e16fcfe7263f1288c4035b1029ed222de60fdc00b7835d128fe9943c19
1727,104558,3,train,1512427/brainTumorDataPublic_1533-2298/1727.mat,data/processed/samples/1727.npz,512,512,10496,215,356,150,258,141,108,141,98d2a413dc85ea6ae97399578be81bfae2533514d48516872e4cbffbc13c1995
1728,104558,3,train,1512427/brainTumorDataPublic_1533-2298/1728.mat,data/processed/samples/1728.npz,512,512,11550,215,361,152,258,146,106,146,6bd573ab37bfa9e3d24933c6625cbc5e370da705241c9526a1085b09dda3cb5e
1729,104558,3,train,1512427/brainTumorDataPublic_1533-2298/1729.mat,data/processed/samples/1729.npz,512,512,11684,209,359,149,264,150,115,150,6b8260b81b8e95a14e7a9b946a4d6277d636de257727e394e652004bbf7ae17c
1730,104558,3,train,1512427/brainTumorDataPublic_1533-2298/1730.mat,data/processed/samples/1730.npz,512,512,10912,208,356,156,262,148,106,148,056be31a460cfe4aed1eb3881ec8924f2713fb48d6cdc8a2442e95b015760fe9
1731,104558,3,train,1512427/brainTumorDataPublic_1533-2298/1731.mat,data/processed/samples/1731.npz,512,512,9620,213,351,149,256,138,107,138,c272a3d806117fd76f895c5d747da4c7adddc973fe5df445cadcffd59f3a4490
1732,104558,3,train,1512427/brainTumorDataPublic_1533-2298/1732.mat,data/processed/samples/1732.npz,512,512,4193,219,293,167,247,74,80,80,c5ea67f6779885dcf19903de36debf4b392066589e545aad9e38cadb767a727c
1733,104558,3,train,1512427/brainTumorDataPublic_1533-2298/1733.mat,data/processed/samples/1733.npz,512,512,2734,223,287,181,239,64,58,64,bffd46c065c1f838da1ee5924186e68aa3b733508a1997ae2ad496479f1f1929
1734,104684,3,val,1512427/brainTumorDataPublic_1533-2298/1734.mat,data/processed/samples/1734.npz,512,512,3209,219,291,163,218,72,55,72,95fda06dc79a279d3e63f8633f7cf831c70988cbd00ac9dd48fdfd4ce34f0577
1735,104684,3,val,1512427/brainTumorDataPublic_1533-2298/1735.mat,data/processed/samples/1735.npz,512,512,3952,217,300,158,220,83,62,83,9f44b4dfd336536e25e803480002f9c951ffdba280fab8586d523bcde0b23b9c
1736,104684,3,val,1512427/brainTumorDataPublic_1533-2298/1736.mat,data/processed/samples/1736.npz,512,512,3791,219,302,162,221,83,59,83,fbd47fbb30dcb8d09db0715f097e20dbf7cbb4c3e251c2bfdc928fafeef08fa3
1737,104684,3,val,1512427/brainTumorDataPublic_1533-2298/1737.mat,data/processed/samples/1737.npz,512,512,3928,217,300,162,221,83,59,83,ef36a0790986a2d98a4a6e7844dd56a56b127bc181f5d2d6a31e74be52b4ca03
1738,104684,3,val,1512427/brainTumorDataPublic_1533-2298/1738.mat,data/processed/samples/1738.npz,512,512,3832,225,307,157,221,82,64,82,686eb676cdf700707d98a93eaa4f49a317e5667ef118d6f2b25562bcfa450908
1739,104684,3,val,1512427/brainTumorDataPublic_1533-2298/1739.mat,data/processed/samples/1739.npz,512,512,2928,232,294,163,223,62,60,62,60f47d9e43d842424fffc697cea20c769af9a9d3aae8d10e9399925c771b6daf
1740,104684,3,val,1512427/brainTumorDataPublic_1533-2298/1740.mat,data/processed/samples/1740.npz,512,512,1831,243,288,165,221,45,56,56,ff27eb9586ae11edfd788ce8d118551abcfe2545dc54138ade4653b738516aa7
1741,104912,3,train,1512427/brainTumorDataPublic_1533-2298/1741.mat,data/processed/samples/1741.npz,512,512,630,269,304,210,240,35,30,35,5a7a2c808aee69f80499a3bd07174002f07eb0b1604c6cc5c13bfda8b4112876
1742,104912,3,train,1512427/brainTumorDataPublic_1533-2298/1742.mat,data/processed/samples/1742.npz,512,512,941,265,300,206,243,35,37,37,370578c4b787f9a8fee6efe811359ba1af8ae1e6821175bff1f28ef7c21f8b57
1743,104912,3,train,1512427/brainTumorDataPublic_1533-2298/1743.mat,data/processed/samples/1743.npz,512,512,1014,265,304,207,241,39,34,39,8df8a43cceacb523437c4b4f83d027d8644d23d83886915780ce03d8bc29a361
1744,104912,3,train,1512427/brainTumorDataPublic_1533-2298/1744.mat,data/processed/samples/1744.npz,512,512,1165,264,305,209,242,41,33,41,5f6238f6e563ded5ee392d521e8f294d6a919c0ad993966d314836b93657ff4e
1745,104912,3,train,1512427/brainTumorDataPublic_1533-2298/1745.mat,data/processed/samples/1745.npz,512,512,1341,259,304,202,243,45,41,45,26c93024f3043128c67fbfe141f9d6119082819f28924297802ad1a7057792be
1746,104912,3,train,1512427/brainTumorDataPublic_1533-2298/1746.mat,data/processed/samples/1746.npz,512,512,1393,259,306,204,241,47,37,47,bde55f7f522def72f90d2197e65340b3eb658cf52b2e825a88ec06b3340a817e
1747,104912,3,train,1512427/brainTumorDataPublic_1533-2298/1747.mat,data/processed/samples/1747.npz,512,512,652,258,299,207,230,41,23,41,5ecd01ad3cb0d402224f06487e30e0d4b39c4ad23d1c0073c571291731e105e4
1748,105187,3,train,1512427/brainTumorDataPublic_1533-2298/1748.mat,data/processed/samples/1748.npz,512,512,590,259,283,182,214,24,32,32,b246c9b0438e0d947f18fb0fe5c6c6d74f1bb29045ac0bbd1a945c0943156f15
1749,105187,3,train,1512427/brainTumorDataPublic_1533-2298/1749.mat,data/processed/samples/1749.npz,512,512,759,257,286,176,212,29,36,36,3ee5bee26debb83505a123ffd3c0da24cd75a3ec9e46baa201f1c47c896c3368
1750,105187,3,train,1512427/brainTumorDataPublic_1533-2298/1750.mat,data/processed/samples/1750.npz,512,512,964,251,286,177,213,35,36,36,9c893d65f8d2dad79cd2331a393a6755978eb4382b43e58be60ee56bacbd7e17
1751,105187,3,train,1512427/brainTumorDataPublic_1533-2298/1751.mat,data/processed/samples/1751.npz,512,512,1006,250,286,178,213,36,35,36,a4a699be71f9a1764e9eb4f92f6ebe55388cb6a2dbce0bf8f76b2949ff25dbd5
1752,105187,3,train,1512427/brainTumorDataPublic_1533-2298/1752.mat,data/processed/samples/1752.npz,512,512,1050,249,285,178,217,36,39,39,ce7d44daa4df3d8aea528c3592ac6c497da723c322cbbbdf246d930ab041e779
1753,105187,3,train,1512427/brainTumorDataPublic_1533-2298/1753.mat,data/processed/samples/1753.npz,512,512,655,256,281,185,217,25,32,32,2fb2a0b1e528582819449a2a0ff934785c99193ae7d7ef13591788b651ae3921
1754,105475,3,test,1512427/brainTumorDataPublic_1533-2298/1754.mat,data/processed/samples/1754.npz,512,512,455,320,343,192,220,23,28,28,0834d2d6b6a35fd8573a8ebcccda1c49757bc1b620708c1129106f013ae77e2f
1755,105475,3,test,1512427/brainTumorDataPublic_1533-2298/1755.mat,data/processed/samples/1755.npz,512,512,486,322,343,189,217,21,28,28,8e7c78f5ca94fe42c3253a13f550b8b103f557be3ae6a4c32e76617a61c014bd
1756,105475,3,test,1512427/brainTumorDataPublic_1533-2298/1756.mat,data/processed/samples/1756.npz,512,512,493,318,340,188,214,22,26,26,ccc8c82dabc9e3292b25715d69fa443fca104394ae75e9ab940684c641614926
1757,105475,3,test,1512427/brainTumorDataPublic_1533-2298/1757.mat,data/processed/samples/1757.npz,512,512,493,324,343,188,221,19,33,33,4b61d52fc85089b242948d11921c6b84cdc2c986bf011d34c6d46735b2e2b502
1758,105475,3,test,1512427/brainTumorDataPublic_1533-2298/1758.mat,data/processed/samples/1758.npz,512,512,540,325,346,188,221,21,33,33,d4f855d5f94750602a9838b9488c97a105d53dd6e876ddf8a60077c363c992d6
1759,105538,3,train,1512427/brainTumorDataPublic_1533-2298/1759.mat,data/processed/samples/1759.npz,512,512,915,238,274,199,231,36,32,36,95cebe97765fcd704d54fb60fc4204a342a22d876242016300b7711ffe663c50
1760,105538,3,train,1512427/brainTumorDataPublic_1533-2298/1760.mat,data/processed/samples/1760.npz,512,512,962,241,272,195,233,31,38,38,cbeb1d76e44dd2575855a007e137cf1a9d610e44f755db4d6a264a9e359256e1
1761,105638,3,test,1512427/brainTumorDataPublic_1533-2298/1761.mat,data/processed/samples/1761.npz,512,512,731,244,270,188,225,26,37,37,84bfdcb9951ebb5c9ebd0ea74a9ecaf4a89ee6f2d9288c3c97941a28d92bd804
1762,105638,3,test,1512427/brainTumorDataPublic_1533-2298/1762.mat,data/processed/samples/1762.npz,512,512,918,242,273,187,225,31,38,38,31cd3edb4093c66116986f6915dc2367bb2ea39692c189adf7657d7830b3b2a7
1763,105638,3,test,1512427/brainTumorDataPublic_1533-2298/1763.mat,data/processed/samples/1763.npz,512,512,668,242,269,189,220,27,31,31,fa5b42df5acb9ca37bd9066cae1c930212a9817cba8a45c4bbfd065d7620b675
1764,105638,3,test,1512427/brainTumorDataPublic_1533-2298/1764.mat,data/processed/samples/1764.npz,512,512,481,246,269,195,226,23,31,31,436e51ca298b62bb3fb1992fa2a0b239f609dbd4065dcfd6e74770e82e17ce59
1765,105638,3,test,1512427/brainTumorDataPublic_1533-2298/1765.mat,data/processed/samples/1765.npz,512,512,316,246,264,196,221,18,25,25,4d44dccffd2d05ddd07021974a49f1f2025f6cf0628276405e16accc39eb2827
1766,97416,3,train,1512427/brainTumorDataPublic_1533-2298/1766.mat,data/processed/samples/1766.npz,512,512,2592,247,298,165,227,51,62,62,ad4f1b9e51046982d3f82bc0f07820c2c776fe0a4dcea44e5903a71591f0708e
1767,97416,3,train,1512427/brainTumorDataPublic_1533-2298/1767.mat,data/processed/samples/1767.npz,512,512,2899,239,297,164,229,58,65,65,aad544b44319a7ecfbe6007f9d9891abd5e444e7dccd1199ae0cc03f191f7ae5
1768,97416,3,train,1512427/brainTumorDataPublic_1533-2298/1768.mat,data/processed/samples/1768.npz,512,512,3372,231,297,165,230,66,65,66,4f57deea08eb7275463b8e3472616250fa64a74b560cb7e96bf64ae606cd406b
1769,97416,3,train,1512427/brainTumorDataPublic_1533-2298/1769.mat,data/processed/samples/1769.npz,512,512,3805,227,298,165,231,71,66,71,72f75e5f9d603dc15f1cc19960d92873a4dd25a5ee9c2e0bf7cdc97569194fed
1770,97416,3,train,1512427/brainTumorDataPublic_1533-2298/1770.mat,data/processed/samples/1770.npz,512,512,3241,223,291,164,229,68,65,68,ba0cddf7eb6289ff6d05646d3dc6db7d5decce8aeee5be9c121952a78399f947
1771,97416,3,train,1512427/brainTumorDataPublic_1533-2298/1771.mat,data/processed/samples/1771.npz,512,512,1870,228,271,165,221,43,56,56,e23daf00e325c0ef31ca9e97e14efa37d2e6aa189ff55f8e63a374e4d3d1a2e6
1772,97416,3,train,1512427/brainTumorDataPublic_1533-2298/1772.mat,data/processed/samples/1772.npz,512,512,958,235,263,169,213,28,44,44,3702ef56a034b964854ffbe7580e00a46dd834c0f5d8c30f2d6e9fc2d4de60c2
1773,97461,3,val,1512427/brainTumorDataPublic_1533-2298/1773.mat,data/processed/samples/1773.npz,512,512,4138,286,358,176,256,72,80,80,1164fcf19345293e6567a192ae7e123d9e7f9078d120a66b9040ecfa6a36a89f
1774,97461,3,val,1512427/brainTumorDataPublic_1533-2298/1774.mat,data/processed/samples/1774.npz,512,512,2900,285,346,190,254,61,64,64,b6ad92c558aa1c5cd9d195251259bc4ac668170e6617b31af9d5d2cf9aeccf59
1775,97461,3,val,1512427/brainTumorDataPublic_1533-2298/1775.mat,data/processed/samples/1775.npz,512,512,4271,276,355,182,256,79,74,79,7308ade1deb0471ce45080522a525e118d156f3948f8e649b576d3c421fe1570
1776,97461,3,val,1512427/brainTumorDataPublic_1533-2298/1776.mat,data/processed/samples/1776.npz,512,512,4789,266,356,181,254,90,73,90,2d8831f1758eb2035692a7ceb6e162bfa2dbd824b4cacc127f448e18361ad12d
1777,97461,3,val,1512427/brainTumorDataPublic_1533-2298/1777.mat,data/processed/samples/1777.npz,512,512,4650,269,360,184,251,91,67,91,97776c35197c2b991bba85d038f3b7432d88b5641566c702ff7774343007ed24
1778,97461,3,val,1512427/brainTumorDataPublic_1533-2298/1778.mat,data/processed/samples/1778.npz,512,512,2964,274,355,188,232,81,44,81,72727d2eac89ced0af7729e2cf7551dc3d10ac9a7319f9bee36faefd4427ef6e
1779,97461,3,val,1512427/brainTumorDataPublic_1533-2298/1779.mat,data/processed/samples/1779.npz,512,512,2979,272,347,194,244,75,50,75,4c5b39b543c2f1da864ab00d967d96d50a89be5d590102d7d9c8cc64ced0bea0
1780,97461,3,val,1512427/brainTumorDataPublic_1533-2298/1780.mat,data/processed/samples/1780.npz,512,512,1541,298,344,198,241,46,43,46,50abfa3bdd2b3871b62770a156bd22f6d63d00b61993b74537258477d6323ebc
1781,97481,3,train,1512427/brainTumorDataPublic_1533-2298/1781.mat,data/processed/samples/1781.npz,512,512,709,299,326,198,235,27,37,37,da70328864d9cd512691939199b413a8b7fbb5616cf4cb4e160c50ce47bf358a
1782,97481,3,train,1512427/brainTumorDataPublic_1533-2298/1782.mat,data/processed/samples/1782.npz,512,512,1910,301,356,185,231,55,46,55,ee06bbd4ff7471b6223c9d9617c9f12342c84688c32d6ac03ec9934a5c6f99fd
1783,97481,3,train,1512427/brainTumorDataPublic_1533-2298/1783.mat,data/processed/samples/1783.npz,512,512,2365,296,361,185,234,65,49,65,926a3aab5331a99a40d85026522690a862f78586b575ae7d41c8fdb85c72be88
1784,97481,3,train,1512427/brainTumorDataPublic_1533-2298/1784.mat,data/processed/samples/1784.npz,512,512,1806,300,355,189,232,55,43,55,a913e5e08cad3ffbd376e8b8c87617731b7672baf697a59c44d6a42bc6b0f3db
1785,97481,3,train,1512427/brainTumorDataPublic_1533-2298/1785.mat,data/processed/samples/1785.npz,512,512,946,319,352,193,230,33,37,37,efe11fe2676457b0a49b24fb2b374ae2a69ed9613eaefa0395fa97454b6452a7
1786,97599,3,train,1512427/brainTumorDataPublic_1533-2298/1786.mat,data/processed/samples/1786.npz,512,512,451,249,268,226,260,19,34,34,8d854c5ae0618987c60763e8be3aa87c21fa2ae47fe6e7783ca53c5a5af7e8ed
1787,97599,3,train,1512427/brainTumorDataPublic_1533-2298/1787.mat,data/processed/samples/1787.npz,512,512,500,247,267,225,260,20,35,35,9defdc172fa24bb645825c56afed7a7eeb5e0f429b4a9f3d42d41baa5e3d7c65
1788,97599,3,train,1512427/brainTumorDataPublic_1533-2298/1788.mat,data/processed/samples/1788.npz,512,512,480,247,267,230,261,20,31,31,3b16cd9003dbc709e80dc97174fb8f4a7310b18980d10f248e3fae468151d591
1789,97890,3,train,1512427/brainTumorDataPublic_1533-2298/1789.mat,data/processed/samples/1789.npz,512,512,482,312,331,192,224,19,32,32,62f136c87083eafd1909be65267555c9b329f514d48287de5a0ab79d0a528eba
1790,97890,3,train,1512427/brainTumorDataPublic_1533-2298/1790.mat,data/processed/samples/1790.npz,512,512,584,305,332,191,219,27,28,28,8971a9a4d4f6d693ccbabf90823febc7b3a02ccd1c34e24b95f49d1db48937f2
1791,97890,3,train,1512427/brainTumorDataPublic_1533-2298/1791.mat,data/processed/samples/1791.npz,512,512,665,305,334,191,221,29,30,30,572a1229ebc105afcfb4d577cc4c95d734be1284d32c25aadd3a5aaf278062bd
1792,97890,3,train,1512427/brainTumorDataPublic_1533-2298/1792.mat,data/processed/samples/1792.npz,512,512,341,301,323,194,215,22,21,22,826e66f725f6a2d1c5c8ba6cdbaa9b7394f473ef924cbc2eb2ffba05bdcb7d40
1793,97890,3,train,1512427/brainTumorDataPublic_1533-2298/1793.mat,data/processed/samples/1793.npz,512,512,703,306,335,191,221,29,30,30,c78084d7eaaa32fd8eab46190b57876edcba354313849cfbe52b6d50aedba14e
1794,97890,3,train,1512427/brainTumorDataPublic_1533-2298/1794.mat,data/processed/samples/1794.npz,512,512,693,308,333,189,228,25,39,39,d93d063ae36250d2b8d60bdddeaf111fb099b4fb0dd316a60be1481d010d56d6
1795,98472,3,test,1512427/brainTumorDataPublic_1533-2298/1795.mat,data/processed/samples/1795.npz,512,512,1827,238,297,192,233,59,41,59,6b3b12550199498a1b3755b42d75f2c0aed9e9a0ab8faf17178bb616f6307085
1796,98472,3,test,1512427/brainTumorDataPublic_1533-2298/1796.mat,data/processed/samples/1796.npz,512,512,2006,238,303,192,237,65,45,65,b110fbbb3e6936bdb613f554b0d686db50e5c2b5f24b75464e7ce6a50f372186
1797,98472,3,test,1512427/brainTumorDataPublic_1533-2298/1797.mat,data/processed/samples/1797.npz,512,512,2081,239,304,192,233,65,41,65,138b18ac17cdafaff15a8da989cda137abbe8e1faa5f1cc051f94d09089e6986
1798,98472,3,test,1512427/brainTumorDataPublic_1533-2298/1798.mat,data/processed/samples/1798.npz,512,512,1783,243,301,195,233,58,38,58,d839a921a04841f34275328e7cb5b6fd29dc1e47602c325471b02d6daa80f94f
1799,98472,3,test,1512427/brainTumorDataPublic_1533-2298/1799.mat,data/processed/samples/1799.npz,512,512,1601,245,305,197,230,60,33,60,ba2e2cb43521c72e28ccbf100b334662577bb09ad1ea0bbc2f6ab54f75d5b286
1800,98472,3,test,1512427/brainTumorDataPublic_1533-2298/1800.mat,data/processed/samples/1800.npz,512,512,1043,272,301,194,238,29,44,44,97b1fc163f329d48a6baf790b28a7f91c87d611b4f5399e791de5133fdef6ee9
1801,98652,3,val,1512427/brainTumorDataPublic_1533-2298/1801.mat,data/processed/samples/1801.npz,512,512,845,248,279,239,275,31,36,36,3121de045ffc91b55a375452c0b7ca110b827e544b6cfb6cce62217dde6b6590
1802,98652,3,val,1512427/brainTumorDataPublic_1533-2298/1802.mat,data/processed/samples/1802.npz,512,512,791,252,281,239,273,29,34,34,1ac5919090f118365199b54e2ec28b4edfa7a6075a11c10d5a4e32cfd371d576
1803,98652,3,val,1512427/brainTumorDataPublic_1533-2298/1803.mat,data/processed/samples/1803.npz,512,512,546,256,279,239,273,23,34,34,acff99237ab64e948c96f17635492c314558849cb5ba54c9520c05517ff7e275
1804,98652,3,val,1512427/brainTumorDataPublic_1533-2298/1804.mat,data/processed/samples/1804.npz,512,512,452,255,278,241,269,23,28,28,67b7c87f16b451e6326d1c16ebb781e1a2f143c9428502f0c4fe7d4db0517ee2
1805,98652,3,val,1512427/brainTumorDataPublic_1533-2298/1805.mat,data/processed/samples/1805.npz,512,512,613,253,284,239,267,31,28,31,0c6192b8c176741a8e92b05f343eb6e326535c8421f11052d0eb681c31e4eae3
1806,98871,3,train,1512427/brainTumorDataPublic_1533-2298/1806.mat,data/processed/samples/1806.npz,512,512,1187,298,341,207,247,43,40,43,812e8f92c18525bbccb9298342ef67544dda1f46ed13443ac9a65b9e2fbf9d9e
1807,98871,3,train,1512427/brainTumorDataPublic_1533-2298/1807.mat,data/processed/samples/1807.npz,512,512,1836,296,351,198,238,55,40,55,f0c40b6148134348dbefcda7e5e82b865561f0e2d25fdf8525eab1e514f17c1e
1808,98871,3,train,1512427/brainTumorDataPublic_1533-2298/1808.mat,data/processed/samples/1808.npz,512,512,1490,297,338,196,241,41,45,45,c94cbca469f5594b45195df7519a078a0b2c2aea05ce59498b7ed66aa5915444
1809,98871,3,train,1512427/brainTumorDataPublic_1533-2298/1809.mat,data/processed/samples/1809.npz,512,512,1968,288,342,194,243,54,49,54,ff84296c200e5b78cd60ad34f99e3a18bbf0b49027706871aa6c0fe72adbc98f
1810,98871,3,train,1512427/brainTumorDataPublic_1533-2298/1810.mat,data/processed/samples/1810.npz,512,512,1697,292,339,192,241,47,49,49,cee96d1f36ab66c2adf9f43ba9871d3f75df2fb1ad813ed2231b5daf11441bf0
1811,98871,3,train,1512427/brainTumorDataPublic_1533-2298/1811.mat,data/processed/samples/1811.npz,512,512,1543,293,341,196,236,48,40,48,bf90968b99e29053616ee1592dbf6cfe899c4209d221f75d556af3e9d5ced6e6
1812,98871,3,train,1512427/brainTumorDataPublic_1533-2298/1812.mat,data/processed/samples/1812.npz,512,512,1194,297,348,201,233,51,32,51,a9368b8fa77aa7ef5cd29f9b4eedfdb9edcdb2e6a6332af5028eb88415051f26
1813,98874,3,train,1512427/brainTumorDataPublic_1533-2298/1813.mat,data/processed/samples/1813.npz,512,512,922,308,341,183,222,33,39,39,1bf9c4e2a318c5fe8cce40bb5c76faea359c93b6398c39f2ffa8e6d9d350af38
1814,98874,3,train,1512427/brainTumorDataPublic_1533-2298/1814.mat,data/processed/samples/1814.npz,512,512,928,308,339,177,215,31,38,38,cf4ee5b4432ec23b057fc29b10ddabfc65802535ddb81574b4214bdb3546971b
1815,98874,3,train,1512427/brainTumorDataPublic_1533-2298/1815.mat,data/processed/samples/1815.npz,512,512,1620,283,338,173,216,55,43,55,5890170057ad4978ec65553bdf6d0d0583e0c175ed4315574f70e4af7d9a9120
1816,98874,3,train,1512427/brainTumorDataPublic_1533-2298/1816.mat,data/processed/samples/1816.npz,512,512,1825,281,337,167,215,56,48,56,635f58fb1ba88d7432cc181f4bf5875e9ba089df868bcabfb07a991c0d872b07
1817,98874,3,train,1512427/brainTumorDataPublic_1533-2298/1817.mat,data/processed/samples/1817.npz,512,512,1610,279,336,166,214,57,48,57,3c4b8c2cc65c0ce5c00a896b07389fc3dd4e4ebfa902992b42eb5a2c80e31d19
1818,98874,3,train,1512427/brainTumorDataPublic_1533-2298/1818.mat,data/processed/samples/1818.npz,512,512,1691,280,333,169,216,53,47,53,439755a8ef62f3fedbccf5ef2224c2b40fdbab1486cd37e5199137e073ab9806
1819,98992,3,val,1512427/brainTumorDataPublic_1533-2298/1819.mat,data/processed/samples/1819.npz,512,512,2036,299,357,201,270,58,69,69,0836427305ae129aeb91b56eb0d4a9ece24db8d38899af23fa983e6a0f2e0e83
1820,98992,3,val,1512427/brainTumorDataPublic_1533-2298/1820.mat,data/processed/samples/1820.npz,512,512,1977,297,353,198,262,56,64,64,2cd1b4e99dd29f5a717dbdee390742fa91eafeb96068541dd66656ffae369f71
1821,98992,3,val,1512427/brainTumorDataPublic_1533-2298/1821.mat,data/processed/samples/1821.npz,512,512,1083,263,301,194,231,38,37,38,b8370f089eb0755888f575f1cc6fa0e2c96ef332bcd7ab2a157aa05834e86ed8
1822,98992,3,val,1512427/brainTumorDataPublic_1533-2298/1822.mat,data/processed/samples/1822.npz,512,512,2383,294,349,194,249,55,55,55,b4bb1955949c4c868a6a8e83edb2f419a0178cba082eda689da7ae526f527e7a
1823,98992,3,val,1512427/brainTumorDataPublic_1533-2298/1823.mat,data/processed/samples/1823.npz,512,512,3627,263,353,184,249,90,65,90,5ec34726caf68bf1724b22bd6ecd38c8699d56a102166bac0c16f6f85957b8b8
1824,98992,3,val,1512427/brainTumorDataPublic_1533-2298/1824.mat,data/processed/samples/1824.npz,512,512,4495,252,355,182,250,103,68,103,04bc129f62a651e9d27a7a436387ec8ee13d2a44947fb0e07d816f2312d936ec
1825,98992,3,val,1512427/brainTumorDataPublic_1533-2298/1825.mat,data/processed/samples/1825.npz,512,512,5851,247,359,179,249,112,70,112,ddec7c72e81be91118c0f3a3056b8b6c194d7ddf733dbca15719a0c5cd25fefa
1826,98992,3,val,1512427/brainTumorDataPublic_1533-2298/1826.mat,data/processed/samples/1826.npz,512,512,5971,246,361,175,251,115,76,115,113b8288d31676b9d6b5c40f6a7f6838d3618d84b6621af6b89314dfa5c718e1
1827,98992,3,val,1512427/brainTumorDataPublic_1533-2298/1827.mat,data/processed/samples/1827.npz,512,512,6397,247,361,171,251,114,80,114,1d4b029b44d92b0661d76442e325fdf4366e367a55660bdacf9462c600eb29bf
1828,98992,3,val,1512427/brainTumorDataPublic_1533-2298/1828.mat,data/processed/samples/1828.npz,512,512,4848,250,356,178,249,106,71,106,2f07e3841757399b4fbdad64d18ad3b6f78432f7abe4dfd7ba40ab5a5bd7b224
1829,98992,3,val,1512427/brainTumorDataPublic_1533-2298/1829.mat,data/processed/samples/1829.npz,512,512,3866,256,347,173,248,91,75,91,c8c5c5badda4ac5e3e6ffc866ebeffc00bc3ff8629d68846ccf625bb293517e7
1830,98995,3,train,1512427/brainTumorDataPublic_1533-2298/1830.mat,data/processed/samples/1830.npz,512,512,1894,247,310,194,234,63,40,63,9b4ae1d42676a68a96d4dbed60867fa9c87331e35814728e550973d7267ccdce
1831,98995,3,train,1512427/brainTumorDataPublic_1533-2298/1831.mat,data/processed/samples/1831.npz,512,512,3585,240,318,186,243,78,57,78,30fe6347b1bbb2714e04d7ec081bebab62c9419c7984a6241c571e5a7cf6d5d4
1832,98995,3,train,1512427/brainTumorDataPublic_1533-2298/1832.mat,data/processed/samples/1832.npz,512,512,3639,237,316,186,244,79,58,79,125b1858d110cec1475b139dc1a2f36a1101ed0d607c1fda7f1a6d42992e1264
1833,98995,3,train,1512427/brainTumorDataPublic_1533-2298/1833.mat,data/processed/samples/1833.npz,512,512,3662,238,317,185,244,79,59,79,1580fc44f0ed4405e9b93bdc61475f65e57478e0e0819fcfbd94807f8544af2b
1834,98995,3,train,1512427/brainTumorDataPublic_1533-2298/1834.mat,data/processed/samples/1834.npz,512,512,2772,242,311,187,237,69,50,69,93af92d86be29a1041d90fe48636fd52dae1f9c2c0e1204993b5de67b2fcf725
1835,99223,3,train,1512427/brainTumorDataPublic_1533-2298/1835.mat,data/processed/samples/1835.npz,512,512,2216,279,344,181,226,65,45,65,22ba6f027608e0bc25192e1f455060a8980c87209601580778bc63132be76f70
1836,99223,3,train,1512427/brainTumorDataPublic_1533-2298/1836.mat,data/processed/samples/1836.npz,512,512,2785,276,347,178,229,71,51,71,ca7fe1c6a0251dc4a74ccd61ebeacff789e67af93be61868598b3e40e0e44783
1837,99223,3,train,1512427/brainTumorDataPublic_1533-2298/1837.mat,data/processed/samples/1837.npz,512,512,3277,271,355,178,226,84,48,84,168b51f982993b27f6358e9a219905c6131839b89ecf3fa9130628a28b4f7cb1
1838,99223,3,train,1512427/brainTumorDataPublic_1533-2298/1838.mat,data/processed/samples/1838.npz,512,512,3048,273,353,182,228,80,46,80,7b0ede446dbefbc372bf1e46b2a1fe5af73e2f14c2bd7403a3968b09428182e0
1839,99223,3,train,1512427/brainTumorDataPublic_1533-2298/1839.mat,data/processed/samples/1839.npz,512,512,2289,277,346,180,227,69,47,69,aa53d201e406b9745da38ad37ebc97c77cdeeb7228d10534ef0f37d457dc9764
1840,99223,3,train,1512427/brainTumorDataPublic_1533-2298/1840.mat,data/processed/samples/1840.npz,512,512,920,292,325,188,224,33,36,36,f67102f2305a7aa9d1632b41f606898bd2c68f904d1e231edfeeb21f742cbdd6
1841,MR048294,2,val,1512427/brainTumorDataPublic_1533-2298/1841.mat,data/processed/samples/1841.npz,512,512,996,183,208,285,337,25,52,52,492b2c5dc7a009398e2fcf508553dee31b225068f3cc8c36cb7560bc05a99527
1842,MR048294,2,val,1512427/brainTumorDataPublic_1533-2298/1842.mat,data/processed/samples/1842.npz,512,512,3908,89,167,285,352,78,67,78,592edeaa7a8d9d78812d5c846a3ef95c76b8b350ed91c2532d8d3d00f0059ffc
1843,MR048294,2,val,1512427/brainTumorDataPublic_1533-2298/1843.mat,data/processed/samples/1843.npz,512,512,1677,212,269,129,171,57,42,57,d1a294f256355d159fa9242fd9f6b40ff6a2952840939cac85b0290b36dfc53d
1844,MR048294,2,val,1512427/brainTumorDataPublic_1533-2298/1844.mat,data/processed/samples/1844.npz,512,512,2732,205,268,122,182,63,60,63,f0652d137f9bfa602340551e67b167e303e5277a249fc3a0dcb33c7b1e44b1dc
1845,MR048294,2,val,1512427/brainTumorDataPublic_1533-2298/1845.mat,data/processed/samples/1845.npz,512,512,3198,206,272,120,186,66,66,66,61c26b2e4a2dffacae38bce8bfb4c620d56360745459dac255c807e37ef01118
1846,MR048294,2,val,1512427/brainTumorDataPublic_1533-2298/1846.mat,data/processed/samples/1846.npz,512,512,3251,204,267,126,188,63,62,63,a47b5029c87a744c909283682a79ebb8e618b364edbdd440104ffa019a36abaa
1847,MR048294,2,val,1512427/brainTumorDataPublic_1533-2298/1847.mat,data/processed/samples/1847.npz,512,512,3714,191,261,128,196,70,68,70,79db5f9eaf25427149b232306a15aa10439b84bf9934a475d46ac8f9d41c5187
1848,MR048294,2,val,1512427/brainTumorDataPublic_1533-2298/1848.mat,data/processed/samples/1848.npz,512,512,5183,204,287,115,201,83,86,86,d7df0d637c6120eacad424094a7d0e82c3f96a820c4bab06cdf3f61b7157600d
1849,MR048297,2,train,1512427/brainTumorDataPublic_1533-2298/1849.mat,data/processed/samples/1849.npz,512,512,2031,303,342,124,197,39,73,73,8adb72628814e2b5c2ca3128a78969eac3a38edecea4131e9f66393d55a0b388
1850,MR048297,2,train,1512427/brainTumorDataPublic_1533-2298/1850.mat,data/processed/samples/1850.npz,512,512,3191,298,356,122,199,58,77,77,7289c6cc0363125a0acb475c384d78bbea6e534b38eb3faa14ecd67d1a1f9fb0
1851,MR048297,2,train,1512427/brainTumorDataPublic_1533-2298/1851.mat,data/processed/samples/1851.npz,512,512,2588,297,345,124,204,48,80,80,0229ca6465a02afd8e6c32e8140d1cf65bf71fc0b5e26576090fd36f4a3325d7
1852,MR048297,2,train,1512427/brainTumorDataPublic_1533-2298/1852.mat,data/processed/samples/1852.npz,512,512,810,306,337,156,190,31,34,34,280def5e87249522f00a4d0ddf968372740580f9f5da3f7833a6b653de654af7
1853,MR048294B,2,train,1512427/brainTumorDataPublic_1533-2298/1853.mat,data/processed/samples/1853.npz,512,512,4631,188,282,128,201,94,73,94,6db64d4e07068f9a2f7c32e1d810d124db4578261e9811977346e8b5d104a5ff
1854,MR048621B,2,train,1512427/brainTumorDataPublic_1533-2298/1854.mat,data/processed/samples/1854.npz,512,512,6786,176,276,280,374,100,94,100,3267ef3cc611c0f81516f7e736cc7a03c13781caedf8aadf18ba9fd129f43e48
1855,MR048621B,2,train,1512427/brainTumorDataPublic_1533-2298/1855.mat,data/processed/samples/1855.npz,512,512,12206,168,320,267,383,152,116,152,0f33d2e0ba27aee44db43b21d97381a91ac4fb5f97f6271e4205baf4b14d4f30
1856,MR048621B,2,train,1512427/brainTumorDataPublic_1533-2298/1856.mat,data/processed/samples/1856.npz,512,512,8572,154,254,249,383,100,134,134,7f2e274ed6a6f6dfd917dc10168b87a2ee925c15df6347930cf7ea92b01ad3bb
1857,MR048621B,2,train,1512427/brainTumorDataPublic_1533-2298/1857.mat,data/processed/samples/1857.npz,512,512,10325,148,263,253,385,115,132,132,ff3e2cdac05ff5c53771de765a22d510bbc4f3a5da1e1d0854e4ccfb96b04efd
1858,MR048621B,2,train,1512427/brainTumorDataPublic_1533-2298/1858.mat,data/processed/samples/1858.npz,512,512,13874,142,294,258,387,152,129,152,da41001e79578553510f5c2e2182f6f2bb9e943aab3269a5f1e48f11bf50bd0c
1859,MR048621B,2,train,1512427/brainTumorDataPublic_1533-2298/1859.mat,data/processed/samples/1859.npz,512,512,12621,145,289,258,383,144,125,144,9775e5a4c5ecbc920db643c81a70ab0f2ee246397c26bff9cd4ffcb23da4f5cd
1860,MR048621B,2,train,1512427/brainTumorDataPublic_1533-2298/1860.mat,data/processed/samples/1860.npz,512,512,7945,152,287,261,349,135,88,135,a4c0b5ec2cbc31282f8384803fa64ab922794838dc923048d9263b62f5513af7
1861,MR048621B,2,train,1512427/brainTumorDataPublic_1533-2298/1861.mat,data/processed/samples/1861.npz,512,512,6504,170,289,266,346,119,80,119,496d5d2124322f8ca1447965a003408235fea15836a4320b45b9a8391d9809aa
1862,MR048944,2,train,1512427/brainTumorDataPublic_1533-2298/1862.mat,data/processed/samples/1862.npz,512,512,506,202,224,176,206,22,30,30,0f9d0b982ebb2310c5ed683a984aed4ece9b43911bd730beed58c710b53d56a4
1863,MR048944,2,train,1512427/brainTumorDataPublic_1533-2298/1863.mat,data/processed/samples/1863.npz,512,512,4765,179,264,173,263,85,90,90,1ab8b0082ac22d8e7ba9baa59d8423058cbfc3688d6caab91e2361d612bd7e8c
1864,MR048944,2,train,1512427/brainTumorDataPublic_1533-2298/1864.mat,data/processed/samples/1864.npz,512,512,10143,158,297,173,272,139,99,139,a4caa82214d2c247b019d5061f9004fdc5c6c547713cf20d0b85046bc6c122be
1865,MR048944,2,train,1512427/brainTumorDataPublic_1533-2298/1865.mat,data/processed/samples/1865.npz,512,512,12917,155,306,165,286,151,121,151,99ae9ada1b7f6cdb371aa0d865fa8db93db1f56997545b6c3edbb88628c25ed2
1866,MR048944,2,train,1512427/brainTumorDataPublic_1533-2298/1866.mat,data/processed/samples/1866.npz,512,512,13685,158,324,157,284,166,127,166,0f7a921bd33cd67e6db34c128595ad2f86b9138792866e25b92a6ac1cdeddca7
1867,MR048944,2,train,1512427/brainTumorDataPublic_1533-2298/1867.mat,data/processed/samples/1867.npz,512,512,3847,237,312,177,242,75,65,75,52f33443f3779a4ede3f85cdd3f4c5e3d6673368c1034391d8ca434dbce9a2a1
1868,MR048944,2,train,1512427/brainTumorDataPublic_1533-2298/1868.mat,data/processed/samples/1868.npz,512,512,3273,242,310,181,239,68,58,68,42c45e97d0c841d4e2ffa1434b898d17f78c953b8df0030f70113b73fcd5df2a
1869,MR048944,2,train,1512427/brainTumorDataPublic_1533-2298/1869.mat,data/processed/samples/1869.npz,512,512,1987,241,298,195,240,57,45,57,7f0cf15c10e170675331aed6279b644af6cceb83ac8f22c55743060d71410f12
1870,MR048994,2,train,1512427/brainTumorDataPublic_1533-2298/1870.mat,data/processed/samples/1870.npz,512,512,4733,156,240,239,321,84,82,84,65fdc75bdd4768043fc692357780640788716b7c2b910787464e2c828a3ea113
1871,MR048994,2,train,1512427/brainTumorDataPublic_1533-2298/1871.mat,data/processed/samples/1871.npz,512,512,7419,144,245,239,342,101,103,103,12e4c520c5855e10f9cabfbd12e63742cc94b30dc9acb431a1ea7ff8604a3faf
1872,MR048994,2,train,1512427/brainTumorDataPublic_1533-2298/1872.mat,data/processed/samples/1872.npz,512,512,8950,135,251,244,346,116,102,116,20833a672d1f2cbda08e6b14321874d94d75ffe703712a7ab1846c356c0c89a3
1873,MR048994,2,train,1512427/brainTumorDataPublic_1533-2298/1873.mat,data/processed/samples/1873.npz,512,512,10390,123,254,248,353,131,105,131,3fa376541cb3f722bf66fe51a42ed8ca9a339d3db9d57a7f10d749f933743211
1874,MR048994,2,train,1512427/brainTumorDataPublic_1533-2298/1874.mat,data/processed/samples/1874.npz,512,512,10987,120,256,253,359,136,106,136,f91e30dbd9465b427da9729987ddfb4639a964b66c2af8a2f310b56d27f7a1b2
1875,MR048994,2,train,1512427/brainTumorDataPublic_1533-2298/1875.mat,data/processed/samples/1875.npz,512,512,11035,127,257,250,358,130,108,130,9365497446fde162debcabad80848d49c387e537d40c3fcf87cef5849a86843b
1876,MR048994,2,train,1512427/brainTumorDataPublic_1533-2298/1876.mat,data/processed/samples/1876.npz,512,512,9662,132,253,257,355,121,98,121,982863b5bc1abfe6c8ef6db83c1a2bb4e3669297f8fa2d32b74a042fd961b377
1877,MR048994,2,train,1512427/brainTumorDataPublic_1533-2298/1877.mat,data/processed/samples/1877.npz,512,512,8635,127,249,261,359,122,98,122,2c8213709b0af8fbd572fe45197640513aabeb1330612265b09bb89226ccdba2
1878,MR048994,2,train,1512427/brainTumorDataPublic_1533-2298/1878.mat,data/processed/samples/1878.npz,512,512,4425,169,240,257,336,71,79,79,f988b2ef642ba63cd8b5317e584646019defd1e99cfc530640f5b2c27d5bf12a
1879,MR049104,2,val,1512427/brainTumorDataPublic_1533-2298/1879.mat,data/processed/samples/1879.npz,512,512,2843,232,290,237,295,58,58,58,ab16e72646b04405608a87aecbf8f482839a25540be62caaeed2d38309c380cb
1880,MR049104,2,val,1512427/brainTumorDataPublic_1533-2298/1880.mat,data/processed/samples/1880.npz,512,512,1073,241,280,258,293,39,35,39,52113fb721177c37c3d0a295f59d6ca8f1e44a3a7977f34714aa8e84907ad951
1881,MR049142,2,val,1512427/brainTumorDataPublic_1533-2298/1881.mat,data/processed/samples/1881.npz,512,512,1397,146,205,280,312,59,32,59,ce7a149e7fba441b10d68cd2fe62cfc50447141da3f59cf86f0206d628e83b94
1882,MR049142,2,val,1512427/brainTumorDataPublic_1533-2298/1882.mat,data/processed/samples/1882.npz,512,512,2366,143,210,271,318,67,47,67,dd90d48ab430329b001e963d574bb8a42ef79719ecc4323723f1fe2fd5141d9f
1883,MR049142,2,val,1512427/brainTumorDataPublic_1533-2298/1883.mat,data/processed/samples/1883.npz,512,512,3192,139,210,271,329,71,58,71,8d13bbb5f3e009718c3b33aaedcc95d3acc8ac178268876efa89837b4ff43f83
1884,MR049142,2,val,1512427/brainTumorDataPublic_1533-2298/1884.mat,data/processed/samples/1884.npz,512,512,3175,141,208,269,328,67,59,67,7746d2b5bb684b61770ca9fd69a7d6117e05702583268a53f13ef96002efd548
1885,MR048994B,2,train,1512427/brainTumorDataPublic_1533-2298/1885.mat,data/processed/samples/1885.npz,512,512,904,209,245,264,299,36,35,36,c3b7ccf2d2fc71c6e4efdbe91f9270b7db667644df40da90b778b443b1c3548b
1886,MR048994B,2,train,1512427/brainTumorDataPublic_1533-2298/1886.mat,data/processed/samples/1886.npz,512,512,765,207,239,272,302,32,30,32,52c11fb6e66f3333f24b02a4cb5c40fe23c8a6d89bc33aed8a859438436b0451
1887,MR048994B,2,train,1512427/brainTumorDataPublic_1533-2298/1887.mat,data/processed/samples/1887.npz,512,512,1513,190,249,269,319,59,50,59,5eeb54dd772d0cb7cbeabdd9365f0c369ad69930e01350d51b399d501f068459
1888,MR048994B,2,train,1512427/brainTumorDataPublic_1533-2298/1888.mat,data/processed/samples/1888.npz,512,512,1362,187,249,273,321,62,48,62,d825d705bfdd977ac006e480a5d267952481dd49df67a0c7e0afcfafc5b6b58f
1889,MR048994B,2,train,1512427/brainTumorDataPublic_1533-2298/1889.mat,data/processed/samples/1889.npz,512,512,10741,116,250,252,379,134,127,134,94480d00c86c8bbc3585d9f0b79769107fc5ffc8d38eea022ab1ce8d16b9c0cb
1890,MR048994B,2,train,1512427/brainTumorDataPublic_1533-2298/1890.mat,data/processed/samples/1890.npz,512,512,9115,135,246,236,384,111,148,148,c1b7b0b59b86f060c86e92c171fd0456c91099ac2319312769b1d78f49cb2b91
1891,MR048994B,2,train,1512427/brainTumorDataPublic_1533-2298/1891.mat,data/processed/samples/1891.npz,512,512,9553,148,241,183,369,93,186,186,138db86cc2de4559d8a9bba9cd2d2758422b73c75b9b7e1fbdf7a47d081f306b
1892,MR048994B,2,train,1512427/brainTumorDataPublic_1533-2298/1892.mat,data/processed/samples/1892.npz,512,512,6563,169,245,208,355,76,147,147,08b077bfd72674c8dafa5f8224864b458e80c3713e75c208a79cc78f616dedf2
1893,MR048944B,2,train,1512427/brainTumorDataPublic_1533-2298/1893.mat,data/processed/samples/1893.npz,512,512,2756,227,338,209,261,111,52,111,497ca5b2f2af1bb80e79efeea0df238e174bde8dc8f78e7dc5427d4ced1a3140
1894,MR048944B,2,train,1512427/brainTumorDataPublic_1533-2298/1894.mat,data/processed/samples/1894.npz,512,512,2931,242,337,214,268,95,54,95,3f20909d92aa486a8e6a2c77126f39899af574e468fc67cd82e54d5db10c0429
1895,MR048944B,2,train,1512427/brainTumorDataPublic_1533-2298/1895.mat,data/processed/samples/1895.npz,512,512,4992,227,324,211,283,97,72,97,d64bf1db73c3c3835f9fb3ef8fb67aaf190fc979377b69a540c87598505f3d04
1896,MR048944B,2,train,1512427/brainTumorDataPublic_1533-2298/1896.mat,data/processed/samples/1896.npz,512,512,4415,238,331,210,280,93,70,93,2b9a1728d0cf3af3987d3e4ba9cd78fb3d045c61bb4587ec2bb0997880eca13c
1897,MR048944B,2,train,1512427/brainTumorDataPublic_1533-2298/1897.mat,data/processed/samples/1897.npz,512,512,2552,272,332,213,273,60,60,60,29b14477a41c811e09ece54256b82bda7e3ccd20d1f27d4490cae71a149caba3
1898,MR048944B,2,train,1512427/brainTumorDataPublic_1533-2298/1898.mat,data/processed/samples/1898.npz,512,512,1766,270,324,231,273,54,42,54,cb7f60efcdd053018ac891f7718712fbf4d9d0fadb6cf5a61dac3bc92dc2939a
1899,MR049358,2,test,1512427/brainTumorDataPublic_1533-2298/1899.mat,data/processed/samples/1899.npz,512,512,731,191,230,147,173,39,26,39,b43a4aa617f06884f92254111deb7fe225a9ad4ecbf8dd20efc7d8855cca76aa
1900,MR049358,2,test,1512427/brainTumorDataPublic_1533-2298/1900.mat,data/processed/samples/1900.npz,512,512,4144,160,250,143,217,90,74,90,6746abc44baaabbefb212e933b525c2ba96cd08c34afbad69fc65c5c2dcac3b6
1901,MR049358,2,test,1512427/brainTumorDataPublic_1533-2298/1901.mat,data/processed/samples/1901.npz,512,512,5676,163,269,144,214,106,70,106,f1dcb0dde726c9e3ee6047f5ba817af26876070fb7f26fa7b1fc62f27fa37c7e
1902,MR049358,2,test,1512427/brainTumorDataPublic_1533-2298/1902.mat,data/processed/samples/1902.npz,512,512,8790,149,285,139,228,136,89,136,ebda58886d75116ff99f7fc5c403b7e42fc43a4794484d7737a29f610941bb56
1903,MR049358,2,test,1512427/brainTumorDataPublic_1533-2298/1903.mat,data/processed/samples/1903.npz,512,512,8616,149,292,139,230,143,91,143,0e4e740023ff208bf80df6188df33cede1e363d5ca097c4e078c66daf0938774
1904,MR049358,2,test,1512427/brainTumorDataPublic_1533-2298/1904.mat,data/processed/samples/1904.npz,512,512,8925,170,298,139,234,128,95,128,3005cbad3142d0307230d46e9175db55aaea4279af05edeeee8941595ff6723b
1905,MR049358,2,test,1512427/brainTumorDataPublic_1533-2298/1905.mat,data/processed/samples/1905.npz,512,512,8736,170,300,141,233,130,92,130,d81553a73671cbc14b834f9d5e5c480d488642b07357d5c6e75338b60d7bd95a
1906,MR049358,2,test,1512427/brainTumorDataPublic_1533-2298/1906.mat,data/processed/samples/1906.npz,512,512,7592,176,298,148,229,122,81,122,07013d405969984d95a1a6660bdae83ce0bb2c2ca17cf6601d84e7ec7a93753a
1907,MR049358,2,test,1512427/brainTumorDataPublic_1533-2298/1907.mat,data/processed/samples/1907.npz,512,512,5299,185,285,152,221,100,69,100,8b4bc773df4ced74ea19b7d5141d6e17b95ee2086d2a498a21a949421d926ddf
1908,MR049358,2,test,1512427/brainTumorDataPublic_1533-2298/1908.mat,data/processed/samples/1908.npz,512,512,3275,200,269,161,222,69,61,69,8229d30109254a30b2453a87316ff5f2b9a2698a7aafc0d7a2559f64fa143378
1909,MR049104B,2,val,1512427/brainTumorDataPublic_1533-2298/1909.mat,data/processed/samples/1909.npz,512,512,1609,250,299,237,278,49,41,49,45c34010f77c3fabd34486804611f402bf529e801835124dd71ce4ed83168fbd
1910,MR049104B,2,val,1512427/brainTumorDataPublic_1533-2298/1910.mat,data/processed/samples/1910.npz,512,512,1901,249,298,236,286,49,50,50,3b33727e669efd662c0b17b3c11e54e7ab3cb005d8943a81cff92c33238eff17
1911,MR049104B,2,val,1512427/brainTumorDataPublic_1533-2298/1911.mat,data/processed/samples/1911.npz,512,512,942,248,284,247,279,36,32,36,27084e290335c16203b1cef474849187c162cf33a845be2542dbb04080115b12
1912,MR049104B,2,val,1512427/brainTumorDataPublic_1533-2298/1912.mat,data/processed/samples/1912.npz,512,512,7759,217,322,296,395,105,99,105,1f4a0e1cfe82cd788e6bc8fbdc40b19e4001fb84f9ee8b3579de5d8f4de4602b
1913,MR049104B,2,val,1512427/brainTumorDataPublic_1533-2298/1913.mat,data/processed/samples/1913.npz,512,512,4322,226,311,300,386,85,86,86,4d80c9af32b383c6073cc9f8a9e55f9a961a31cfab7d956f266e339d4a95f508
1914,MR049453,2,train,1512427/brainTumorDataPublic_1533-2298/1914.mat,data/processed/samples/1914.npz,512,512,3194,182,252,326,385,70,59,70,7dc1f7be824764dd58871df9416d4c99849671b0c0f040b2eb43b94cf48f3bc0
1915,MR049453,2,train,1512427/brainTumorDataPublic_1533-2298/1915.mat,data/processed/samples/1915.npz,512,512,4692,176,244,300,385,68,85,85,6380d3e277aaff725464d305efaf148b86b16adb75e809b81cf10b1f72602f2e
1916,MR049453,2,train,1512427/brainTumorDataPublic_1533-2298/1916.mat,data/processed/samples/1916.npz,512,512,12075,137,264,258,381,127,123,127,3398f48444ac0b7df324751c86235fd8977770f0c6a6b49870fa7c8bb9f7f3ab
1917,MR049453,2,train,1512427/brainTumorDataPublic_1533-2298/1917.mat,data/processed/samples/1917.npz,512,512,6827,145,252,264,362,107,98,107,1313cafa0bf2a26317b510b1025af4069845e4ccae841790400729986b2a077e
1918,MR049453,2,train,1512427/brainTumorDataPublic_1533-2298/1918.mat,data/processed/samples/1918.npz,512,512,12754,151,282,267,396,131,129,131,8dba320030da5d06863fa0fb9e0b7f241bbd8d503e0391bdb093ed3a4759a0b3
1919,MR049453,2,train,1512427/brainTumorDataPublic_1533-2298/1919.mat,data/processed/samples/1919.npz,512,512,11540,153,283,265,399,130,134,134,cea3efca32dfebf3351f5bb4cd4e9d12c9d616e9d9379120ae28b55700091fe6
1920,MR049453,2,train,1512427/brainTumorDataPublic_1533-2298/1920.mat,data/processed/samples/1920.npz,512,512,8827,189,283,274,400,94,126,126,26958213a809518bd8f7e23e20f6375f0a7dd19e19c0012a3e0d03dde9e3fdb3
1921,MR024780G,2,train,1512427/brainTumorDataPublic_1533-2298/1921.mat,data/processed/samples/1921.npz,512,512,3095,140,203,271,338,63,67,67,176f5637aa6655860fad6a8fd776387a5b1c54d8911ad8cfa484e27ef9619377
1922,MR024780G,2,train,1512427/brainTumorDataPublic_1533-2298/1922.mat,data/processed/samples/1922.npz,512,512,4393,132,213,282,359,81,77,81,2e067dcdc23e3962cdc9c18a8b737a8ec0bcba20ffe6fd513ad7b145d54671a9
1923,MR024780G,2,train,1512427/brainTumorDataPublic_1533-2298/1923.mat,data/processed/samples/1923.npz,512,512,8352,218,371,326,419,153,93,153,5f7d3a011ad6a57f1960fe4a18a7c9f230f139a1c6480c77748ef0f47f31fa48
1924,MR024780G,2,train,1512427/brainTumorDataPublic_1533-2298/1924.mat,data/processed/samples/1924.npz,512,512,6278,218,326,336,416,108,80,108,0e7436aed098819c044e9152fb112446e5b470b8e1e5aba0b803454add3447a7
1925,MR024780G,2,train,1512427/brainTumorDataPublic_1533-2298/1925.mat,data/processed/samples/1925.npz,512,512,4542,225,316,341,416,91,75,91,d79eea2c569a544f8e810adc67af08142c3443ec8b873e126228e96c1118ba23
1926,MR024780G,2,train,1512427/brainTumorDataPublic_1533-2298/1926.mat,data/processed/samples/1926.npz,512,512,3560,239,344,356,408,105,52,105,c0c58ab720057d1c25c740d662516f5725402bf463a1b6bbf7061afac63beea5
1927,MR024780G,2,train,1512427/brainTumorDataPublic_1533-2298/1927.mat,data/processed/samples/1927.npz,512,512,2442,253,336,361,406,83,45,83,5fa56549c434bcb4cb2396665d8cdc830f028528c56559106e2350c70fbfe7dd
1928,MR024780G,2,train,1512427/brainTumorDataPublic_1533-2298/1928.mat,data/processed/samples/1928.npz,512,512,1931,260,334,358,396,74,38,74,28bbaa3b403708202e7dc76de213d5ed712ba6a1dd4b2b908237caa47fb0f1b0
1929,MR024780G,2,train,1512427/brainTumorDataPublic_1533-2298/1929.mat,data/processed/samples/1929.npz,512,512,3883,172,232,283,365,60,82,82,01b7b6671596ac4aa754eaf016605e9482c8822c4ee9a88c1bc2d95149fc99cb
1930,MR024780G,2,train,1512427/brainTumorDataPublic_1533-2298/1930.mat,data/processed/samples/1930.npz,512,512,13232,98,266,266,400,168,134,168,a4f2e2dd12a4d1cba3db77c5c38d0f695b79bb5e2759db09564a471901930e0f
1931,MR024780G,2,train,1512427/brainTumorDataPublic_1533-2298/1931.mat,data/processed/samples/1931.npz,512,512,2831,154,220,324,390,66,66,66,8fdcdef3b7c1a2e945497f8402ab495e39ab42d3d4d1461590a00ec14decfdf8
1932,MR024780G,2,train,1512427/brainTumorDataPublic_1533-2298/1932.mat,data/processed/samples/1932.npz,512,512,3152,159,219,319,396,60,77,77,a0021d69f4afbca03c9c7151ebf26ab9e6cf90f605fa277f6a1dea544eb0f182
1933,MR024780G,2,train,1512427/brainTumorDataPublic_1533-2298/1933.mat,data/processed/samples/1933.npz,512,512,5731,125,232,317,399,107,82,107,ee3358bc159f8d7692644689e4551ad6589ee960cb160682d73f07cf1e75d37c
1934,MR024780G,2,train,1512427/brainTumorDataPublic_1533-2298/1934.mat,data/processed/samples/1934.npz,512,512,3790,142,221,329,399,79,70,79,2e19a9e349c51ea1233912be086fcc532b33f0d67137067547d10d05a0255e87
1935,MR024780G,2,train,1512427/brainTumorDataPublic_1533-2298/1935.mat,data/processed/samples/1935.npz,512,512,9381,233,373,332,425,140,93,140,e788c6b193bee21fbaef657e834f92505520a02dd60d6842303145c03d1d1408
1936,MR024780G,2,train,1512427/brainTumorDataPublic_1533-2298/1936.mat,data/processed/samples/1936.npz,512,512,10947,239,388,314,421,149,107,149,84cc7b4260a81b2494c20a6f01474ba6978d2708791a8f6868b0176aa189d832
1937,MR049453B,2,val,1512427/brainTumorDataPublic_1533-2298/1937.mat,data/processed/samples/1937.npz,512,512,15835,65,236,282,405,171,123,171,1e2b97cc6bc4a77560c05dbb7e3f4ccdb0e96a68261525d111da7aa89179ac0f
1938,MR049453B,2,val,1512427/brainTumorDataPublic_1533-2298/1938.mat,data/processed/samples/1938.npz,512,512,18742,91,274,271,405,183,134,183,4345ab519f48f7e9dcd8523476a82367ccc01a022c142739bddcf3111e3f2fec
1939,MR049453B,2,val,1512427/brainTumorDataPublic_1533-2298/1939.mat,data/processed/samples/1939.npz,512,512,9867,121,253,270,387,132,117,132,642d03975cf3f83f42248c5b09b766160ffcf5bc75b615dc8ace9feb0c36ff54
1940,MR049453B,2,val,1512427/brainTumorDataPublic_1533-2298/1940.mat,data/processed/samples/1940.npz,512,512,10992,140,268,260,384,128,124,128,8992f441be9996b146ab76dda647750ed13dc24e468932f1993d9157209ca6a5
1941,MR049453B,2,val,1512427/brainTumorDataPublic_1533-2298/1941.mat,data/processed/samples/1941.npz,512,512,9349,155,266,266,380,111,114,114,7939f0f3be736d48ee6fe3af1c6837779c14ab01374f62e1aeecae30ec6e9781
1942,MR049453B,2,val,1512427/brainTumorDataPublic_1533-2298/1942.mat,data/processed/samples/1942.npz,512,512,8332,139,267,280,379,128,99,128,7ff9be8112b17d1539075ece8a0471b94fca2deef5cc984cdd1ae9f01e9e1fa8
1943,MR049453B,2,val,1512427/brainTumorDataPublic_1533-2298/1943.mat,data/processed/samples/1943.npz,512,512,9391,127,243,271,378,116,107,116,c8a3c05147ca59c545e18ffadcf2c70745d34caf9a36cec5cc5da8f31fd719ed
1944,MR049453B,2,val,1512427/brainTumorDataPublic_1533-2298/1944.mat,data/processed/samples/1944.npz,512,512,5824,120,235,291,385,115,94,115,662db91b7c286d2658d9e0d1c006213da8689010a18196ceba36ae5b7de83a02
1945,MR048294B,2,train,1512427/brainTumorDataPublic_1533-2298/1945.mat,data/processed/samples/1945.npz,512,512,7272,183,303,122,213,120,91,120,6077aad04ba5c4e96a502bc19ee84daddf1eaa3b2c3d07275fa67fa84d9ba658
1946,MR048294B,2,train,1512427/brainTumorDataPublic_1533-2298/1946.mat,data/processed/samples/1946.npz,512,512,6376,168,276,121,205,108,84,108,5f5ac2352e23cf8bff06585c27913aa8825bcef4acd2d974c9cdac5527d3ece6
1947,MR048294B,2,train,1512427/brainTumorDataPublic_1533-2298/1947.mat,data/processed/samples/1947.npz,512,512,4935,204,283,123,208,79,85,85,01356a17cb6bae1d631a221d90b8c23cf61d635f6ead42c391ccc92dd8b34c23
1948,MR048621B,2,train,1512427/brainTumorDataPublic_1533-2298/1948.mat,data/processed/samples/1948.npz,512,512,4719,168,249,288,366,81,78,81,ef4d5fdeab57f49068e0795e58ed57fc8a55c4ba4fc0ff0dd8d8118e26213058
1949,MR048621B,2,train,1512427/brainTumorDataPublic_1533-2298/1949.mat,data/processed/samples/1949.npz,512,512,5589,158,259,288,374,101,86,101,dba3a3bf64d7ff2ca9c5fdffae104df2fdabf32b56b624603b0de8ae93c4adda
1950,MR050135B,2,train,1512427/brainTumorDataPublic_1533-2298/1950.mat,data/processed/samples/1950.npz,512,512,1084,256,290,209,250,34,41,41,7a72350891e0002e77f02239561375db0da351ccbbb0bcc4be7d273ea812dacf
1951,MR050135B,2,train,1512427/brainTumorDataPublic_1533-2298/1951.mat,data/processed/samples/1951.npz,512,512,2723,240,300,202,261,60,59,60,1acf10c880b22a49638900a395cd275345959469025fa67e6552c890747d3afc
1952,MR050135B,2,train,1512427/brainTumorDataPublic_1533-2298/1952.mat,data/processed/samples/1952.npz,512,512,4995,152,231,125,202,79,77,79,94a60920bd0cf43118d2b7dfa8890cefa0a5b915f33157a955d3fc5520fe2ce9
1953,MR050135B,2,train,1512427/brainTumorDataPublic_1533-2298/1953.mat,data/processed/samples/1953.npz,512,512,4139,156,223,127,208,67,81,81,89294dc13fc4942c1313a1e76a3d2cab7447211e74d3255315713e177df7ef9e
1954,MR050135B,2,train,1512427/brainTumorDataPublic_1533-2298/1954.mat,data/processed/samples/1954.npz,512,512,1783,174,211,142,200,37,58,58,845ded3ec37fdf721330d3beeca98cf23fbc5564e7ff828a8bafb276c49abf5c
1955,MR050135B,2,train,1512427/brainTumorDataPublic_1533-2298/1955.mat,data/processed/samples/1955.npz,512,512,3061,167,238,159,215,71,56,71,25c92dfa39a32ddf81db57c3685c13a0004a15f2d340605a1a861413aea4055b
1956,MR050135B,2,train,1512427/brainTumorDataPublic_1533-2298/1956.mat,data/processed/samples/1956.npz,512,512,3371,234,303,202,263,69,61,69,714ab365f5c8f8585eb1e6b3f8b11d0949293e881d822021a331589b0fdbe1fc
1957,MR050135B,2,train,1512427/brainTumorDataPublic_1533-2298/1957.mat,data/processed/samples/1957.npz,512,512,4038,212,294,193,264,82,71,82,e4a49377e21fd685cc2c8777f922ea52e3017df5788d1633a333c89531a90a0f
1958,MR050135B,2,train,1512427/brainTumorDataPublic_1533-2298/1958.mat,data/processed/samples/1958.npz,512,512,4168,212,292,188,256,80,68,80,214f3980ee518d06136f2d3db7cc4bfd25e2fe2dd1c7c43e71b05acf506d6a83
1959,MR050135B,2,train,1512427/brainTumorDataPublic_1533-2298/1959.mat,data/processed/samples/1959.npz,512,512,786,213,241,197,233,28,36,36,56786ee2495d6cb786ad7912fa91063242119d2dc8890b3fe136a0f10b1ff53a
1960,MR050135B,2,train,1512427/brainTumorDataPublic_1533-2298/1960.mat,data/processed/samples/1960.npz,512,512,4863,102,185,137,209,83,72,83,8518f233a39bf1261da47c3ef11cfdb1985db46539a49efb5f1b4ff5801cf991
1961,MR050135B,2,train,1512427/brainTumorDataPublic_1533-2298/1961.mat,data/processed/samples/1961.npz,512,512,8067,112,216,116,215,104,99,104,24d0e01d6e4f43c8128b173e384e51dfa274eb53b1d2a4f11985958432385187
1962,MR050135B,2,train,1512427/brainTumorDataPublic_1533-2298/1962.mat,data/processed/samples/1962.npz,512,512,8206,115,229,119,215,114,96,114,c51a7aff09b215fc834fdc8b43f3ca42369ddc6e9e3e4171b3810972f6813bcc
1963,MR050135B,2,train,1512427/brainTumorDataPublic_1533-2298/1963.mat,data/processed/samples/1963.npz,512,512,7023,140,235,117,232,95,115,115,1b66f6888a78f588fe754055c8e3c3487e45d3c553a4defbfb08daf78e20322c
1964,MR050687,2,train,1512427/brainTumorDataPublic_1533-2298/1964.mat,data/processed/samples/1964.npz,512,512,4086,182,253,165,238,71,73,73,3a81e965db0ac95b0d69e9208b98102e889b1e1ad8c707cf944d8973ad6b6b71
1965,MR050687,2,train,1512427/brainTumorDataPublic_1533-2298/1965.mat,data/processed/samples/1965.npz,512,512,5609,190,275,165,260,85,95,95,0b44fc585feeb384fd220e104f09989b67c91bc625a7a383017c3d0b560e76b5
1966,MR050687,2,train,1512427/brainTumorDataPublic_1533-2298/1966.mat,data/processed/samples/1966.npz,512,512,5973,188,273,164,252,85,88,88,9b7f6d275f9aef2cee8aa4233a9ffdd7b7c4aa876ff29832bf7b39ae6a57db2b
1967,MR050687,2,train,1512427/brainTumorDataPublic_1533-2298/1967.mat,data/processed/samples/1967.npz,512,512,6523,186,275,165,255,89,90,90,b44b4c2d48725a9e15f7d7aff727201f758e519b68d8bfe200a4a6d88aeaa8dc
1968,MR050687,2,train,1512427/brainTumorDataPublic_1533-2298/1968.mat,data/processed/samples/1968.npz,512,512,5800,196,288,168,254,92,86,92,dbbb892672427ba551eb5c314aaa13c8c0579068fc7e66003e0bf0c543ba62f5
1969,MR050687,2,train,1512427/brainTumorDataPublic_1533-2298/1969.mat,data/processed/samples/1969.npz,512,512,3352,203,264,180,245,61,65,65,3c0d165bc4c1e129e96dbc0504d86ebd6ce76081ccab81f1a1d8fe6f5895533f
1970,MR050687,2,train,1512427/brainTumorDataPublic_1533-2298/1970.mat,data/processed/samples/1970.npz,512,512,8008,160,300,132,231,140,99,140,7d27ac8cd00e69baa357a78631276d29b802aff4b3fe2cb03406cc5b2633bc87
1971,MR050687,2,train,1512427/brainTumorDataPublic_1533-2298/1971.mat,data/processed/samples/1971.npz,512,512,7034,182,297,132,265,115,133,133,d3bc46ee9d2fc650c02526bf8df7f1d184c47b523307427bf266af22db53ea56
1972,MR050687,2,train,1512427/brainTumorDataPublic_1533-2298/1972.mat,data/processed/samples/1972.npz,512,512,3568,206,293,131,225,87,94,94,14053b744a90e66f9de3717e121947ef113ca7ff1ce45bf47a7cec944fe30e62
1973,MR050687,2,train,1512427/brainTumorDataPublic_1533-2298/1973.mat,data/processed/samples/1973.npz,512,512,2164,238,284,139,228,46,89,89,b82028671729716f1a879ca7f892a5b5debebfe7639b898e2f00eba1e0dfa457
1974,MR050791B,2,train,1512427/brainTumorDataPublic_1533-2298/1974.mat,data/processed/samples/1974.npz,512,512,909,295,338,267,301,43,34,43,1a7c2fd86d76f9a5345277a382229974c6a54a434988b4e41c682fbe30d90aca
1975,MR050791B,2,train,1512427/brainTumorDataPublic_1533-2298/1975.mat,data/processed/samples/1975.npz,512,512,1730,286,342,264,309,56,45,56,d7928514260b11f042adda6f4c36ad58bf0166c9d38fc19ea0bd2bd124f1d1a6
1976,MR050791B,2,train,1512427/brainTumorDataPublic_1533-2298/1976.mat,data/processed/samples/1976.npz,512,512,2902,314,374,263,352,60,89,89,77a538ee623d9f86bef39993d9660d9667f0004b3233a98c182654c5803f8c4f
1977,MR050791B,2,train,1512427/brainTumorDataPublic_1533-2298/1977.mat,data/processed/samples/1977.npz,512,512,3345,322,387,259,349,65,90,90,d4fd81223ce36ea332c00969d9143c556efc9a95f92bf17def6738c469f18696
1978,MR050791B,2,train,1512427/brainTumorDataPublic_1533-2298/1978.mat,data/processed/samples/1978.npz,512,512,6302,283,385,225,340,102,115,115,a792747e7516b0d75f182028fc433b5ece524f4eea1ec8e05d85b7fcf99db2ea
1979,MR050791B,2,train,1512427/brainTumorDataPublic_1533-2298/1979.mat,data/processed/samples/1979.npz,512,512,5311,283,374,241,322,91,81,91,bc399a9cc9de519dc93628ef55e81301384bed96d4c3d890bcebb053d91d0fe2
1980,MR050791B,2,train,1512427/brainTumorDataPublic_1533-2298/1980.mat,data/processed/samples/1980.npz,512,512,4537,285,380,252,319,95,67,95,9176cf1d3f707b0620033819c4ad4e3853716ef15a11d493ee58fedc368ff14e
1981,MR050791B,2,train,1512427/brainTumorDataPublic_1533-2298/1981.mat,data/processed/samples/1981.npz,512,512,3149,304,375,252,312,71,60,71,42b7fcf546c708c27bff63bc73f5c6a75fb5e8581710712d3f2872db2891d789
1982,MR050791B,2,train,1512427/brainTumorDataPublic_1533-2298/1982.mat,data/processed/samples/1982.npz,512,512,6522,273,362,216,324,89,108,108,ba0155e889ffbef9c3fce54a1dac4de8a455074bef5f922336705469c5b35a5f
1983,MR050791B,2,train,1512427/brainTumorDataPublic_1533-2298/1983.mat,data/processed/samples/1983.npz,512,512,3244,295,350,231,306,55,75,75,d04a409d9d8e626b8d2ca96a844772c6257e4290bb421eeb17df5b3ae75d2f8c
1984,MR049019C,2,train,1512427/brainTumorDataPublic_1533-2298/1984.mat,data/processed/samples/1984.npz,512,512,1001,180,215,200,235,35,35,35,3ac755bc907e392fe4d18752642af9ca684d35ca27b3e31079ab2cee29ba9ef0
1985,MR049019C,2,train,1512427/brainTumorDataPublic_1533-2298/1985.mat,data/processed/samples/1985.npz,512,512,1850,172,240,187,234,68,47,68,d6fab73fb43a4912c5c6af266ce5a37904c415c693c1eeaf794b075342477f34
1986,MR049019C,2,train,1512427/brainTumorDataPublic_1533-2298/1986.mat,data/processed/samples/1986.npz,512,512,3061,154,234,186,255,80,69,80,a99ed5d2ad8e74882478d4c6353df69ba07c2ca5db2a60655fb4f4bde7b0284b
1987,MR026175C,2,train,1512427/brainTumorDataPublic_1533-2298/1987.mat,data/processed/samples/1987.npz,512,512,1991,179,234,285,331,55,46,55,14ba5dc98da7a5dc80aceca05f5b0d3faddefbacc58487b262e8a6b5a54c2976
1988,MR026175C,2,train,1512427/brainTumorDataPublic_1533-2298/1988.mat,data/processed/samples/1988.npz,512,512,1729,122,174,254,297,52,43,52,3565eb930d8fe678f175ae8ea12a40be79e39471e0a9be392b7cc3057c5df8f8
1989,MR026175C,2,train,1512427/brainTumorDataPublic_1533-2298/1989.mat,data/processed/samples/1989.npz,512,512,3036,106,170,265,346,64,81,81,b1e95c3073742bd5e148d44ec673e952bef14d76af19002645d50056855eeea5
1990,MR026175C,2,train,1512427/brainTumorDataPublic_1533-2298/1990.mat,data/processed/samples/1990.npz,512,512,9377,86,213,255,357,127,102,127,f0c2f24a6de375788feeeb06bf408174a8178dee93037f51e48a340736c0f8a0
1991,MR026175C,2,train,1512427/brainTumorDataPublic_1533-2298/1991.mat,data/processed/samples/1991.npz,512,512,6384,94,205,272,364,111,92,111,76ad5df74d6f6fe2573aa0d0e3b90d34fa41288f5f58d340afcdbf40b3eb6dda
1992,MR026175C,2,train,1512427/brainTumorDataPublic_1533-2298/1992.mat,data/processed/samples/1992.npz,512,512,6467,93,195,279,367,102,88,102,4edcdc20689286b5519ae56d56b7b02bdc3ac20497e52e49333e63c3b05dd46b
1993,MR026175C,2,train,1512427/brainTumorDataPublic_1533-2298/1993.mat,data/processed/samples/1993.npz,512,512,5938,90,201,279,367,111,88,111,91e931223adbdd30d8ad5c1708b986dd2692d18e66d314ac7e66135e2e4d580d
1994,MR026175C,2,train,1512427/brainTumorDataPublic_1533-2298/1994.mat,data/processed/samples/1994.npz,512,512,4785,94,193,296,372,99,76,99,8d4163dfdd18cf26919e0de4c6ccfbc4d41714c48c8b6bd5d425b618819c9167
1995,MR026175C,2,train,1512427/brainTumorDataPublic_1533-2298/1995.mat,data/processed/samples/1995.npz,512,512,3104,115,185,307,368,70,61,70,3a5af2de4fb58bc7b9ab86e3f85148fa99e56de31cba17d7cedaeed5c8bd950f
1996,MR026175C,2,train,1512427/brainTumorDataPublic_1533-2298/1996.mat,data/processed/samples/1996.npz,512,512,3539,94,169,281,368,75,87,87,9fa50a63c6c756a4e50ce0bff11271e0a164961506eb09db7436791600b23cc3
1997,MR026175C,2,train,1512427/brainTumorDataPublic_1533-2298/1997.mat,data/processed/samples/1997.npz,512,512,3380,105,164,273,352,59,79,79,427f2aa77c0595f978f767f2905d34292cfe0dc7c858d674b15bfa15eae10ec5
1998,MR051461,2,test,1512427/brainTumorDataPublic_1533-2298/1998.mat,data/processed/samples/1998.npz,512,512,1832,157,215,284,328,58,44,58,d41d7632af008d162b9bb3a977b2263daaabe0d7a23a64179c7b26c3d3edc7ed
1999,MR051461,2,test,1512427/brainTumorDataPublic_1533-2298/1999.mat,data/processed/samples/1999.npz,512,512,3771,145,229,279,338,84,59,84,8e87982e664ed550e57cadf9ae80fbfe9769ebb55ff8b74b75ac503d0da9c450
2000,MR051461,2,test,1512427/brainTumorDataPublic_1533-2298/2000.mat,data/processed/samples/2000.npz,512,512,6441,132,238,265,347,106,82,106,831c6c9216888447c50e5256a9e517c6c16603ef7ea0c86297ecd1d1bc90ba02
2001,MR051461,2,test,1512427/brainTumorDataPublic_1533-2298/2001.mat,data/processed/samples/2001.npz,512,512,7812,122,241,260,345,119,85,119,a797c33f28385ab5dd80f1c612c95baea5af7b66a633c54e7a70958e79762ae2
2002,MR051461,2,test,1512427/brainTumorDataPublic_1533-2298/2002.mat,data/processed/samples/2002.npz,512,512,5931,143,242,273,346,99,73,99,d32d173a6d9f39f3936e4e37e39142c6f7df9fa7fe8945322f456db4027424ea
2003,MR051461,2,test,1512427/brainTumorDataPublic_1533-2298/2003.mat,data/processed/samples/2003.npz,512,512,5244,142,239,273,343,97,70,97,2fb7fb4b35c7d1d203c2f89329c601d8e7f0a3ecdc411d51521dd80e2b323dc1
2004,MR051461,2,test,1512427/brainTumorDataPublic_1533-2298/2004.mat,data/processed/samples/2004.npz,512,512,3633,159,234,277,344,75,67,75,11b0705f975cfba6e3723e3189afa7d70ab9a68d35783e2bcc85253e7caf0409
2005,MR051586,2,test,1512427/brainTumorDataPublic_1533-2298/2005.mat,data/processed/samples/2005.npz,512,512,2596,111,178,161,219,67,58,67,c657be7578207aad5027a818083e963a1eaa1414d6b0abae81c54595e9709297
2006,MR051586,2,test,1512427/brainTumorDataPublic_1533-2298/2006.mat,data/processed/samples/2006.npz,512,512,5863,100,207,153,235,107,82,107,bffde3c3d1e53e818a10b85a52833bf3fac67ca800f4ccc14d9fa2b192e4007f
2007,MR051586,2,test,1512427/brainTumorDataPublic_1533-2298/2007.mat,data/processed/samples/2007.npz,512,512,7956,105,215,150,248,110,98,110,9796f6e6de09a6880c1901d6ace6e4c06325df06be89a7ee8c5f16ce18c7b194
2008,MR051586,2,test,1512427/brainTumorDataPublic_1533-2298/2008.mat,data/processed/samples/2008.npz,512,512,9033,100,219,141,254,119,113,119,10d57ac8578772f59a90a02ad517e5dfb2f94f67e7eb4ab9ccc0ad632c0c2cd8
2009,MR051586,2,test,1512427/brainTumorDataPublic_1533-2298/2009.mat,data/processed/samples/2009.npz,512,512,8715,113,220,145,257,107,112,112,1b957f1f4b12199ccda58753d747839045145beff9943cc98f59a03f4086439d
2010,MR051586,2,test,1512427/brainTumorDataPublic_1533-2298/2010.mat,data/processed/samples/2010.npz,512,512,7555,121,223,147,254,102,107,107,20becfd1a8533f3c0ade58c7d9fbb90ad9afc841452ac5454fec35380ecbe764
2011,MR051586,2,test,1512427/brainTumorDataPublic_1533-2298/2011.mat,data/processed/samples/2011.npz,512,512,5619,130,228,157,253,98,96,98,83b0fb5254aed425fff43f0b824ce23d066f76b2f67a11c029807cd86d5f993f
2012,MR051461B,2,test,1512427/brainTumorDataPublic_1533-2298/2012.mat,data/processed/samples/2012.npz,512,512,3950,122,201,287,355,79,68,79,2bdd7f14dc9648a7992b39c7207348f77452ba80a89854b9b3a1aeea07ad57e2
2013,MR051461B,2,test,1512427/brainTumorDataPublic_1533-2298/2013.mat,data/processed/samples/2013.npz,512,512,3034,119,196,293,348,77,55,77,95369189d8d716fa1f9955df050062928332a67c907e7dae10c87d10688d1d1a
2014,MR051461B,2,test,1512427/brainTumorDataPublic_1533-2298/2014.mat,data/processed/samples/2014.npz,512,512,7847,138,241,259,355,103,96,103,947857cc1a6d769438d7cb6f0ab93f00daf70888e8f973b4de31eace7354968f
2015,MR051461B,2,test,1512427/brainTumorDataPublic_1533-2298/2015.mat,data/processed/samples/2015.npz,512,512,5615,143,230,261,347,87,86,87,3489779830b677dfdce7f9759b68a9dc0cc83e4ff90644950c77c026aef89779
2016,MR051461B,2,test,1512427/brainTumorDataPublic_1533-2298/2016.mat,data/processed/samples/2016.npz,512,512,6742,165,287,260,349,122,89,122,f1504bba7d04218f01d4b5dd39fcc4f121ed405b64ce16fdbea87dc205d492ce
2017,MR051644,2,val,1512427/brainTumorDataPublic_1533-2298/2017.mat,data/processed/samples/2017.npz,512,512,5197,281,368,218,295,87,77,87,79e056914f053f2265f886d4f152f6e35c1a39feb55c9660bee44d91c6e402e3
2018,MR051644,2,val,1512427/brainTumorDataPublic_1533-2298/2018.mat,data/processed/samples/2018.npz,512,512,371,214,241,293,311,27,18,27,263526899c3f91c68b08edd59bd9c2986c19410644cf503727fd51a7d0f7c198
2019,MR051644,2,val,1512427/brainTumorDataPublic_1533-2298/2019.mat,data/processed/samples/2019.npz,512,512,7547,155,249,208,317,94,109,109,a541ace0f32ef74eabfc910f6771cc1fe5a4cfaba5c3ecf699355c43bf37e03c
2020,MR051644,2,val,1512427/brainTumorDataPublic_1533-2298/2020.mat,data/processed/samples/2020.npz,512,512,6539,163,245,210,319,82,109,109,d5a48fc0e884045b45d5c088be7e8715a713e7533c8ec77b9fbc9a9c46f9e90d
2021,MR051644,2,val,1512427/brainTumorDataPublic_1533-2298/2021.mat,data/processed/samples/2021.npz,512,512,2898,180,235,215,290,55,75,75,7edc26c51643954b5e5ad078d917b1237785edf329e36d62c33ca8a51b8ed1bc
2022,MR051644,2,val,1512427/brainTumorDataPublic_1533-2298/2022.mat,data/processed/samples/2022.npz,512,512,7005,194,325,261,336,131,75,131,037282c30e3d3bad7c44cfb2cbdd3554fd1a9485f3baebffdf0334858802dfc0
2023,MR051644,2,val,1512427/brainTumorDataPublic_1533-2298/2023.mat,data/processed/samples/2023.npz,512,512,3568,205,299,271,323,94,52,94,029292448ceb0b9b0c2f32962daa88dd499f6c3f2df36acfd8572c698c31fc62
2024,MR051644,2,val,1512427/brainTumorDataPublic_1533-2298/2024.mat,data/processed/samples/2024.npz,512,512,1259,211,243,287,336,32,49,49,da1d0ad4e1fe0f6f376e15b8a14b6d06b64d0873bc67a7fedd037cc1bf3d91e5
2025,MR051644,2,val,1512427/brainTumorDataPublic_1533-2298/2025.mat,data/processed/samples/2025.npz,512,512,1319,215,244,279,346,29,67,67,7b7ff3a946b4aea1564326da8387ac7027f2a36ce2a03f919cae567670770aee
2026,MR051644,2,val,1512427/brainTumorDataPublic_1533-2298/2026.mat,data/processed/samples/2026.npz,512,512,1771,221,256,275,351,35,76,76,1661067e68c42b10c4fab57c66181c4e1708a646c6590ca168102b201dd8b97d
2027,MR051644,2,val,1512427/brainTumorDataPublic_1533-2298/2027.mat,data/processed/samples/2027.npz,512,512,2803,227,278,285,360,51,75,75,082386edbf7a1cfd611ccb623828ba3750e07d4f7d69e9934fcc181796bdf7ce
2028,MR051644,2,val,1512427/brainTumorDataPublic_1533-2298/2028.mat,data/processed/samples/2028.npz,512,512,2502,240,302,307,358,62,51,62,03c0fe631fba672b78688071bbdd3e5e646c3e0f0799f58928f382e1a3830f44
2029,MR051644,2,val,1512427/brainTumorDataPublic_1533-2298/2029.mat,data/processed/samples/2029.npz,512,512,3253,155,225,225,289,70,64,70,a119794f1ff77e5994d86505c4531df90980a73ec4caa9efb28fd4a352961748
2030,MR051644,2,val,1512427/brainTumorDataPublic_1533-2298/2030.mat,data/processed/samples/2030.npz,512,512,5975,151,251,214,299,100,85,100,12060f742ec9e6fabfc40114831b6931f8808babe85e125e561c17384a4e6e39
2031,MR051644,2,val,1512427/brainTumorDataPublic_1533-2298/2031.mat,data/processed/samples/2031.npz,512,512,7269,151,253,208,308,102,100,102,e98d99570fcad40437f7c0b595e20e1a02145b2ff5f7f6725e368427a82a8d64
2032,MR051651,2,train,1512427/brainTumorDataPublic_1533-2298/2032.mat,data/processed/samples/2032.npz,512,512,1984,121,183,277,318,62,41,62,157d41445a07f2cc7e258ada48bf9a1025be107bb28b5cdd2c33079b493be7e1
2033,MR051651,2,train,1512427/brainTumorDataPublic_1533-2298/2033.mat,data/processed/samples/2033.npz,512,512,4187,108,197,269,334,89,65,89,f34226a419aff8914fab9d9a911796019d7cbfe2e4064f2232be9018be968fb0
2034,MR051651,2,train,1512427/brainTumorDataPublic_1533-2298/2034.mat,data/processed/samples/2034.npz,512,512,5749,111,204,262,342,93,80,93,bfde7a824f6932053149aeee5940f5fd5ebc1f4d57f3460fdf7040522cf43745
2035,MR051651,2,train,1512427/brainTumorDataPublic_1533-2298/2035.mat,data/processed/samples/2035.npz,512,512,6410,112,207,260,349,95,89,95,83cf198279b1619f4e164bf2c70af4d71bef9e43205d7d785b8645a6a921abaf
2036,MR051651,2,train,1512427/brainTumorDataPublic_1533-2298/2036.mat,data/processed/samples/2036.npz,512,512,4809,124,204,261,340,80,79,80,f028b8713594619ff8a13e7376b14a40688450a1852ea349f737c38208a40719
2037,MR051651,2,train,1512427/brainTumorDataPublic_1533-2298/2037.mat,data/processed/samples/2037.npz,512,512,3675,134,204,269,338,70,69,70,cc3daaf2dee5a20e1bc9ebecdaad03f53c0ab2665266097f72c0931b004ddcc1
2038,MR051796,2,train,1512427/brainTumorDataPublic_1533-2298/2038.mat,data/processed/samples/2038.npz,512,512,3378,159,233,276,333,74,57,74,05401c375c5d654865e99e29bac6cf6ed37cb4a7637ae9642927fbac9bf65c02
2039,MR051796,2,train,1512427/brainTumorDataPublic_1533-2298/2039.mat,data/processed/samples/2039.npz,512,512,4421,157,239,269,334,82,65,82,eb57dc30a18f9cf535a9e084899d4f195214787cd17ddfe0011d71cb76292ee2
2040,MR051796,2,train,1512427/brainTumorDataPublic_1533-2298/2040.mat,data/processed/samples/2040.npz,512,512,8144,130,247,265,372,117,107,117,b90725307e384bf328eb82e54af30f1c3735d0112ae88960cf7985ac3b4c68b1
2041,MR051796,2,train,1512427/brainTumorDataPublic_1533-2298/2041.mat,data/processed/samples/2041.npz,512,512,8598,132,250,262,364,118,102,118,99c863abc9e34928787e0536e5832d5cc7d5c156b7e3a6fad326d8ea74d543d0
2042,MR051796,2,train,1512427/brainTumorDataPublic_1533-2298/2042.mat,data/processed/samples/2042.npz,512,512,6991,154,252,257,362,98,105,105,5d52e1a2a84c477e6580d15f8f328192eb73d91eb57c0e0134f5eddb32301c36
2043,MR051796,2,train,1512427/brainTumorDataPublic_1533-2298/2043.mat,data/processed/samples/2043.npz,512,512,4514,171,247,259,339,76,80,80,e0e9ed0ed56f73665c996ee0053a9228425d217e42e00183b5aab1b816f18499
2044,MR051796,2,train,1512427/brainTumorDataPublic_1533-2298/2044.mat,data/processed/samples/2044.npz,512,512,5373,178,246,213,313,68,100,100,ce46170ffeb3df7bf90d30991083085d4363e38258f219cf8bfd63ca53bd0235
2045,MR051651B,2,test,1512427/brainTumorDataPublic_1533-2298/2045.mat,data/processed/samples/2045.npz,512,512,5322,119,196,229,330,77,101,101,33dc8990da076f0111e6031b27e437ffe48420c15d4d3d866b929b8012373bcf
2046,MR051651B,2,test,1512427/brainTumorDataPublic_1533-2298/2046.mat,data/processed/samples/2046.npz,512,512,5505,93,194,260,336,101,76,101,997b8538a60794ca17171775a42f6ce079836834b7742ccc27a8943b0c20af4d
2047,MR051651B,2,test,1512427/brainTumorDataPublic_1533-2298/2047.mat,data/processed/samples/2047.npz,512,512,7921,102,220,240,328,118,88,118,471f7592d1c56aaae0f3270abc85d04fb33d7686367802b13831f65e53ad5790
2048,MR051651B,2,test,1512427/brainTumorDataPublic_1533-2298/2048.mat,data/processed/samples/2048.npz,512,512,8113,111,224,260,359,113,99,113,c9b8f84d8c960c7d57a08abddd8a2a161fa42a0ee1a266213665779e60d547fd
2049,MR051651B,2,test,1512427/brainTumorDataPublic_1533-2298/2049.mat,data/processed/samples/2049.npz,512,512,4791,123,210,260,345,87,85,87,9206ef621706e610614e7bb582020ac60fefb40713d88c80b2b99ca74cc78944
2050,MR051651B,2,test,1512427/brainTumorDataPublic_1533-2298/2050.mat,data/processed/samples/2050.npz,512,512,2397,143,202,262,334,59,72,72,015f0a4c2cdd5c9cd162fd5603368039fca263e4cf76fa1f44e547273bb734e7
2051,MR051644B,2,train,1512427/brainTumorDataPublic_1533-2298/2051.mat,data/processed/samples/2051.npz,512,512,13873,182,328,188,318,146,130,146,ca38b29114ad82403479e2c264a2d5837798ccfa4f7c09e76f97ce4c7fbd6f95
2052,MR051644B,2,train,1512427/brainTumorDataPublic_1533-2298/2052.mat,data/processed/samples/2052.npz,512,512,10963,186,307,196,307,121,111,121,455c6af51cf1fd6519d31af13515043b6b6ad6b8adedc6821507afe244c2bcd4
2053,MR051644B,2,train,1512427/brainTumorDataPublic_1533-2298/2053.mat,data/processed/samples/2053.npz,512,512,11839,192,349,195,320,157,125,157,30e01e7316c6f816edc5f1ac6d087f671a38f943cc107b2fe50c80ae54be16ae
2054,MR051644B,2,train,1512427/brainTumorDataPublic_1533-2298/2054.mat,data/processed/samples/2054.npz,512,512,14597,170,333,204,313,163,109,163,88fe795cd6a320ea7001b884651bbeb8e469450d20ca2f10563ecfb24f7a6547
2055,MR051644B,2,train,1512427/brainTumorDataPublic_1533-2298/2055.mat,data/processed/samples/2055.npz,512,512,3439,176,237,220,292,61,72,72,6808bb4c5588b9087fbb21f17ab13fdfcf846ecc41be417d32d9fcc5d01da156
2056,MR051644B,2,train,1512427/brainTumorDataPublic_1533-2298/2056.mat,data/processed/samples/2056.npz,512,512,9288,113,240,204,350,127,146,146,b26d8c7eeb01a67166ca00199d50f811ac661b92401697d7754565dfc772f0ab
2057,MR051644B,2,train,1512427/brainTumorDataPublic_1533-2298/2057.mat,data/processed/samples/2057.npz,512,512,6605,118,195,201,353,77,152,152,44ff952eb2dacddfd56990921dbb115da24670b9be6f59c7e629d385a862f0cb
2058,MR051796B,2,train,1512427/brainTumorDataPublic_1533-2298/2058.mat,data/processed/samples/2058.npz,512,512,334,203,222,223,244,19,21,21,774249b5a41454c7fae6974fe3364b2a584e471607e069c6207f13dad3ac0468
2059,MR051796B,2,train,1512427/brainTumorDataPublic_1533-2298/2059.mat,data/processed/samples/2059.npz,512,512,1764,170,220,192,239,50,47,50,b6b6fb89c1ce2dde584d87c3bd484d5d8349084f8a2944f7260575cac5e987f7
2060,MR051796B,2,train,1512427/brainTumorDataPublic_1533-2298/2060.mat,data/processed/samples/2060.npz,512,512,1834,195,245,208,262,50,54,54,21ae1b7d35ef60d2da9c4f15f39e525087d6c05639a1a209aa5291a5a0389a1a
2061,MR052550,2,train,1512427/brainTumorDataPublic_1533-2298/2061.mat,data/processed/samples/2061.npz,512,512,2419,266,322,229,283,56,54,56,075e5c961229316edc1a9c91ed66e36e114e104a477137903b30de2e75b7153f
2062,MR052550,2,train,1512427/brainTumorDataPublic_1533-2298/2062.mat,data/processed/samples/2062.npz,512,512,3278,260,326,226,285,66,59,66,f91c39b0ffa4687240d5c37242ebe83e83821e5c3dea50c7850578497245f03f
2063,MR052550,2,train,1512427/brainTumorDataPublic_1533-2298/2063.mat,data/processed/samples/2063.npz,512,512,4115,259,326,206,286,67,80,80,05b6bd4a3fe1a0290bb93d12a79e9cbc7d7612ff38364e9f6dea76b3e251b1ae
2064,MR052550,2,train,1512427/brainTumorDataPublic_1533-2298/2064.mat,data/processed/samples/2064.npz,512,512,3652,259,326,217,295,67,78,78,539d75bf7c7bfb37cd6fdf2417104c35219e63278f4463b8d692c887771ffc7e
2065,MR051644C,2,val,1512427/brainTumorDataPublic_1533-2298/2065.mat,data/processed/samples/2065.npz,512,512,2027,208,251,280,340,43,60,60,8b1ecb33d512582617f505f4368f0c6be66451c434712132ebbcd4daafca1b83
2066,MR051644C,2,val,1512427/brainTumorDataPublic_1533-2298/2066.mat,data/processed/samples/2066.npz,512,512,2529,203,255,274,344,52,70,70,fbf89d16af486ee4924209a1ca1fce0095eb17a459efdbfdd5507cad28a7e6b8
2067,MR051644C,2,val,1512427/brainTumorDataPublic_1533-2298/2067.mat,data/processed/samples/2067.npz,512,512,3702,260,343,279,339,83,60,83,bec2ce87f82fae09005016a0d727da0dbd1f96f8839795aa7be36355f902a3b8
2068,MR051644C,2,val,1512427/brainTumorDataPublic_1533-2298/2068.mat,data/processed/samples/2068.npz,512,512,2286,265,326,281,329,61,48,61,5a23646ec28d6326d562e6c4eb30defa88e5292f669aa3149bd5f9f63931ac29
2069,MR051644C,2,val,1512427/brainTumorDataPublic_1533-2298/2069.mat,data/processed/samples/2069.npz,512,512,3682,204,267,271,355,63,84,84,188570ad85a642319205c90689f3edb537809df85f07989288dc2ad76cf95d7e
2070,MR051644C,2,val,1512427/brainTumorDataPublic_1533-2298/2070.mat,data/processed/samples/2070.npz,512,512,4897,212,286,276,366,74,90,90,3a19c214a36a22784b7235995dfc20292bf97e8838d758d645163a75181249f3
2071,MR051644C,2,val,1512427/brainTumorDataPublic_1533-2298/2071.mat,data/processed/samples/2071.npz,512,512,4753,223,307,287,362,84,75,84,8f2e39be676b3d2c0f385e818377a9671b35742c3fedcbe38384fc4b232b79e1
2072,MR051644C,2,val,1512427/brainTumorDataPublic_1533-2298/2072.mat,data/processed/samples/2072.npz,512,512,4749,247,336,299,365,89,66,89,73f0918a25bd0beaa607c18b5941d8cbe08425094fb712d403b82e7b36f33822
2073,MR051644C,2,val,1512427/brainTumorDataPublic_1533-2298/2073.mat,data/processed/samples/2073.npz,512,512,11411,105,226,185,312,121,127,127,ac873aa6398745e6f94cee93f2032875e011ff8e915989511838dc7daab75c53
2074,MR051644C,2,val,1512427/brainTumorDataPublic_1533-2298/2074.mat,data/processed/samples/2074.npz,512,512,14849,106,264,178,304,158,126,158,84f2ae7c520e2afa5f80e789580cb3c952e38fdc7cf2912747303fb6fcab8e2a
2075,MR051644C,2,val,1512427/brainTumorDataPublic_1533-2298/2075.mat,data/processed/samples/2075.npz,512,512,17472,105,281,185,317,176,132,176,181852f187343ad97d239fabd4d09ff8f6ead8c0b7b89a231a62a424388a586c
2076,MR051644C,2,val,1512427/brainTumorDataPublic_1533-2298/2076.mat,data/processed/samples/2076.npz,512,512,14542,118,282,189,306,164,117,164,7ec893d607c7de807791f35acf7f703ecff4e7ba518e3b9e87aa4c7e0d7a2cef
2077,MR049942B,2,train,1512427/brainTumorDataPublic_1533-2298/2077.mat,data/processed/samples/2077.npz,512,512,5717,172,265,304,382,93,78,93,c20486fa1bfc3e2a7b91a23434fcd25eacd3d81b9f01946f910cdd1254bba2fd
2078,MR049942B,2,train,1512427/brainTumorDataPublic_1533-2298/2078.mat,data/processed/samples/2078.npz,512,512,7485,176,276,291,391,100,100,100,b00d88d9fca902b1ba21034f7cae4799748d84112a8cf29395ad1319b71d51a2
2079,MR049942B,2,train,1512427/brainTumorDataPublic_1533-2298/2079.mat,data/processed/samples/2079.npz,512,512,3969,97,175,293,357,78,64,78,15c099fd68c8781c3a3434576d146017b4cb1253707d05eb49b1e45d923e0014
2080,MR052585B,2,train,1512427/brainTumorDataPublic_1533-2298/2080.mat,data/processed/samples/2080.npz,512,512,443,321,347,230,251,26,21,26,dad719ec159c8ae93d6b57c87456d0aab1726f959e0c84498623341af56b78cc
2081,MR052585B,2,train,1512427/brainTumorDataPublic_1533-2298/2081.mat,data/processed/samples/2081.npz,512,512,960,313,346,225,261,33,36,36,98cc2406f282f6226cc3cda46d7e9a6c00f39925087a248e93ef33467ddb5007
2082,MR052585B,2,train,1512427/brainTumorDataPublic_1533-2298/2082.mat,data/processed/samples/2082.npz,512,512,1757,304,360,224,268,56,44,56,08323dd7abc7fae9a146c07fed75d4ca56dc5feec5d3e40f4971432934e73831
2083,MR047953C,2,val,1512427/brainTumorDataPublic_1533-2298/2083.mat,data/processed/samples/2083.npz,512,512,1295,202,255,170,215,53,45,53,33a42511a8954143320e68f474138eaab07a40f54e2be7719af9fa059cf89c9f
2084,MR047953C,2,val,1512427/brainTumorDataPublic_1533-2298/2084.mat,data/processed/samples/2084.npz,512,512,10550,71,210,145,250,139,105,139,2a94f6b68e4807482db29bd3532fdfbf7365942a973cd04e248fd36f37cab67a
2085,MR047953C,2,val,1512427/brainTumorDataPublic_1533-2298/2085.mat,data/processed/samples/2085.npz,512,512,3832,66,130,153,248,64,95,95,d222d0b4263a463a2d9973ee9148ac5d0eb89d2e0c33bf94de9847a747913c5f
2086,MR047953C,2,val,1512427/brainTumorDataPublic_1533-2298/2086.mat,data/processed/samples/2086.npz,512,512,2476,66,115,175,242,49,67,67,e904221f5d70d0e199cf399ee6ad30cc41005902f31d5fd9b170c92402d3a18b
2087,MR053110B,2,train,1512427/brainTumorDataPublic_1533-2298/2087.mat,data/processed/samples/2087.npz,512,512,7249,162,280,300,385,118,85,118,ce61a369a56ea6eaaa7b83af9aeb9e00756e994623bb506d3ebe2cbc715e74ec
2088,MR053110B,2,train,1512427/brainTumorDataPublic_1533-2298/2088.mat,data/processed/samples/2088.npz,512,512,7930,175,299,297,388,124,91,124,08b713f103269ef9a3775d089ddf7e83a3168c842eb5bf82972af9f36b03631a
2089,MR053110B,2,train,1512427/brainTumorDataPublic_1533-2298/2089.mat,data/processed/samples/2089.npz,512,512,13927,127,310,290,393,183,103,183,2077c7aa397e967323bbdcdce964c46e7e9fdb39c2f3279dd1ca964cc3d1aae1
2090,MR053110B,2,train,1512427/brainTumorDataPublic_1533-2298/2090.mat,data/processed/samples/2090.npz,512,512,13492,110,289,277,394,179,117,179,95a035b755219b3f169f5ed741765e73d322c3cb1c8c77083f703779e7e445cf
2091,MR053110B,2,train,1512427/brainTumorDataPublic_1533-2298/2091.mat,data/processed/samples/2091.npz,512,512,10309,101,289,283,386,188,103,188,367d80f7f123161913660c31d97f0d4b9ce5adb635b4d32364c47ffb2e586cb4
2092,MR053110B,2,train,1512427/brainTumorDataPublic_1533-2298/2092.mat,data/processed/samples/2092.npz,512,512,3808,196,309,317,391,113,74,113,b1c78e52e8f71ad207b418b5e3dee5863c33ab014f902dad82ce75c21c2246cc
2093,MR034694,2,train,1512427/brainTumorDataPublic_1533-2298/2093.mat,data/processed/samples/2093.npz,512,512,1618,210,276,290,345,66,55,66,8509c3cbc587562399ae7363d4ebcd1c2dd5f7162290515f6f1648bfbd9da953
2094,MR034694,2,train,1512427/brainTumorDataPublic_1533-2298/2094.mat,data/processed/samples/2094.npz,512,512,4581,260,324,216,310,64,94,94,479b484fb8804d31046750dfa265deadb01f66fd36d184c292577517d1649bfc
2095,MR034694,2,train,1512427/brainTumorDataPublic_1533-2298/2095.mat,data/processed/samples/2095.npz,512,512,7306,248,343,225,327,95,102,102,b7d83a2e1e0ef429d88b823569a48ea1301f6e2a602ab3a7a6ef3042dddf7486
2096,MR034694,2,train,1512427/brainTumorDataPublic_1533-2298/2096.mat,data/processed/samples/2096.npz,512,512,4476,255,337,236,303,82,67,82,c12df73a5987bd5c4cff11a904414d448079ab7ca1fa420607685c17af3931da
2097,MR054683,2,train,1512427/brainTumorDataPublic_1533-2298/2097.mat,data/processed/samples/2097.npz,512,512,327,279,301,194,215,22,21,22,561b28c9e8cad7242009e9d5b7ec049bd0369e949cc1293fd88e9cc9e5ce6bd0
2098,MR054683,2,train,1512427/brainTumorDataPublic_1533-2298/2098.mat,data/processed/samples/2098.npz,512,512,3472,193,255,130,203,62,73,73,526da02738c28cd302a3fadd6a84d2d0f5f4159772472b7580565b1f0828a8ee
2099,MR054683,2,train,1512427/brainTumorDataPublic_1533-2298/2099.mat,data/processed/samples/2099.npz,512,512,357,230,253,171,197,23,26,26,91d6bf7ef287072eccff0842249385e9da6cd01beb51a45168e61f11f747e7e8
2100,MR054875,2,train,1512427/brainTumorDataPublic_1533-2298/2100.mat,data/processed/samples/2100.npz,512,512,674,197,228,303,331,31,28,31,722837fe3f3003c6d25d08e085a912b55e2f7f11b9d238d8059303285bf2f2c2
2101,MR054875,2,train,1512427/brainTumorDataPublic_1533-2298/2101.mat,data/processed/samples/2101.npz,512,512,1597,190,240,293,334,50,41,50,706967ad00362c6a672bf0dfedb7af06eb8de94609d83d57bf4b26d0d5922ec7
2102,MR054875,2,train,1512427/brainTumorDataPublic_1533-2298/2102.mat,data/processed/samples/2102.npz,512,512,1096,185,225,296,330,40,34,40,f9a440d1217521adc7ecd3a2bda01e7afc12ae263bb1fa06d4963cf67fe525d1
2103,MR054875,2,train,1512427/brainTumorDataPublic_1533-2298/2103.mat,data/processed/samples/2103.npz,512,512,335,202,223,305,325,21,20,21,f3296aee3a4e6e03eefca7384764ac3953891c564382ee0ca35853b2eae494f7
2104,MR050687C,2,train,1512427/brainTumorDataPublic_1533-2298/2104.mat,data/processed/samples/2104.npz,512,512,5329,191,276,139,224,85,85,85,9b78bd6e5e303eb34a8db67787b6fc75f7b11d4d97819944801c9e3bbbf6678a
2105,MR050687C,2,train,1512427/brainTumorDataPublic_1533-2298/2105.mat,data/processed/samples/2105.npz,512,512,6371,199,286,133,231,87,98,98,4ecb34a9ea575e1b8f07d8c26848b2b33995469e8179a0af6f7756a413b84676
2106,MR050687C,2,train,1512427/brainTumorDataPublic_1533-2298/2106.mat,data/processed/samples/2106.npz,512,512,7973,196,298,124,233,102,109,109,2d3e5746acb9706acf7466a0f459425dd0aeead04e454647599d9daf295955d1
2107,MR050687C,2,train,1512427/brainTumorDataPublic_1533-2298/2107.mat,data/processed/samples/2107.npz,512,512,8635,203,318,121,222,115,101,115,cf484d33292d54f0c619e218c7728c3926f4701f927996b5d1ebdbda02f2f679
2108,MR050687C,2,train,1512427/brainTumorDataPublic_1533-2298/2108.mat,data/processed/samples/2108.npz,512,512,6562,202,312,122,203,110,81,110,960a4a790a95e1f9a9a110387e79ec05a66a7b1ced8f87485b131b924b0de6c1
2109,MR056144,2,test,1512427/brainTumorDataPublic_1533-2298/2109.mat,data/processed/samples/2109.npz,512,512,1106,205,246,192,226,41,34,41,7a6e687964e28e965ae7828179c05c638b75a60450703960c6836a15686de266
2110,MR056144,2,test,1512427/brainTumorDataPublic_1533-2298/2110.mat,data/processed/samples/2110.npz,512,512,1444,198,257,187,226,59,39,59,2f824acd4c150716631ffd91b3062b865e0bb038e11e8c7ec937a169a5088fc0
2111,MR056144,2,test,1512427/brainTumorDataPublic_1533-2298/2111.mat,data/processed/samples/2111.npz,512,512,1551,200,254,194,242,54,48,54,f80c1f0a8974ea986b897a9b7a2d131e03efe7d38692dd952d621050950aa128
2112,MR034997,2,train,1512427/brainTumorDataPublic_1533-2298/2112.mat,data/processed/samples/2112.npz,512,512,2091,221,273,162,215,52,53,53,4b73b3ab6a18dcc4396532760892093ea140e6f1a7b49ee74142782e5ae4f6c5
2113,MR034997,2,train,1512427/brainTumorDataPublic_1533-2298/2113.mat,data/processed/samples/2113.npz,512,512,4643,192,272,166,245,80,79,80,80492919738f825125d2e24865b9152e7029f600db4d604fb275691e5c419419
2114,MR034997,2,train,1512427/brainTumorDataPublic_1533-2298/2114.mat,data/processed/samples/2114.npz,512,512,5232,186,267,160,243,81,83,83,06bebb2afc7271e3e212e857f8e4b4542a60b149d3ee08bcdc56a767940acf7a
2115,MR034997,2,train,1512427/brainTumorDataPublic_1533-2298/2115.mat,data/processed/samples/2115.npz,512,512,5540,183,271,156,243,88,87,88,159fbc8e814207350e8296e152a63986c94bb2b31fd3a909f27f0b019823681d
2116,MR034997,2,train,1512427/brainTumorDataPublic_1533-2298/2116.mat,data/processed/samples/2116.npz,512,512,4419,195,271,157,238,76,81,81,39b8794bd840edfe8c5ec63644e0ccf80369016bd5698695bcb532fd9158912b
2117,MR034997,2,train,1512427/brainTumorDataPublic_1533-2298/2117.mat,data/processed/samples/2117.npz,512,512,3943,193,273,169,240,80,71,80,66be1b3036e5c12f2f0614a0630c048f10ba60e3fb46c0e1912ab4a9e7ccb735
2118,MR034997,2,train,1512427/brainTumorDataPublic_1533-2298/2118.mat,data/processed/samples/2118.npz,512,512,1289,213,257,179,223,44,44,44,918846a78f5fc9d4a36cd5a9de6128769ae5dade9b17ba38e1af133860b9318c
2119,MR029209E,2,train,1512427/brainTumorDataPublic_1533-2298/2119.mat,data/processed/samples/2119.npz,512,512,1016,258,301,171,201,43,30,43,c3e9c9c7400b8eb81232513f8493affc6865736ac7e84a1bed11bf5a73c3d2be
2120,MR029209E,2,train,1512427/brainTumorDataPublic_1533-2298/2120.mat,data/processed/samples/2120.npz,512,512,1511,274,335,175,207,61,32,61,ea314c65819a7a86d2a7401587eac252dc8aaa4a7b7f7290b731e639625217da
2121,MR029209E,2,train,1512427/brainTumorDataPublic_1533-2298/2121.mat,data/processed/samples/2121.npz,512,512,412,356,378,155,179,22,24,24,fe75090dfd4d75fbfa287c1283ef84671a37bf76b5eb83764d5932950371590b
2122,MR029209E,2,train,1512427/brainTumorDataPublic_1533-2298/2122.mat,data/processed/samples/2122.npz,512,512,6349,300,417,128,249,117,121,121,a494184d46c797e12497d26fa6ac7271adc64b89e382ac19c5f7c12c573a190b
2123,MR029209E,2,train,1512427/brainTumorDataPublic_1533-2298/2123.mat,data/processed/samples/2123.npz,512,512,7222,272,393,118,243,121,125,125,ccebe3c8983cec11c9674325e8483e3199f9998f47ed0acdcedab8023ad431eb
2124,MR029209E,2,train,1512427/brainTumorDataPublic_1533-2298/2124.mat,data/processed/samples/2124.npz,512,512,8546,276,390,119,246,114,127,127,e8466486859e92bfc56c1b774b19e6347396839f51ac77474d0cab7854f258bb
2125,MR029209E,2,train,1512427/brainTumorDataPublic_1533-2298/2125.mat,data/processed/samples/2125.npz,512,512,6821,278,384,121,230,106,109,109,707a296db353e629ee0ed71b9713349c3db0d0c6291235ce62f337d0ab935740
2126,MR029209E,2,train,1512427/brainTumorDataPublic_1533-2298/2126.mat,data/processed/samples/2126.npz,512,512,7928,281,390,126,248,109,122,122,355674848e0eebf614675d07f75381ff35e3ea7aa561cb395755352416da52ef
2127,MR029209E,2,train,1512427/brainTumorDataPublic_1533-2298/2127.mat,data/processed/samples/2127.npz,512,512,7725,263,381,137,246,118,109,118,ded78cea1c4b62d08537ef14617c933b5253f6b39792a1f7ae41658e414a0aa2
2128,MR053110E,2,train,1512427/brainTumorDataPublic_1533-2298/2128.mat,data/processed/samples/2128.npz,512,512,3750,197,269,309,377,72,68,72,104f6906c4ebbbd2721c0f9f7053b5614014422510882572b6030b196ae9e460
2129,MR053110E,2,train,1512427/brainTumorDataPublic_1533-2298/2129.mat,data/processed/samples/2129.npz,512,512,7516,189,307,303,388,118,85,118,5d2e732c11be8a4c8cb6d44c8e5b05e7d446a2e2c4e8bb5281c5c49021c68dab
2130,MR053110E,2,train,1512427/brainTumorDataPublic_1533-2298/2130.mat,data/processed/samples/2130.npz,512,512,8998,183,318,308,398,135,90,135,3583b5dced67dbe4042b651583dac3aa2fa8834b1cf4ac9cb5d3829e05934ed4
2131,MR053110E,2,train,1512427/brainTumorDataPublic_1533-2298/2131.mat,data/processed/samples/2131.npz,512,512,8938,182,323,304,398,141,94,141,46b81359fe03150bed777f783d435caf3e0c5818ff17c91aa4fbd76046bbb989
2132,MR053110E,2,train,1512427/brainTumorDataPublic_1533-2298/2132.mat,data/processed/samples/2132.npz,512,512,17983,190,416,236,401,226,165,226,f1fd31f7282c797584c3bc3bf766e2b678fdbae57bd5298f271f3bd0844c3f42
2133,MR053110E,2,train,1512427/brainTumorDataPublic_1533-2298/2133.mat,data/processed/samples/2133.npz,512,512,8621,219,381,295,398,162,103,162,988e5fda7eee7eeb8be4d087f0af9c96014fe173a1d4cc3deaf9514e130044b9
2134,MR049019G,2,val,1512427/brainTumorDataPublic_1533-2298/2134.mat,data/processed/samples/2134.npz,512,512,6494,152,246,149,252,94,103,103,ad327c48571fe6e6e1e668ca092cc2a5bba90458a54f550620171cd64dad36b0
2135,MR049019G,2,val,1512427/brainTumorDataPublic_1533-2298/2135.mat,data/processed/samples/2135.npz,512,512,11962,107,245,140,264,138,124,138,3f5578865cf8cbb9678de2e582ac52aec0bd8d6903ad6c93a26c597060ee42da
2136,MR049019G,2,val,1512427/brainTumorDataPublic_1533-2298/2136.mat,data/processed/samples/2136.npz,512,512,3960,160,235,178,272,75,94,94,4bab31ca5731e8c2b565dfe6dfc78b4c48f67402dd446b72994f62dfeaeea098
2137,MR049019G,2,val,1512427/brainTumorDataPublic_1533-2298/2137.mat,data/processed/samples/2137.npz,512,512,4582,146,252,172,266,106,94,106,35e5490ff2f50b2ba2c64fbbf376289ef416e11a698eb149ffd61c3068028589
2138,MR049019G,2,val,1512427/brainTumorDataPublic_1533-2298/2138.mat,data/processed/samples/2138.npz,512,512,7096,131,243,181,290,112,109,112,f07172616460c9056975a097d8ea88feb5272b95989cc88b9e2cc70f449468ad
2139,MR049019G,2,val,1512427/brainTumorDataPublic_1533-2298/2139.mat,data/processed/samples/2139.npz,512,512,4247,157,235,167,266,78,99,99,f402ef79c1e3edd1dab58ea29c13f07a59d6680ab3661189aadd8d2e11507584
2140,MR049019G,2,val,1512427/brainTumorDataPublic_1533-2298/2140.mat,data/processed/samples/2140.npz,512,512,5090,161,227,162,263,66,101,101,242ed94450e3682b52f8757ded3e0d30ddea74d9467deab341be1847890da1f5
2141,MR031409B,2,train,1512427/brainTumorDataPublic_1533-2298/2141.mat,data/processed/samples/2141.npz,512,512,844,197,231,226,261,34,35,35,2474372f589ca62ede9d55d31f5df92aed29282b7dace2be92c1514426729995
2142,MR031409B,2,train,1512427/brainTumorDataPublic_1533-2298/2142.mat,data/processed/samples/2142.npz,512,512,1009,194,237,228,263,43,35,43,23eb01ed1b93ece16e5db07bd729fc44ab3a6446d5af2cdd548abbd812263529
2143,MR031409B,2,train,1512427/brainTumorDataPublic_1533-2298/2143.mat,data/processed/samples/2143.npz,512,512,5519,151,233,200,303,82,103,103,08146a75b6feae026f8e2c18178cdf7fd0f3882d0421fc65256b274fc150a6e6
2144,MR024780D,2,train,1512427/brainTumorDataPublic_1533-2298/2144.mat,data/processed/samples/2144.npz,512,512,1453,303,349,329,372,46,43,46,64b69481390ef194a7896cf69b50bc61891156363951fe46c6aeba52ed12fb7f
2145,MR024780D,2,train,1512427/brainTumorDataPublic_1533-2298/2145.mat,data/processed/samples/2145.npz,512,512,1607,307,351,335,384,44,49,49,19a296b66bdb33bbc6364b5215290c701f42a687de2e67790750828bc726666b
2146,MR038469,2,train,1512427/brainTumorDataPublic_1533-2298/2146.mat,data/processed/samples/2146.npz,512,512,631,289,318,248,276,29,28,29,7ac389400780ded2c49071391b884f95dc16e040852118285d7225a31b39e1de
2147,MR038469,2,train,1512427/brainTumorDataPublic_1533-2298/2147.mat,data/processed/samples/2147.npz,512,512,3336,248,304,222,315,56,93,93,43dc6018b0d0e69577051f645b32214ecc8642221e9e93d9b445e952547a5106
2148,MR038469,2,train,1512427/brainTumorDataPublic_1533-2298/2148.mat,data/processed/samples/2148.npz,512,512,1644,267,310,257,307,43,50,50,588c50ca8d6b1cb1cc55138a7050c363a98a761af6d71d37a8f84b557271bcd5
2149,MR038469,2,train,1512427/brainTumorDataPublic_1533-2298/2149.mat,data/processed/samples/2149.npz,512,512,1298,265,307,258,296,42,38,42,f2a080719279cab7377254d637655c9ef9b5f57e5024c363c8faddfa19bf3f0f
2150,MR038469,2,train,1512427/brainTumorDataPublic_1533-2298/2150.mat,data/processed/samples/2150.npz,512,512,697,291,322,291,323,31,32,32,7bd37693b7b43834eba108ae17278edeedeb426169269d52509f5096eca15684
2151,MR038469,2,train,1512427/brainTumorDataPublic_1533-2298/2151.mat,data/processed/samples/2151.npz,512,512,932,230,275,294,333,45,39,45,cd1e54e21984ac961a38b414f7b3e50dae80bfc8c8ae1733bf4e26a171627856
2152,MR038469,2,train,1512427/brainTumorDataPublic_1533-2298/2152.mat,data/processed/samples/2152.npz,512,512,768,274,316,183,213,42,30,42,2ed0103030c788f54da4b4799ed834ad4a990aee9524149cfe04dc2e236c5771
2153,MR032322C,2,train,1512427/brainTumorDataPublic_1533-2298/2153.mat,data/processed/samples/2153.npz,512,512,880,214,241,175,217,27,42,42,bd435b467e05eff76f6862452d2eebe4779a642fd00defbd2485c01f31de01c6
2154,MR032322C,2,train,1512427/brainTumorDataPublic_1533-2298/2154.mat,data/processed/samples/2154.npz,512,512,1141,214,247,163,217,33,54,54,c9a85edda6e604be95ded60c1eb24ea2a10152ee78698a2931dfcd633ced50ae
2155,MR032322C,2,train,1512427/brainTumorDataPublic_1533-2298/2155.mat,data/processed/samples/2155.npz,512,512,2487,326,396,149,195,70,46,70,c93ee1cb43069bd1efd2d70d35331aab0e1d527e7dada91cfeb99f5c71dbc0a7
2156,MR032322C,2,train,1512427/brainTumorDataPublic_1533-2298/2156.mat,data/processed/samples/2156.npz,512,512,6574,195,309,162,246,114,84,114,182c775337452c8767c75354dc1bd719bcca4d3fb630e800e6fc730cb669f65c
2157,MR032322C,2,train,1512427/brainTumorDataPublic_1533-2298/2157.mat,data/processed/samples/2157.npz,512,512,3295,220,304,181,236,84,55,84,a56dfd1a615a490f5f0626d23f3742ec71a69cde0554b5d6b60cfb517aa908dd
2158,MR032322C,2,train,1512427/brainTumorDataPublic_1533-2298/2158.mat,data/processed/samples/2158.npz,512,512,1117,219,251,159,211,32,52,52,b30ca895bd83adaf619eb719346ffe9ae7487ef41ca74e019bc384c35288c8cf
2159,MR032322C,2,train,1512427/brainTumorDataPublic_1533-2298/2159.mat,data/processed/samples/2159.npz,512,512,2069,223,280,152,207,57,55,57,d92af561f3538103fdbadaaab1c79c46a8dfd19cc4a5c5af22cb4f76b5dfac49
2160,MR032322C,2,train,1512427/brainTumorDataPublic_1533-2298/2160.mat,data/processed/samples/2160.npz,512,512,3156,233,303,142,197,70,55,70,06580a886b7ef896c214937f6116650770b9dd5c245afb048ef9ecd868327287
2161,MR032322C,2,train,1512427/brainTumorDataPublic_1533-2298/2161.mat,data/processed/samples/2161.npz,512,512,7736,251,369,129,212,118,83,118,225b9368d62434513942372b6658ccbb52ebb2d64ed4a6b9b1021fa28269af60
2162,MR032322C,2,train,1512427/brainTumorDataPublic_1533-2298/2162.mat,data/processed/samples/2162.npz,512,512,13024,255,437,131,227,182,96,182,021531ffdbbcc152424029dee9a8124d639f8cefcdda9c63d50bcb617ec677d6
2163,MR032322C,2,train,1512427/brainTumorDataPublic_1533-2298/2163.mat,data/processed/samples/2163.npz,512,512,14033,261,442,123,235,181,112,181,667bb9ff3c0e8a1fb539f787f8f795e076cba491c6a75446d95cc5173860e63c
2164,MR032322C,2,train,1512427/brainTumorDataPublic_1533-2298/2164.mat,data/processed/samples/2164.npz,512,512,14855,244,436,129,247,192,118,192,8c68de6142411e3d76bf631bdfba06986f795b798206ce38a571595b83d71257
2165,MR032322C,2,train,1512427/brainTumorDataPublic_1533-2298/2165.mat,data/processed/samples/2165.npz,512,512,12186,235,421,137,246,186,109,186,02fe0986b772fe5063b35d4fd92cfe360005626b96f68901f074e590a77f119c
2166,MR037458B,2,train,1512427/brainTumorDataPublic_1533-2298/2166.mat,data/processed/samples/2166.npz,512,512,2998,284,375,349,399,91,50,91,9ede7e94c17b90aa37a5438a3a6d054145e6e3f4e2b158bcf76ee0f01c658342
2167,MR037458B,2,train,1512427/brainTumorDataPublic_1533-2298/2167.mat,data/processed/samples/2167.npz,512,512,3760,301,403,291,383,102,92,102,c19b064f9ce9d144de12c1ff01308ec0bbcd1ec71c6de8755c210936b7bb223c
2168,MR037458B,2,train,1512427/brainTumorDataPublic_1533-2298/2168.mat,data/processed/samples/2168.npz,512,512,720,290,324,343,372,34,29,34,6aa63ca15636ed5c363120a7881054e8ead78ec3cd870e89b44371086e55aed1
2169,MR037458B,2,train,1512427/brainTumorDataPublic_1533-2298/2169.mat,data/processed/samples/2169.npz,512,512,1368,293,358,338,371,65,33,65,00dc3201d1c7072ead2e98838d61a44ee113181b920ce6a7b27fcffd96933b96
2170,MR037458B,2,train,1512427/brainTumorDataPublic_1533-2298/2170.mat,data/processed/samples/2170.npz,512,512,1870,289,339,320,368,50,48,50,3f09b01e046b6a45802eaa1725d4c0bddad980882efd3a449355e04f7cb82c6f
2171,MR037458B,2,train,1512427/brainTumorDataPublic_1533-2298/2171.mat,data/processed/samples/2171.npz,512,512,5231,284,363,262,356,79,94,94,a4550c43bd499483a1849abe9f59f065e366cf6057271bd800b5651b669330ba
2172,MR037458B,2,train,1512427/brainTumorDataPublic_1533-2298/2172.mat,data/processed/samples/2172.npz,512,512,4110,292,375,299,364,83,65,83,22db7c351f595b908ea96f05aac5cac1f7ee6b5ef7e23a67cd816bdc76fe19ab
2173,MR037458B,2,train,1512427/brainTumorDataPublic_1533-2298/2173.mat,data/processed/samples/2173.npz,512,512,4453,296,398,302,366,102,64,102,13cc422d167385565b09daf371554bd1df52c7330743c4bf1895db4c489ff951
2174,MR039473,2,test,1512427/brainTumorDataPublic_1533-2298/2174.mat,data/processed/samples/2174.npz,512,512,5436,244,336,212,283,92,71,92,d5f8cc4b23d0352036344770fd91a9a79fa33fa9969888d4945d62e88c44e89d
2175,MR039473,2,test,1512427/brainTumorDataPublic_1533-2298/2175.mat,data/processed/samples/2175.npz,512,512,4908,280,351,207,290,71,83,83,4e7932c00239d00c6f32cbf109f0215c09f5a99969c799a7017720b2fbe5c8d2
2176,MR039473,2,test,1512427/brainTumorDataPublic_1533-2298/2176.mat,data/processed/samples/2176.npz,512,512,5014,274,355,207,286,81,79,81,cef3ed2dbd1c7e2c6a271a58a4d86aefc02a1b211544e6c74c57c4f79e5d1100
2177,MR039473,2,test,1512427/brainTumorDataPublic_1533-2298/2177.mat,data/processed/samples/2177.npz,512,512,5281,273,348,203,289,75,86,86,9be910eefc1bf9cee984bc033c233fb8bb77e7c35b0a30311a375f58bcd895a3
2178,MR039473,2,test,1512427/brainTumorDataPublic_1533-2298/2178.mat,data/processed/samples/2178.npz,512,512,10161,273,375,198,344,102,146,146,6df49112db347af1d8fb98e6a09c8dd83e9357f5786b503522df23c11e61d19f
2179,MR039473B,2,train,1512427/brainTumorDataPublic_1533-2298/2179.mat,data/processed/samples/2179.npz,512,512,5752,295,389,201,285,94,84,94,000a54c5c2fd5a4a9756afc64522e08580852559da680efc26f004703921c35f
2180,MR039473B,2,train,1512427/brainTumorDataPublic_1533-2298/2180.mat,data/processed/samples/2180.npz,512,512,6685,296,409,195,287,113,92,113,f10b6753218057365c5d9591e786972d0f2834e6a475ef7dea01458271da898e
2181,MR039473B,2,train,1512427/brainTumorDataPublic_1533-2298/2181.mat,data/processed/samples/2181.npz,512,512,4425,295,374,197,275,79,78,79,db620c52aa1fdad347fa09ef51f68bf3cd1753f8b536c6960f693471e5f1c3a8
2182,MR039473B,2,train,1512427/brainTumorDataPublic_1533-2298/2182.mat,data/processed/samples/2182.npz,512,512,5706,285,371,192,276,86,84,86,73f1c0eaab8e8febb32d8d2b89811b92f1ef021cb919a48bbfb72524b274ba36
2183,MR039473B,2,train,1512427/brainTumorDataPublic_1533-2298/2183.mat,data/processed/samples/2183.npz,512,512,13888,272,403,174,326,131,152,152,d43da2fe8b5eda70a1bc11262ef213b2cde7bb6ba6f2109b25b5f951304f0f05
2184,MR039473B,2,train,1512427/brainTumorDataPublic_1533-2298/2184.mat,data/processed/samples/2184.npz,512,512,8534,279,412,205,293,133,88,133,de479f3e8a753c00d1d5b905ecd95488d7bce9d56d09924d84b563aebf34b079
2185,MR039473B,2,train,1512427/brainTumorDataPublic_1533-2298/2185.mat,data/processed/samples/2185.npz,512,512,2679,282,359,292,336,77,44,77,e2d396480617ac511165f0be9b615f6c3598d8cabdea154169ab1b3e11b5c0d9
2186,MR037458C,2,train,1512427/brainTumorDataPublic_1533-2298/2186.mat,data/processed/samples/2186.npz,512,512,1940,241,298,329,372,57,43,57,44b1ba718e98cd43b7e3443aae8afccd419a514b069d6daeaad24308ab806343
2187,MR037458C,2,train,1512427/brainTumorDataPublic_1533-2298/2187.mat,data/processed/samples/2187.npz,512,512,4101,234,318,306,374,84,68,84,4b960a686a605898b1bb5f73949614bda9577ceca1dd93081647c8e5d49989fc
2188,MR037458C,2,train,1512427/brainTumorDataPublic_1533-2298/2188.mat,data/processed/samples/2188.npz,512,512,6002,234,327,293,384,93,91,93,2593c78cc7b64158b76e8341872482695f98c74fe7ded00622601a9215dd731b
2189,MR037458C,2,train,1512427/brainTumorDataPublic_1533-2298/2189.mat,data/processed/samples/2189.npz,512,512,7380,236,322,278,382,86,104,104,9b134966fef917d1ecb4c98d27f890126f3a8919c49100e7b6186679e78ca6b8
2190,MR037458C,2,train,1512427/brainTumorDataPublic_1533-2298/2190.mat,data/processed/samples/2190.npz,512,512,12239,228,382,260,386,154,126,154,bd3da770e22e7f0fde26a0b87c93e50774a54e32af6ffdbd3ba4d1d5687c331b
2191,MR037458C,2,train,1512427/brainTumorDataPublic_1533-2298/2191.mat,data/processed/samples/2191.npz,512,512,9701,233,369,280,378,136,98,136,9bec6ec6e4c731efeafa62c42cbd9d65ec6b3a1dd21c65e88b1842a4bfd082d2
2192,MR037458C,2,train,1512427/brainTumorDataPublic_1533-2298/2192.mat,data/processed/samples/2192.npz,512,512,9685,243,377,272,375,134,103,134,bb4eabd62ab3d3b4d83d70df1758a2c98019f661c2ee5b82000f9cf396dff53d
2193,MR037458C,2,train,1512427/brainTumorDataPublic_1533-2298/2193.mat,data/processed/samples/2193.npz,512,512,6814,265,367,279,374,102,95,102,fd7cee553f09928e2fe44fc286f0aa00a9f92f644152260caa57844622a39d36
2194,MR037458C,2,train,1512427/brainTumorDataPublic_1533-2298/2194.mat,data/processed/samples/2194.npz,512,512,5145,265,355,285,360,90,75,90,e7447c03444aa38c1a69c47de4db0615f5e52f474f7e01b414a8ecee1f1b4ddb
2195,MR037458C,2,train,1512427/brainTumorDataPublic_1533-2298/2195.mat,data/processed/samples/2195.npz,512,512,2561,257,318,298,356,61,58,61,156bd609db935f7c0e458f1e75e4000039c23a16eb1e69985b382293491571c9
2196,MR040240,2,test,1512427/brainTumorDataPublic_1533-2298/2196.mat,data/processed/samples/2196.npz,512,512,1910,265,317,246,293,52,47,52,af2ee579280aad7d35fe0885791b27f03fe9af027388a6e9cb72d605a2e466d2
2197,MR040240,2,test,1512427/brainTumorDataPublic_1533-2298/2197.mat,data/processed/samples/2197.npz,512,512,2718,247,314,240,293,67,53,67,45873cf2e2850c134d180efe24116678b8a3359173ac681195459a04ba402730
2198,MR040240,2,test,1512427/brainTumorDataPublic_1533-2298/2198.mat,data/processed/samples/2198.npz,512,512,8030,207,319,234,348,112,114,114,c602bcab5dc21747a745fb4c2d13dbad838e4601be7df103a469fc0b743e9bf9
2199,MR040240,2,test,1512427/brainTumorDataPublic_1533-2298/2199.mat,data/processed/samples/2199.npz,512,512,7415,222,325,236,341,103,105,105,3e58bedbe4dad01614bf89b0e738c8e941d767baaaf3f9958648b1ccfe1989a2
2200,MR040240,2,test,1512427/brainTumorDataPublic_1533-2298/2200.mat,data/processed/samples/2200.npz,512,512,6553,223,313,233,338,90,105,105,b9a2674afb2a8431506c7cd7f6d63846d65ffbc6fada69cef3afadf70329c411
2201,MR040240,2,test,1512427/brainTumorDataPublic_1533-2298/2201.mat,data/processed/samples/2201.npz,512,512,5506,232,319,232,327,87,95,95,1ebff606540ecbe0f3a4f44780c7ea876bf9f0d0eb2d83b1952137114efd5f0b
2202,MR040240,2,test,1512427/brainTumorDataPublic_1533-2298/2202.mat,data/processed/samples/2202.npz,512,512,8768,185,305,221,327,120,106,120,aac76cc1545a9b6793bb5832fddab6201a1b26047679ad826b212c3a7bfc3435
2203,MR040240,2,test,1512427/brainTumorDataPublic_1533-2298/2203.mat,data/processed/samples/2203.npz,512,512,6703,187,301,220,317,114,97,114,ce187a3d8954a5349bf5c6e483349ffbead95200dae55e911381fd2b92936a9a
2204,MR040240,2,test,1512427/brainTumorDataPublic_1533-2298/2204.mat,data/processed/samples/2204.npz,512,512,4210,207,291,242,311,84,69,84,f98f5038fcf321569460bb5925a1f680aba38da0ba3e9b80d67d7b96626e5e33
2205,MR040240,2,test,1512427/brainTumorDataPublic_1533-2298/2205.mat,data/processed/samples/2205.npz,512,512,2287,208,280,265,304,72,39,72,b9319965087793199156eb85175e0d340a3837151d8d76113aa0dcafe43d1399
2206,MR040240B,2,test,1512427/brainTumorDataPublic_1533-2298/2206.mat,data/processed/samples/2206.npz,512,512,1149,214,254,285,322,40,37,40,0ce80d4011637696452f4fce56a3ac9d017704330894ba3913a7b20c2d26d6e1
2207,MR040240B,2,test,1512427/brainTumorDataPublic_1533-2298/2207.mat,data/processed/samples/2207.npz,512,512,1716,205,264,284,322,59,38,59,1d919fac54307ce79623089697fcb3d7d799b1fcb46be17bb21879c82709e8c7
2208,MR040240B,2,test,1512427/brainTumorDataPublic_1533-2298/2208.mat,data/processed/samples/2208.npz,512,512,8015,209,314,218,341,105,123,123,659caa6a9ef4f5ce66c6eabe99258608693f3b0d433eaa121e70bcea8f9e4c45
2209,MR040240B,2,test,1512427/brainTumorDataPublic_1533-2298/2209.mat,data/processed/samples/2209.npz,512,512,6027,221,313,249,340,92,91,92,11dae8038d4552638d9309e4812f24e5110bcc5774d07334e35209755678cedf
2210,MR040240B,2,test,1512427/brainTumorDataPublic_1533-2298/2210.mat,data/processed/samples/2210.npz,512,512,9674,195,326,229,342,131,113,131,872b37d26ed88694e40d5ead203726d769078a863259f23a7087f5086f558c7c
2211,MR040240B,2,test,1512427/brainTumorDataPublic_1533-2298/2211.mat,data/processed/samples/2211.npz,512,512,7088,194,301,223,338,107,115,115,d17966455ad3f3775728f2cf9bd826578fa43d7ae34d8368db7d7ba3a6ee8be1
2212,MR040240B,2,test,1512427/brainTumorDataPublic_1533-2298/2212.mat,data/processed/samples/2212.npz,512,512,6646,190,297,220,322,107,102,107,b76117dc69dba00e071b56586f12d0e47927e38fe1eb3c08a6a0d85ff175fb28
2213,MR040240B,2,test,1512427/brainTumorDataPublic_1533-2298/2213.mat,data/processed/samples/2213.npz,512,512,6285,196,308,228,313,112,85,112,abe360ddf28061e43b893cd90ad56d77581c4d32e257516813644296066bcd71
2214,MR040240B,2,test,1512427/brainTumorDataPublic_1533-2298/2214.mat,data/processed/samples/2214.npz,512,512,3461,211,297,249,312,86,63,86,46b64ba19e6c93fc36a30fbae9c90a51375443a8ad4240d041c8fd2980d87207
2215,MR040240B,2,test,1512427/brainTumorDataPublic_1533-2298/2215.mat,data/processed/samples/2215.npz,512,512,1555,209,267,267,300,58,33,58,4a3162865cb16063bcca7f2557406ae75900f3c6d3c8d56dd2f0553b009b8611
2216,MR029209G,2,train,1512427/brainTumorDataPublic_1533-2298/2216.mat,data/processed/samples/2216.npz,512,512,4349,263,352,167,239,89,72,89,21526319801796edad4efc75da120d63b40b06bccee0ae3322046ce194b1396c
2217,MR029209G,2,train,1512427/brainTumorDataPublic_1533-2298/2217.mat,data/processed/samples/2217.npz,512,512,5720,264,364,160,248,100,88,100,561fc61b838ee4d54e98c827c1498e2e145c2139b945b21274b45e0c2f195c54
2218,MR029209G,2,train,1512427/brainTumorDataPublic_1533-2298/2218.mat,data/processed/samples/2218.npz,512,512,4051,274,358,168,246,84,78,84,21b86f47491a9c32433b2ae3e66ae0c4e538d072aa6855a743ba0326e551cc20
2219,MR029209G,2,train,1512427/brainTumorDataPublic_1533-2298/2219.mat,data/processed/samples/2219.npz,512,512,9756,281,399,126,258,118,132,132,67255f8e2a441d41e77b8fc53a60cac05616046ec94888b3b3316e50927bc4a9
2220,MR029209G,2,train,1512427/brainTumorDataPublic_1533-2298/2220.mat,data/processed/samples/2220.npz,512,512,10078,274,404,133,253,130,120,130,223a2b3ae7a75d5e1a37951c6ffc8edfbd2cfed7bc2758cd21bc6c3c546ad220
2221,MR029209G,2,train,1512427/brainTumorDataPublic_1533-2298/2221.mat,data/processed/samples/2221.npz,512,512,6582,267,403,133,215,136,82,136,a1242ba374ae4d8d4eddf7d2ec23a9c6fe4cb1c038c64a6f329dd9594fb51e1d
2222,MR029209G,2,train,1512427/brainTumorDataPublic_1533-2298/2222.mat,data/processed/samples/2222.npz,512,512,6278,281,377,141,234,96,93,96,bcd829626165eb1e9bef6ac50157ebb509ead4df79469eaa6c4032ca906f5f6e
2223,MR029209G,2,train,1512427/brainTumorDataPublic_1533-2298/2223.mat,data/processed/samples/2223.npz,512,512,7736,260,378,155,244,118,89,118,43646f402f5d1f87dcee48763c511670c325cf3184ba94927bbfa332e062a090
2224,MR036496B,2,train,1512427/brainTumorDataPublic_1533-2298/2224.mat,data/processed/samples/2224.npz,512,512,2342,237,289,319,373,52,54,54,f0128152361ae08dd3594df6ed25844aa21a27f6642fac81b87cb8f13531a035
2225,MR036496B,2,train,1512427/brainTumorDataPublic_1533-2298/2225.mat,data/processed/samples/2225.npz,512,512,6971,202,302,292,379,100,87,100,10f1131f7c17014528486ba2b6f9feff3f0c4cbceaaa1fcdd8e016ceca0bdf66
2226,MR036496B,2,train,1512427/brainTumorDataPublic_1533-2298/2226.mat,data/processed/samples/2226.npz,512,512,5834,211,302,298,378,91,80,91,ef31d6c00809d75c3bcf1f77c437038315e7c3884f672a57aa0e348724cc12f8
2227,MR036496B,2,train,1512427/brainTumorDataPublic_1533-2298/2227.mat,data/processed/samples/2227.npz,512,512,4593,216,297,291,374,81,83,83,241ba37c76bc3883d6a3863ad051d30f434d3f73ac69684a210c4e3c1554b6b8
2228,MR036496B,2,train,1512427/brainTumorDataPublic_1533-2298/2228.mat,data/processed/samples/2228.npz,512,512,2933,225,300,299,358,75,59,75,952b76cd0b7611e171d06f0df4a77e86ac5de5f971085685876c5608d284b432
2229,MR036496B,2,train,1512427/brainTumorDataPublic_1533-2298/2229.mat,data/processed/samples/2229.npz,512,512,1138,235,303,314,335,68,21,68,c1ea212f832e60f4ecc37b97e17d4002d7fa5e278f4b242cd950581e1aa73151
2230,MR033420,2,train,1512427/brainTumorDataPublic_1533-2298/2230.mat,data/processed/samples/2230.npz,512,512,11935,239,378,200,305,139,105,139,d049aba6b0883e511959a1896fdf1af813a8036862577ab922e5f19584754b2c
2231,MR033420,2,train,1512427/brainTumorDataPublic_1533-2298/2231.mat,data/processed/samples/2231.npz,512,512,6603,107,229,209,280,122,71,122,1f28e43b4fc5dc027163f8971ad31f41084f3d2bbfc141957eae3977cd5d77b1
2232,MR033420,2,train,1512427/brainTumorDataPublic_1533-2298/2232.mat,data/processed/samples/2232.npz,512,512,7653,103,232,206,282,129,76,129,7d0ed834ec707ffcdb543ada8a31cdc97e53c2fd0e355f528a0a31ba64bef453
2233,MR033420,2,train,1512427/brainTumorDataPublic_1533-2298/2233.mat,data/processed/samples/2233.npz,512,512,4674,166,254,207,303,88,96,96,35db1758fde330d3a512c67853ddfa095d1da4dd0f9df7b281a0f01a9adefd7a
2234,MR033420,2,train,1512427/brainTumorDataPublic_1533-2298/2234.mat,data/processed/samples/2234.npz,512,512,4451,184,256,215,305,72,90,90,b4b27990921faa198db3745183fb298d3dd2671ba7d9552fe134b8fea3ae068e
2235,MR033420,2,train,1512427/brainTumorDataPublic_1533-2298/2235.mat,data/processed/samples/2235.npz,512,512,7523,195,331,202,316,136,114,136,541bbcef6c04c3077f1964885849d4ea22b0c964ea1ee8e85d61c74833e3a97d
2236,MR033420,2,train,1512427/brainTumorDataPublic_1533-2298/2236.mat,data/processed/samples/2236.npz,512,512,6616,204,328,210,309,124,99,124,c3dfc819f9de210d414f3b9b25e2a18fae5ae0fde1592feda7152bb6df04ec90
2237,MR024780B,2,test,1512427/brainTumorDataPublic_1533-2298/2237.mat,data/processed/samples/2237.npz,512,512,1584,317,360,327,374,43,47,47,2a2be8ecf9efefb4058ce0e2e50169a1e83d9c9a8b13646085df3e041273af85
2238,MR024780B,2,test,1512427/brainTumorDataPublic_1533-2298/2238.mat,data/processed/samples/2238.npz,512,512,5280,282,373,311,386,91,75,91,48add200d37ac54ec11adb8951c19e75d08f7aad3a8a673e28dcaefab5d3c719
2239,MR024780B,2,test,1512427/brainTumorDataPublic_1533-2298/2239.mat,data/processed/samples/2239.npz,512,512,5766,289,380,304,386,91,82,91,8c9cc661736b429c45de7053badd0df642b158e8670e8b20b9defc71a7ae869e
2240,MR024780B,2,test,1512427/brainTumorDataPublic_1533-2298/2240.mat,data/processed/samples/2240.npz,512,512,2959,301,376,319,373,75,54,75,5941026cb4bb5f6e63b8488b5e405abd708306b6ad678f48722ed2525dd9d95b
2241,MR033389B,2,train,1512427/brainTumorDataPublic_1533-2298/2241.mat,data/processed/samples/2241.npz,512,512,7945,197,309,151,238,112,87,112,cc02d42eaee855ada5b9f81c48c5e8af868dd9abe1fe9887ade472ad3dbfe80c
2242,MR048994,2,train,1512427/brainTumorDataPublic_1533-2298/2242.mat,data/processed/samples/2242.npz,512,512,8204,109,228,246,350,119,104,119,8c29dfa4b7bf4c333c962d24830192380941bfc40cdb17cd247dbe6f755dea36
2243,MR048994,2,train,1512427/brainTumorDataPublic_1533-2298/2243.mat,data/processed/samples/2243.npz,512,512,5355,115,210,258,331,95,73,95,b6b93da27504be4d77cda3464eb7bf859591049bf51b4c9ca60b9b6f15cbcceb
2244,MR049104,2,val,1512427/brainTumorDataPublic_1533-2298/2244.mat,data/processed/samples/2244.npz,512,512,1235,267,307,244,285,40,41,41,45a2f37369f203313a8b7d833e8f7e9bdf97d3d5512f1a5359b9ac132d1d98e6
2245,MR049104,2,val,1512427/brainTumorDataPublic_1533-2298/2245.mat,data/processed/samples/2245.npz,512,512,1684,256,314,243,285,58,42,58,3a74b0835105184c5f7598c3d7689e31c720c88c28e518a5449ff822753df38d
2246,MR049104,2,val,1512427/brainTumorDataPublic_1533-2298/2246.mat,data/processed/samples/2246.npz,512,512,1781,254,309,246,291,55,45,55,5a86494c2adee9c6e6b1fca6a8b641795da0eeef996286b15b1dc89d378f0151
2247,MR049142,2,val,1512427/brainTumorDataPublic_1533-2298/2247.mat,data/processed/samples/2247.npz,512,512,2835,64,133,263,318,69,55,69,7c64b5ec339bbdc3dc426e0144485bd9cc46c4874d39840a30718268cb0bebfc
2248,MR049142,2,val,1512427/brainTumorDataPublic_1533-2298/2248.mat,data/processed/samples/2248.npz,512,512,3501,65,137,259,324,72,65,72,7e5d39c987b9a989827e7556ed34a96f431578716f123057810129531bfca6e6
2249,MR049142,2,val,1512427/brainTumorDataPublic_1533-2298/2249.mat,data/processed/samples/2249.npz,512,512,3331,66,133,256,321,67,65,67,ccc9ad8c0de18a9ffddf43dbac942ba8d647aabf07a356781ac11344f427dd09
2250,MR048994B,2,train,1512427/brainTumorDataPublic_1533-2298/2250.mat,data/processed/samples/2250.npz,512,512,4595,123,215,245,332,92,87,92,26b7bbed0c61d63346a3cae9e8506c92e088229090028bf97d037b9dee04ad8f
2251,MR048994B,2,train,1512427/brainTumorDataPublic_1533-2298/2251.mat,data/processed/samples/2251.npz,512,512,5583,113,245,245,321,132,76,132,a18900937f9c62dcec59a5cd08b77bb5c69ccdefb9fd6b8cb53cccda0a1e01a5
2252,MR048994B,2,train,1512427/brainTumorDataPublic_1533-2298/2252.mat,data/processed/samples/2252.npz,512,512,5719,108,192,247,345,84,98,98,dd68f7430834598e74e2b2a5ab7967a8186684baa3e4e537e51ec7a668e839da
2253,MR048994B,2,train,1512427/brainTumorDataPublic_1533-2298/2253.mat,data/processed/samples/2253.npz,512,512,2497,111,191,282,330,80,48,80,fdbd632a75e868acca5bf4315a7b1dc6b4adfe2be42ad890277bd3c5d0946b32
2254,MR048944B,2,train,1512427/brainTumorDataPublic_1533-2298/2254.mat,data/processed/samples/2254.npz,512,512,6622,117,222,203,303,105,100,105,539e99f2e9d982ad13d5b765d7416a80202fce49366740364495d7d263efb81a
2255,MR048944B,2,train,1512427/brainTumorDataPublic_1533-2298/2255.mat,data/processed/samples/2255.npz,512,512,8534,112,222,176,312,110,136,136,c357be133ef2dded917819a14a273958df6cc80f2edc4cfaf6ba436bc52604c7
2256,MR048944B,2,train,1512427/brainTumorDataPublic_1533-2298/2256.mat,data/processed/samples/2256.npz,512,512,8496,119,246,210,315,127,105,127,49617f57c345a34e258f52848edf4e7a6bce5dc1601541b76e504a6de6ef0463
2257,MR048944B,2,train,1512427/brainTumorDataPublic_1533-2298/2257.mat,data/processed/samples/2257.npz,512,512,4980,122,217,211,285,95,74,95,3d3b48e00dcce0bb042012a4a3ff7641515358ee2258ac415f79ba5aad400b7e
2258,MR048944B,2,train,1512427/brainTumorDataPublic_1533-2298/2258.mat,data/processed/samples/2258.npz,512,512,5458,125,219,210,286,94,76,94,394afc248f70036d827f1c09ed5c968ec993b4fdaed9a75006e7847bd7a8edc1
2259,MR048944B,2,train,1512427/brainTumorDataPublic_1533-2298/2259.mat,data/processed/samples/2259.npz,512,512,4149,128,197,208,287,69,79,79,28201610c8e211128f9c3bb29489a800d8bf71e891400cadd7f7d61c883f7fe8
2260,MR048944B,2,train,1512427/brainTumorDataPublic_1533-2298/2260.mat,data/processed/samples/2260.npz,512,512,1394,142,186,219,266,44,47,47,bd27ded6bd45206ad8de4a1c961254936c87246268ef213730c394064551ff56
2261,MR049358,2,test,1512427/brainTumorDataPublic_1533-2298/2261.mat,data/processed/samples/2261.npz,512,512,3050,180,244,146,217,64,71,71,b2aac8fdbd291a50f6b015006e57b1a1e6ba713948b3a31566841f141daf7170
2262,MR049358,2,test,1512427/brainTumorDataPublic_1533-2298/2262.mat,data/processed/samples/2262.npz,512,512,4679,167,258,141,218,91,77,91,af8e6b1eef3d9226e03a1fd23934ed43f0ba754fcce9b37750068077ea745d13
2263,MR049358,2,test,1512427/brainTumorDataPublic_1533-2298/2263.mat,data/processed/samples/2263.npz,512,512,6210,166,264,139,223,98,84,98,f264090cb98fbbd03e95c59fdee079f27f6bcfd14c3dc7a2bada35713dbfce09
2264,MR049358,2,test,1512427/brainTumorDataPublic_1533-2298/2264.mat,data/processed/samples/2264.npz,512,512,7793,163,273,137,234,110,97,110,797a13c2c3578911283710c17a33b59db6414637dca4b74aab7372544d0317f8
2265,MR049358,2,test,1512427/brainTumorDataPublic_1533-2298/2265.mat,data/processed/samples/2265.npz,512,512,8644,166,295,137,229,129,92,129,d53e1f72f67b92b624404d1f1d541b8ea97b3892b74142ce173e08e8627d39d4
2266,MR049358,2,test,1512427/brainTumorDataPublic_1533-2298/2266.mat,data/processed/samples/2266.npz,512,512,8100,170,302,143,223,132,80,132,b2e0c1fdb4be7b34df4d682f201c415ff341932472e8312b4d6ddc8d26cef479
2267,MR049358,2,test,1512427/brainTumorDataPublic_1533-2298/2267.mat,data/processed/samples/2267.npz,512,512,6372,173,293,147,220,120,73,120,e88fc62917e8607381abc61f7f740db5dca89a8f2b3bdc4bcc4d96208e5e3848
2268,MR049358,2,test,1512427/brainTumorDataPublic_1533-2298/2268.mat,data/processed/samples/2268.npz,512,512,4983,176,283,153,227,107,74,107,5d5a490de9946d939bc33552d79706ed95cf09f9705aa162ce38dd6546658063
2269,MR049358,2,test,1512427/brainTumorDataPublic_1533-2298/2269.mat,data/processed/samples/2269.npz,512,512,1689,222,286,177,219,64,42,64,96cda24425e1c74b31c219d55927d4ea17a29f0e795a51af8970b79f1648f13c
2270,MR049453,2,train,1512427/brainTumorDataPublic_1533-2298/2270.mat,data/processed/samples/2270.npz,512,512,1118,151,187,300,340,36,40,40,cad7f476629fdb8afb91643076400f1fe4bc45134514412236940473e973980d
2271,MR049453,2,train,1512427/brainTumorDataPublic_1533-2298/2271.mat,data/processed/samples/2271.npz,512,512,7315,139,215,266,394,76,128,128,895ef252601cebe4a1010c891a6680203bd3fbe45821824d18eccc4a9dd950fe
2272,MR049453,2,train,1512427/brainTumorDataPublic_1533-2298/2272.mat,data/processed/samples/2272.npz,512,512,3898,138,206,260,339,68,79,79,8afbeaf02d6a0c27b96a9e7053ae583531979cdd616032571c6b9318d2dcff6e
2273,MR049453,2,train,1512427/brainTumorDataPublic_1533-2298/2273.mat,data/processed/samples/2273.npz,512,512,8908,138,241,257,370,103,113,113,b0639417136a6b4b8f3718e42cc21dcf2ddcb12594772caba7109bc5abf9bd31
2274,MR049453,2,train,1512427/brainTumorDataPublic_1533-2298/2274.mat,data/processed/samples/2274.npz,512,512,8480,147,245,261,372,98,111,111,d49aeea1664a48956069ced2ad9016896541e495e90b2281d731af861fe1df26
2275,MR049453,2,train,1512427/brainTumorDataPublic_1533-2298/2275.mat,data/processed/samples/2275.npz,512,512,6255,152,239,260,354,87,94,94,ec7c76f52499c571a2e6e499d59c19670f3644b68fb9e75bd1217d8893784db4
2276,MR049453,2,train,1512427/brainTumorDataPublic_1533-2298/2276.mat,data/processed/samples/2276.npz,512,512,2610,167,222,265,329,55,64,64,03a8748bd92d07e44b2a06f115757a2a0d288c4220a169d306935234d4ce7dc9
2277,MR049453,2,train,1512427/brainTumorDataPublic_1533-2298/2277.mat,data/processed/samples/2277.npz,512,512,2706,165,223,285,344,58,59,59,2d0ae4e62909e7ef8bb4bd0f65d2c18613cdd10b42b28f8908dcdf3d42f18ae6
2278,MR049453,2,train,1512427/brainTumorDataPublic_1533-2298/2278.mat,data/processed/samples/2278.npz,512,512,1051,180,223,292,324,43,32,43,82353299ff5f06dc79b7a78dcf0e098b2ae370a39a3e0d58bed7e7f6eb441c52
2279,MR024780G,2,train,1512427/brainTumorDataPublic_1533-2298/2279.mat,data/processed/samples/2279.npz,512,512,4012,189,277,305,376,88,71,88,29ca67d595f652f8e90b17837cad9d3eda94e141c8797591113ca7d94793bfdb
2280,MR024780G,2,train,1512427/brainTumorDataPublic_1533-2298/2280.mat,data/processed/samples/2280.npz,512,512,4434,188,277,307,384,89,77,89,86859c846ff64d0d66bf6a600e44da4dc1a6ee0c9546388923f20c78ed620552
2281,MR024780G,2,train,1512427/brainTumorDataPublic_1533-2298/2281.mat,data/processed/samples/2281.npz,512,512,4034,183,285,315,390,102,75,102,c925bbf67060b2de1f3c3b87e09102923b85b552172234670ded8d99933183a0
2282,MR024780G,2,train,1512427/brainTumorDataPublic_1533-2298/2282.mat,data/processed/samples/2282.npz,512,512,4472,198,288,301,392,90,91,91,408efb7a756147b58c4f8ea920ba9b37f156974db3c337cf20bec16fb80ac974
2283,MR024780G,2,train,1512427/brainTumorDataPublic_1533-2298/2283.mat,data/processed/samples/2283.npz,512,512,5462,194,283,303,397,89,94,94,c03cf4bfe3edb1b058e0fcb8bafa54a46b08d630e1abaae090c28a0e021483e8
2284,MR024780G,2,train,1512427/brainTumorDataPublic_1533-2298/2284.mat,data/processed/samples/2284.npz,512,512,2782,190,252,341,400,62,59,62,47c47e1ff4f86615a0ff86aaa38d03e7dcd00428a58048577f0dd2d6e1bb4f55
2285,MR024780G,2,train,1512427/brainTumorDataPublic_1533-2298/2285.mat,data/processed/samples/2285.npz,512,512,6228,186,271,301,401,85,100,100,8ff99c3eae6255cb07b587b7f83b407368043d67d94ebb6d7272fe5178743668
2286,MR049453B,2,val,1512427/brainTumorDataPublic_1533-2298/2286.mat,data/processed/samples/2286.npz,512,512,968,222,253,294,335,31,41,41,7ed2aba73177573a206ffcb79087604328cf76179648d30443c246c0cd678ec6
2287,MR049453B,2,val,1512427/brainTumorDataPublic_1533-2298/2287.mat,data/processed/samples/2287.npz,512,512,950,207,246,299,332,39,33,39,11afbd46e2a780d23a4de7a225395fd8e2f6d45150a75ffcd36bc9b6718340d1
2288,MR049453B,2,val,1512427/brainTumorDataPublic_1533-2298/2288.mat,data/processed/samples/2288.npz,512,512,13178,119,292,251,383,173,132,173,52cbd96614a611b53b92b3ed6e541c409b2429ca8806d0c4907c08ccc99513b5
2289,MR049453B,2,val,1512427/brainTumorDataPublic_1533-2298/2289.mat,data/processed/samples/2289.npz,512,512,9330,137,236,255,382,99,127,127,661c61997f405207d3542cb8a2f5851df16d7a83b40769ab60d30565695835ee
2290,MR049453B,2,val,1512427/brainTumorDataPublic_1533-2298/2290.mat,data/processed/samples/2290.npz,512,512,9562,153,268,272,384,115,112,115,96cf9dccb6d4461124782b71eef46ff546c9aba4f05693cf05df3bd8ec15e460
2291,MR049453B,2,val,1512427/brainTumorDataPublic_1533-2298/2291.mat,data/processed/samples/2291.npz,512,512,5185,158,253,295,369,95,74,95,4b50b9a8ad5fdb07b8bd2f6456c46e08a52e0365dfba4214ed76dc49c27cfe75
2292,MR049453B,2,val,1512427/brainTumorDataPublic_1533-2298/2292.mat,data/processed/samples/2292.npz,512,512,2492,193,283,315,353,90,38,90,d8a32177c08a1c1bfcfb4531b1e254f2539dcdb014b8f695b18fb005c95f2e1b
2293,MR049453B,2,val,1512427/brainTumorDataPublic_1533-2298/2293.mat,data/processed/samples/2293.npz,512,512,4649,193,287,284,356,94,72,94,fafdb3896da890275ec3e693b2e8c4d9a38a39ec16e52ffe6e91fe3194f5feea
2294,MR049453B,2,val,1512427/brainTumorDataPublic_1533-2298/2294.mat,data/processed/samples/2294.npz,512,512,1383,204,251,308,348,47,40,47,c21d22fb41807e07d5bb03c40195a43c9a1e03da1cb4cffb1939f67ba76a3741
2295,MR049453B,2,val,1512427/brainTumorDataPublic_1533-2298/2295.mat,data/processed/samples/2295.npz,512,512,3992,154,246,294,360,92,66,92,f85d3291ada927999a4a857dbe68c7b3e1489a59caa939907bab94c6b24a7c7e
2296,MR049453B,2,val,1512427/brainTumorDataPublic_1533-2298/2296.mat,data/processed/samples/2296.npz,512,512,6366,141,280,293,370,139,77,139,5bf64d813783a4e84e5f0feeffe46910d38c9e8dc44b3609a46d73fc73f6bd68
2297,MR049453B,2,val,1512427/brainTumorDataPublic_1533-2298/2297.mat,data/processed/samples/2297.npz,512,512,11514,129,282,262,372,153,110,153,b7f348d91619392cd4d30ab1703d28aff8ca4e76d85ad445ea713926ff2e54a9
2298,MR049453B,2,val,1512427/brainTumorDataPublic_1533-2298/2298.mat,data/processed/samples/2298.npz,512,512,12082,127,285,259,366,158,107,158,c7770264c2fbadfd418b964d3f05ef20343c0ed490545ececed5cbb4987e70a8
2299,MR049453B,2,val,1512427/brainTumorDataPublic_2299-3064/2299.mat,data/processed/samples/2299.npz,512,512,12915,127,287,254,381,160,127,160,22d72be6c5b20809420ba2e956501165891a3a7bdff787ae59b409cbabad69eb
2300,MR050135B,2,train,1512427/brainTumorDataPublic_2299-3064/2300.mat,data/processed/samples/2300.npz,512,512,1083,165,208,203,235,43,32,43,75e23716447e8602b3debd89513d22818df500d822c9037ac670373e81fae8a1
2301,MR050135B,2,train,1512427/brainTumorDataPublic_2299-3064/2301.mat,data/processed/samples/2301.npz,512,512,4775,122,199,161,251,77,90,90,b034218223f49e94905826f4efa53b2ac1b42fe7eb5c177d5a8cbc508b63604d
2302,MR050135B,2,train,1512427/brainTumorDataPublic_2299-3064/2302.mat,data/processed/samples/2302.npz,512,512,1601,242,287,230,277,45,47,47,f7d662bf50d9c5cd0b94d29a2ea9f700d354d848dd71a9b66c735eb6a3b09d77
2303,MR050135B,2,train,1512427/brainTumorDataPublic_2299-3064/2303.mat,data/processed/samples/2303.npz,512,512,4958,113,210,168,245,97,77,97,19a87e9eacb62021508f660b710673f009c940dc79f4c94beed1d6ac7b5efea9
2304,MR050135B,2,train,1512427/brainTumorDataPublic_2299-3064/2304.mat,data/processed/samples/2304.npz,512,512,6016,114,197,147,245,83,98,98,7742153f94733da10081a57c3df8b6718b58aecce1ab3fd0f9a6a60140ffadf2
2305,MR050135B,2,train,1512427/brainTumorDataPublic_2299-3064/2305.mat,data/processed/samples/2305.npz,512,512,6729,98,190,147,247,92,100,100,2f40f41b8c8741da430378aa1b236c3c8dd09871fb0751955e580d0075d5132d
2306,MR050135B,2,train,1512427/brainTumorDataPublic_2299-3064/2306.mat,data/processed/samples/2306.npz,512,512,5650,93,180,147,240,87,93,93,1d0bd4f85755967c5cc9d5269577618abaa791a7300f76b28a7c8f793edf0ff3
2307,MR050135B,2,train,1512427/brainTumorDataPublic_2299-3064/2307.mat,data/processed/samples/2307.npz,512,512,1918,217,264,213,268,47,55,55,391942b8fab444357c09416906de879bc34baddec5657a46e500f108d27bffbb
2308,MR050135B,2,train,1512427/brainTumorDataPublic_2299-3064/2308.mat,data/processed/samples/2308.npz,512,512,3448,225,294,214,283,69,69,69,67af57e56ac2bdbdafc1a530fd553222ef7143951ccebbfee2bb1921ef66f52c
2309,MR050135B,2,train,1512427/brainTumorDataPublic_2299-3064/2309.mat,data/processed/samples/2309.npz,512,512,3403,230,308,221,281,78,60,78,50d95d523fff5945a3813e90f51fbed8fac8d5f53e988b30af18d8c5319995fb
2310,MR050135B,2,train,1512427/brainTumorDataPublic_2299-3064/2310.mat,data/processed/samples/2310.npz,512,512,3365,230,305,216,276,75,60,75,32057a13ab2e598bdf9a34f9aa376de2f07731720a7ece5ac73c9d9d7485fcd5
2311,MR050687,2,train,1512427/brainTumorDataPublic_2299-3064/2311.mat,data/processed/samples/2311.npz,512,512,4815,250,331,162,239,81,77,81,54fa11aa9e5c0cf4d91c2489d2b73edbaaa3ec46f199355d75784cbcbf7904ff
2312,MR050687,2,train,1512427/brainTumorDataPublic_2299-3064/2312.mat,data/processed/samples/2312.npz,512,512,7027,243,338,158,253,95,95,95,aafd843966656535541e60c1cd052187897d1e98c2016532fbcceab680ab91d5
2313,MR050687,2,train,1512427/brainTumorDataPublic_2299-3064/2313.mat,data/processed/samples/2313.npz,512,512,7092,240,338,155,249,98,94,98,571d445a14a935151b8c0087ff37c1d2f4a7574851f9d33cbf3236722a5b9524
2314,MR050687,2,train,1512427/brainTumorDataPublic_2299-3064/2314.mat,data/processed/samples/2314.npz,512,512,6257,244,329,153,248,85,95,95,02e92af27411d231770ca15dac130b86fad9bb4c6fa9fa4cd9f0510718ddf542
2315,MR050687,2,train,1512427/brainTumorDataPublic_2299-3064/2315.mat,data/processed/samples/2315.npz,512,512,5590,245,325,154,245,80,91,91,51223434062abc1bc27a60ef39eeff4aa993493f326b6ea9a81267dc0f93c80c
2316,MR050687,2,train,1512427/brainTumorDataPublic_2299-3064/2316.mat,data/processed/samples/2316.npz,512,512,5177,250,325,162,249,75,87,87,6dfaf4aec8fd9e8127685603156939b725f9fa082baf95374f74aba243de0f29
2317,MR050791B,2,train,1512427/brainTumorDataPublic_2299-3064/2317.mat,data/processed/samples/2317.npz,512,512,6985,226,341,227,318,115,91,115,f7263b034553f32b365b44204b4ff6f6a1bce82934f96ee459a1884f35189e5a
2318,MR050791B,2,train,1512427/brainTumorDataPublic_2299-3064/2318.mat,data/processed/samples/2318.npz,512,512,11735,220,325,204,377,105,173,173,cf9db2b2d3d957e8a5e7f0a247953a77b63e8c4c55dc5595799ddd8da2cdcc78
2319,MR050791B,2,train,1512427/brainTumorDataPublic_2299-3064/2319.mat,data/processed/samples/2319.npz,512,512,8407,215,325,245,355,110,110,110,6c3eb76c995e8cdbe44d5e4840b1260ea0878e1762f7cd93eb5182ce03da6465
2320,MR050791B,2,train,1512427/brainTumorDataPublic_2299-3064/2320.mat,data/processed/samples/2320.npz,512,512,5450,223,319,257,349,96,92,96,fcbb158da8d069dbd2bb0ecc4d245bd60108690af195f99129e5c771e506875c
2321,MR049019C,2,train,1512427/brainTumorDataPublic_2299-3064/2321.mat,data/processed/samples/2321.npz,512,512,1235,79,119,189,229,40,40,40,2041eda570ac3900a1817a097e84aef47e4cc65792a03668d4b81e20c3b06f26
2322,MR049019C,2,train,1512427/brainTumorDataPublic_2299-3064/2322.mat,data/processed/samples/2322.npz,512,512,1656,74,119,186,235,45,49,49,0e4fb87f7e21dc5ac3b318467dbc3247bf0612bbaccaa24a5682160b1d62c658
2323,MR049019C,2,train,1512427/brainTumorDataPublic_2299-3064/2323.mat,data/processed/samples/2323.npz,512,512,1866,74,123,193,240,49,47,49,a4d0d0d324a3e2b3fd827617314809c5b6e9dc4b2048ba0b4c73f0df64b83f15
2324,MR049019C,2,train,1512427/brainTumorDataPublic_2299-3064/2324.mat,data/processed/samples/2324.npz,512,512,1922,77,134,200,241,57,41,57,643c8e2c1730cfb346dc7729c5bda114b6a17414d5360d8ae4157ef170a1a1c9
2325,MR049019C,2,train,1512427/brainTumorDataPublic_2299-3064/2325.mat,data/processed/samples/2325.npz,512,512,1755,80,132,197,239,52,42,52,4df91f62f4a6e24cbcff7c14006b225de4b046eae3bf8f1dbdd9916ef7fbe7e5
2326,MR026175C,2,train,1512427/brainTumorDataPublic_2299-3064/2326.mat,data/processed/samples/2326.npz,512,512,2634,204,260,288,348,56,60,60,f33dfadb399082bc56f52aa3caaaeb49b18907fffb0e8a7b5c218689708754e6
2327,MR026175C,2,train,1512427/brainTumorDataPublic_2299-3064/2327.mat,data/processed/samples/2327.npz,512,512,4331,192,267,289,365,75,76,76,38defdd2a77d6bd8a40ffb8ef98eeac24b5d1feca75d8b94bb2635e16d3244da
2328,MR026175C,2,train,1512427/brainTumorDataPublic_2299-3064/2328.mat,data/processed/samples/2328.npz,512,512,6452,182,296,252,362,114,110,114,f8ad4b273b9f309706bee05e40d0ea145f10f86f56f2c0da055e1b9e464350d6
2329,MR026175C,2,train,1512427/brainTumorDataPublic_2299-3064/2329.mat,data/processed/samples/2329.npz,512,512,6611,183,286,253,371,103,118,118,0d1267912081eebf4d5a61dd04548e13024cd9556ae3bf6650aee81dab039dd3
2330,MR026175C,2,train,1512427/brainTumorDataPublic_2299-3064/2330.mat,data/processed/samples/2330.npz,512,512,7041,157,283,266,378,126,112,126,61029ac51f370eb5de0a6f24b6ad8f80eb95983bceb0a02ee6c5bc4961a140bf
2331,MR026175C,2,train,1512427/brainTumorDataPublic_2299-3064/2331.mat,data/processed/samples/2331.npz,512,512,8021,177,293,267,383,116,116,116,744bafdab5b20557a43a178f9670b4645b603d9c10d4c2f2ebd8a0a92470a1e9
2332,MR026175C,2,train,1512427/brainTumorDataPublic_2299-3064/2332.mat,data/processed/samples/2332.npz,512,512,6167,203,286,270,388,83,118,118,0c1fb816c50fc8aff721570f770d565162509d5f5548e4d9532e3c3133b3b8ea
2333,MR051461,2,test,1512427/brainTumorDataPublic_2299-3064/2333.mat,data/processed/samples/2333.npz,512,512,1977,111,164,271,317,53,46,53,423b5a210b5e6382ea7e5022be3213a61eea57a24c7e9c6c4fc19381aa551355
2334,MR051461,2,test,1512427/brainTumorDataPublic_2299-3064/2334.mat,data/processed/samples/2334.npz,512,512,3249,104,173,267,331,69,64,69,0a9276a6278a02c4280267a846795f9f83285ee704e2949906d6103c2d565981
2335,MR051461,2,test,1512427/brainTumorDataPublic_2299-3064/2335.mat,data/processed/samples/2335.npz,512,512,2626,115,180,277,338,65,61,65,27be347569f0280d6df49733c799fa1253243f5facfb4d7af25b309af41007db
2336,MR051461,2,test,1512427/brainTumorDataPublic_2299-3064/2336.mat,data/processed/samples/2336.npz,512,512,3251,106,183,271,340,77,69,77,af62a9bad9526c775ad7766f16d6916c6beb45aedfb89cd975cc7f4887511d47
2337,MR051461,2,test,1512427/brainTumorDataPublic_2299-3064/2337.mat,data/processed/samples/2337.npz,512,512,3369,102,184,266,340,82,74,82,0377c2e9ce9e5a22c8ce62f1df9d01db6a0b167a8777946748cb92f194bd7d75
2338,MR051461,2,test,1512427/brainTumorDataPublic_2299-3064/2338.mat,data/processed/samples/2338.npz,512,512,3171,100,186,267,340,86,73,86,60108766267535a67ee20f3e0d9f5db80cc0299ee8ee071d9e1bb7959d933d83
2339,MR051461,2,test,1512427/brainTumorDataPublic_2299-3064/2339.mat,data/processed/samples/2339.npz,512,512,3266,99,181,268,338,82,70,82,fc1f6c3ca77453c976def176f6e59da42f91f799e87530cb76d090da52c820ad
2340,MR051461,2,test,1512427/brainTumorDataPublic_2299-3064/2340.mat,data/processed/samples/2340.npz,512,512,5346,70,174,265,334,104,69,104,2714574382cc927c4cb6dc37bc2c2f4032477c3efac6b690aaf41fb454657b84
2341,MR051461,2,test,1512427/brainTumorDataPublic_2299-3064/2341.mat,data/processed/samples/2341.npz,512,512,2442,93,158,272,319,65,47,65,7dc04bd3ad00bc4ea84ffe71afcd77ed138a0c24b39764af9d38527b1758cc76
2342,MR051586,2,test,1512427/brainTumorDataPublic_2299-3064/2342.mat,data/processed/samples/2342.npz,512,512,7118,127,221,138,236,94,98,98,b01a53eb35f7e7e6caaffc8acfe64afb43ae46a2eee31c2967ffa6991ce16c01
2343,MR051586,2,test,1512427/brainTumorDataPublic_2299-3064/2343.mat,data/processed/samples/2343.npz,512,512,7853,130,227,141,245,97,104,104,9e05b27bc299115aa95c0fc75e09d157faab29167886b55716d7ca182901c133
2344,MR033389B,2,train,1512427/brainTumorDataPublic_2299-3064/2344.mat,data/processed/samples/2344.npz,512,512,10966,189,320,141,249,131,108,131,9bec6ff3ee6b0cf78fe85a2e900a2afd80ddd3d00a66535dc12f11cd17935421
2345,MR033389B,2,train,1512427/brainTumorDataPublic_2299-3064/2345.mat,data/processed/samples/2345.npz,512,512,11486,190,322,134,247,132,113,132,7d15dd885bc32b420e7368b79234b4b6070f291fa5593a32b3a87fa64ee908c1
2346,MR033389B,2,train,1512427/brainTumorDataPublic_2299-3064/2346.mat,data/processed/samples/2346.npz,512,512,8716,211,322,148,242,111,94,111,436cd982bc7320da7fabc7aa882757ae884f13b670dc45ce47c8c003288e9d6c
2347,MR033389B,2,train,1512427/brainTumorDataPublic_2299-3064/2347.mat,data/processed/samples/2347.npz,512,512,7484,214,303,140,243,89,103,103,6ea899283d7c2417b44e84b47ae195c967d57d070691ed857814e820887a0f32
2348,MR033389B,2,train,1512427/brainTumorDataPublic_2299-3064/2348.mat,data/processed/samples/2348.npz,512,512,4045,229,302,161,234,73,73,73,7f999f91e8b2ac59fb94c6970cfd8cf9a35998575c3759dd770cb920d092fdf1
2349,MR024780E,2,train,1512427/brainTumorDataPublic_2299-3064/2349.mat,data/processed/samples/2349.npz,512,512,1953,308,365,319,367,57,48,57,1cab800319eba697834c83d9eecfa5958d5e276376fec3d86de8f7a3fd5a3231
2350,MR026175E,2,train,1512427/brainTumorDataPublic_2299-3064/2350.mat,data/processed/samples/2350.npz,512,512,2012,188,231,288,347,43,59,59,e716a0422ec6e05c4242b832a052a932a4077c2bd7f603c6f62492496852409f
2351,MR026175E,2,train,1512427/brainTumorDataPublic_2299-3064/2351.mat,data/processed/samples/2351.npz,512,512,3083,199,254,281,351,55,70,70,1ae4484285b3cf38646ec5457c88845a80ab6069148a6c77e4f1e0d120a5d39d
2352,MR026175E,2,train,1512427/brainTumorDataPublic_2299-3064/2352.mat,data/processed/samples/2352.npz,512,512,3837,106,175,262,353,69,91,91,ea6ccd70e1d3861eb0db64d946ad89b5407ea1c8b55c8efd18c0683de74fd652
2353,MR026175E,2,train,1512427/brainTumorDataPublic_2299-3064/2353.mat,data/processed/samples/2353.npz,512,512,4193,109,187,264,355,78,91,91,0b8a95a08759677b776d272da8479bd2433255f89fabc311ed5221c10d52d993
2354,MR026175E,2,train,1512427/brainTumorDataPublic_2299-3064/2354.mat,data/processed/samples/2354.npz,512,512,12605,75,215,254,371,140,117,140,5fa9bb2405539b8e213e8420fc708bb1b813ef082a93e4b9afbd09d828c01362
2355,MR026175E,2,train,1512427/brainTumorDataPublic_2299-3064/2355.mat,data/processed/samples/2355.npz,512,512,12480,78,219,261,385,141,124,141,30258b2c87fc0689d88ea8f01fbbd03aa87581a81947539a6cf525c49451e339
2356,MR026175E,2,train,1512427/brainTumorDataPublic_2299-3064/2356.mat,data/processed/samples/2356.npz,512,512,11062,84,223,276,385,139,109,139,fa5d57027e55c5f975d3298bdb26508b986195d2e329d6c2786aa1c0f56ac08c
2357,MR026175E,2,train,1512427/brainTumorDataPublic_2299-3064/2357.mat,data/processed/samples/2357.npz,512,512,11555,82,240,275,391,158,116,158,76096a7a5df687972e568e7b185d75cf2272704ed4ecbb3777f521da417d8174
2358,MR026175E,2,train,1512427/brainTumorDataPublic_2299-3064/2358.mat,data/processed/samples/2358.npz,512,512,10621,80,231,275,386,151,111,151,73ecafefc3d62faadb8c320e68b72f0749a29d1fc26205c7256e25cb22f8e836
2359,MR026175E,2,train,1512427/brainTumorDataPublic_2299-3064/2359.mat,data/processed/samples/2359.npz,512,512,6620,88,200,279,377,112,98,112,91af6f2509d78355e1f8e0db06aef4222d02c7899d1060afc008bf4a1f5e7e4f
2360,MR026175E,2,train,1512427/brainTumorDataPublic_2299-3064/2360.mat,data/processed/samples/2360.npz,512,512,6265,82,200,278,387,118,109,118,63ebeff511d8d7fb9063b5cb3715b4ee622958a63757d8b58020db22eee2ac1f
2361,MR026175E,2,train,1512427/brainTumorDataPublic_2299-3064/2361.mat,data/processed/samples/2361.npz,512,512,7596,94,260,277,367,166,90,166,9f47b31a6799ea06233c6b3690e0c7205abaf69dcdcae563e3f1534de4b3c0b5
2362,MR040240C,2,train,1512427/brainTumorDataPublic_2299-3064/2362.mat,data/processed/samples/2362.npz,512,512,2216,200,260,291,339,60,48,60,e48b3ea6c3fd87167b82e0172f1a106c76250716c8acbb1edbc19d413d989709
2363,MR040240C,2,train,1512427/brainTumorDataPublic_2299-3064/2363.mat,data/processed/samples/2363.npz,512,512,868,371,397,262,303,26,41,41,6241d5246aa2d4c03cc1099b476fb8d30b973fab238735a2b1f1caf49942d6cf
2364,MR040240C,2,train,1512427/brainTumorDataPublic_2299-3064/2364.mat,data/processed/samples/2364.npz,512,512,998,346,380,309,346,34,37,37,e1ed8bf743314cb4b1b4c771b16a29ba756f16ccea6abdd38c610bfb2f0c41ce
2365,MR040240C,2,train,1512427/brainTumorDataPublic_2299-3064/2365.mat,data/processed/samples/2365.npz,512,512,5347,203,301,253,333,98,80,98,5293dc87cd0491c38d3333bfb070d058f83f812340fb66e35bec88736134830f
2366,MR040240C,2,train,1512427/brainTumorDataPublic_2299-3064/2366.mat,data/processed/samples/2366.npz,512,512,6129,202,306,255,342,104,87,104,fe6d547ab67689d44577da033aadaf38f5a9c90b639ad488be54e8e0acad5909
2367,MR040240C,2,train,1512427/brainTumorDataPublic_2299-3064/2367.mat,data/processed/samples/2367.npz,512,512,11224,173,397,239,340,224,101,224,8c6a7c450bde3c1a33e58e693d9b7fa60251023a5d0753025d71b71d6fe71367
2368,MR040240C,2,train,1512427/brainTumorDataPublic_2299-3064/2368.mat,data/processed/samples/2368.npz,512,512,16155,250,416,227,359,166,132,166,2d9222671068f070cf8ca61b4595ecaeddb4360c705dc18d44612f62eab8f79e
2369,MR040240C,2,train,1512427/brainTumorDataPublic_2299-3064/2369.mat,data/processed/samples/2369.npz,512,512,13692,264,412,191,332,148,141,148,2640628cb58296031ad73bf9b44a29fde69c7ef9988a077ed1917d8e065dfcae
2370,MR040240C,2,train,1512427/brainTumorDataPublic_2299-3064/2370.mat,data/processed/samples/2370.npz,512,512,18563,162,414,208,330,252,122,252,4999168454a92a4dd5b455a54b035465f4346e1696aaefd4bc074eeaac45b8dc
2371,MR040240C,2,train,1512427/brainTumorDataPublic_2299-3064/2371.mat,data/processed/samples/2371.npz,512,512,15488,179,404,199,326,225,127,225,8f74f004decf9a9076f402ddaaf3216d904b430ae8059322927374d59e9e6171
2372,MR040240C,2,train,1512427/brainTumorDataPublic_2299-3064/2372.mat,data/processed/samples/2372.npz,512,512,4117,194,284,245,305,90,60,90,1c001bfb8489e70298323e8a5963d9522359aa40acf4bc7104bd0c73a14a7ef4
2373,MR040240D,2,train,1512427/brainTumorDataPublic_2299-3064/2373.mat,data/processed/samples/2373.npz,512,512,914,227,267,299,330,40,31,40,50264914d43a0c27c7b3f3768e4c0e03cf8283db65ec71b4036fd91739356bd2
2374,MR040240D,2,train,1512427/brainTumorDataPublic_2299-3064/2374.mat,data/processed/samples/2374.npz,512,512,1686,222,282,291,332,60,41,60,4b4e23bd4264056d4db6ab952182cea978d5920460180c53444d36f40d204a0d
2375,MR040240D,2,train,1512427/brainTumorDataPublic_2299-3064/2375.mat,data/processed/samples/2375.npz,512,512,880,352,383,258,296,31,38,38,b5f6a57cd8ac7387713640b3c003bcf3b4e584aa0149b12e698b8f6245282614
2376,MR040240D,2,train,1512427/brainTumorDataPublic_2299-3064/2376.mat,data/processed/samples/2376.npz,512,512,8396,217,317,227,347,100,120,120,b03474f839941e1a165d70343c3747c9e53fbae3978b5ce0d93c46dd85ef1155
2377,MR040240D,2,train,1512427/brainTumorDataPublic_2299-3064/2377.mat,data/processed/samples/2377.npz,512,512,7609,194,316,237,342,122,105,122,d3e4a0344ee0ca3032e4f469b3afaa90ba1a3c59a547ddaa5d13243334f087cc
2378,MR040240D,2,train,1512427/brainTumorDataPublic_2299-3064/2378.mat,data/processed/samples/2378.npz,512,512,8382,171,325,234,339,154,105,154,cb7a2b0047ca92c5352a507899b02a992ceb829536fa825f69f0ef6390fd4852
2379,MR040240D,2,train,1512427/brainTumorDataPublic_2299-3064/2379.mat,data/processed/samples/2379.npz,512,512,17207,171,403,236,336,232,100,232,7a4985d2af1ef318c4dbf7a5080cfa323dec7f25d757972fc47bc81c21601c34
2380,MR040240D,2,train,1512427/brainTumorDataPublic_2299-3064/2380.mat,data/processed/samples/2380.npz,512,512,15373,172,407,235,332,235,97,235,da7de4da81ebde52c5d8244c824ba8c2fab342ea513dfb565c68d8f275ab2b91
2381,MR040240D,2,train,1512427/brainTumorDataPublic_2299-3064/2381.mat,data/processed/samples/2381.npz,512,512,14479,177,405,207,324,228,117,228,5f2edba2ccfbe3bfc5faa54f294a789c70f921f50d23c6caa32115fdc4abe413
2382,MR040240D,2,train,1512427/brainTumorDataPublic_2299-3064/2382.mat,data/processed/samples/2382.npz,512,512,13745,112,403,236,324,291,88,291,c1f5ce0db303c4571f2e49d558b99f71a8fc0b0356837c240e1cc84826b8bd8d
2383,MR040240D,2,train,1512427/brainTumorDataPublic_2299-3064/2383.mat,data/processed/samples/2383.npz,512,512,1100,355,391,257,297,36,40,40,90c1e1c4f29336afe783b235e787695c33f104dc8dcf4fe1f650bbd8af084781
2384,MR017260F,2,test,1512427/brainTumorDataPublic_2299-3064/2384.mat,data/processed/samples/2384.npz,512,512,4382,79,154,190,263,75,73,75,9956ce14c1801b3d561d8d85f9cf93af5f378acafb27e11f0c8a0d6c8939b281
2385,MR017260F,2,test,1512427/brainTumorDataPublic_2299-3064/2385.mat,data/processed/samples/2385.npz,512,512,7574,78,164,160,266,86,106,106,963c3c94f8e6f1dbd7c73d01401aa74acadace16a43c854e83e4808f4e4d2c25
2386,MR017260F,2,test,1512427/brainTumorDataPublic_2299-3064/2386.mat,data/processed/samples/2386.npz,512,512,8953,72,181,155,265,109,110,110,4366ad920c3c96f71450897bb79c5cd8e76ad787c738779e0dcd6a8a2b2a362c
2387,MR017260F,2,test,1512427/brainTumorDataPublic_2299-3064/2387.mat,data/processed/samples/2387.npz,512,512,11892,67,210,153,264,143,111,143,24f8383e67260cb827bfc2335d7db90f7b3aea52a9eabf74846bd5e641c80adc
2388,MR017260F,2,test,1512427/brainTumorDataPublic_2299-3064/2388.mat,data/processed/samples/2388.npz,512,512,15436,73,232,153,300,159,147,159,1ca683e6fdd33bc83caa86e419cbeeda39e3f66c9a12446c79ba658e422e8cc7
2389,MR017260F,2,test,1512427/brainTumorDataPublic_2299-3064/2389.mat,data/processed/samples/2389.npz,512,512,11510,78,191,149,282,113,133,133,7a57a382eeac75bbae8f3f2d99cc5bfa9a4fcab37ce337278506419030bd3425
2390,MR017260F,2,test,1512427/brainTumorDataPublic_2299-3064/2390.mat,data/processed/samples/2390.npz,512,512,11298,82,209,154,276,127,122,127,0b86fb1d1ebae57bafa3e4b15dac55c56743cddb4b73e64ba5903819ca148c59
2391,MR017260F,2,test,1512427/brainTumorDataPublic_2299-3064/2391.mat,data/processed/samples/2391.npz,512,512,9997,93,216,167,284,123,117,123,c46cf38b0b2f7a6633eb1ced9bc9fb3a3ace6a2222d0540b9406f70428735ae5
2392,MR017260F,2,test,1512427/brainTumorDataPublic_2299-3064/2392.mat,data/processed/samples/2392.npz,512,512,9000,103,207,155,283,104,128,128,fe55019264eff02514e6eb8daff7ba7db6e7c17a22d69f995b828f5768b63fb2
2393,MR017260F,2,test,1512427/brainTumorDataPublic_2299-3064/2393.mat,data/processed/samples/2393.npz,512,512,7048,113,228,172,269,115,97,115,a7727a59edaed04845909ed34178f7ea2d9e311e4fd40ec259efc20c491e48ab
2394,MR029209I,2,train,1512427/brainTumorDataPublic_2299-3064/2394.mat,data/processed/samples/2394.npz,512,512,6592,221,314,162,269,93,107,107,698038314682ea90b70808d61cb48a95d16a95f5a37031ab51a605e8dfb441cb
2395,MR029209I,2,train,1512427/brainTumorDataPublic_2299-3064/2395.mat,data/processed/samples/2395.npz,512,512,6652,224,331,150,244,107,94,107,f00af16f71ac6c182a4ef209c40094286b04ce284f4519f0a74cacf6ac986038
2396,MR029209I,2,train,1512427/brainTumorDataPublic_2299-3064/2396.mat,data/processed/samples/2396.npz,512,512,10732,241,368,130,266,127,136,136,c13bcf0312071e0e320e7a79e840a3c36b8e8904bc315a8a23ac6d3c39d36664
2397,MR029209I,2,train,1512427/brainTumorDataPublic_2299-3064/2397.mat,data/processed/samples/2397.npz,512,512,4626,247,311,121,214,64,93,93,cd1b6a22e668bc5f3f4a095c7753270ce4f1c1a134ed5dadf8bb7f37abcd337f
2398,MR029209I,2,train,1512427/brainTumorDataPublic_2299-3064/2398.mat,data/processed/samples/2398.npz,512,512,9200,222,341,118,240,119,122,122,de03d1bc08f543d748be1e4f2ed5f93f46e16a474fd7f2536ff4c8e29183675a
2399,MR029209I,2,train,1512427/brainTumorDataPublic_2299-3064/2399.mat,data/processed/samples/2399.npz,512,512,12191,221,372,118,241,151,123,151,8f5d89625fdfa43463f595f02fb8c34496a90e2682956cf9eb218ffce9187243
2400,MR029209I,2,train,1512427/brainTumorDataPublic_2299-3064/2400.mat,data/processed/samples/2400.npz,512,512,5542,216,316,130,204,100,74,100,de4f555bec16e128503f39553f6f4c9645bd046f5b06340273d9fdc0aee8a06e
2401,MR029209I,2,train,1512427/brainTumorDataPublic_2299-3064/2401.mat,data/processed/samples/2401.npz,512,512,6680,219,345,144,211,126,67,126,b75472c8ad01618e291571e61802461690d42856096db690be5e75f7bfd463c1
2402,MR029209I,2,train,1512427/brainTumorDataPublic_2299-3064/2402.mat,data/processed/samples/2402.npz,512,512,3384,235,307,158,215,72,57,72,404189b9e33829cd2adf2bb98cbdba331e4dceeefa369fe9201fe3d15973035a
2403,MR048294,2,val,1512427/brainTumorDataPublic_2299-3064/2403.mat,data/processed/samples/2403.npz,512,512,2634,151,208,132,194,57,62,62,e1fee017e6c9cf87f068388f4d9f4358a2ccd6a30b068325862eaee08e466828
2404,MR048294,2,val,1512427/brainTumorDataPublic_2299-3064/2404.mat,data/processed/samples/2404.npz,512,512,4102,137,213,131,202,76,71,76,cb88c286382326f14bdd340727a4afafbc8a04b2d66b5c64e1d6ccb469a012a6
2405,MR048294,2,val,1512427/brainTumorDataPublic_2299-3064/2405.mat,data/processed/samples/2405.npz,512,512,4290,138,220,130,194,82,64,82,94b64dee01a5d0dac04830895479b95552fd5c0770e8a9529517f8a10e599778
2406,MR048294,2,val,1512427/brainTumorDataPublic_2299-3064/2406.mat,data/processed/samples/2406.npz,512,512,3740,138,216,125,193,78,68,78,c199885255f574c568bc8db2969da1d3e7e6b63d437160b004625d96844acd7d
2407,MR048294,2,val,1512427/brainTumorDataPublic_2299-3064/2407.mat,data/processed/samples/2407.npz,512,512,4337,140,215,121,201,75,80,80,66060c84f70d71a5a34ec0b0eac37ef578991059e45de4b7723c8d3021f0fae9
2408,MR048294,2,val,1512427/brainTumorDataPublic_2299-3064/2408.mat,data/processed/samples/2408.npz,512,512,3428,145,216,125,194,71,69,71,aff8e15eaf404076b2d5cb061cb55b96ec6f5801d4231fe16c355aa5a181287d
2409,MR048294,2,val,1512427/brainTumorDataPublic_2299-3064/2409.mat,data/processed/samples/2409.npz,512,512,2174,165,212,131,190,47,59,59,8ada80d7cda6a094f56b7f8c547bb7248d42846c661c09e36568e984305b27e1
2410,MR048297,2,train,1512427/brainTumorDataPublic_2299-3064/2410.mat,data/processed/samples/2410.npz,512,512,3343,161,224,135,206,63,71,71,42de0ab146e86769d68e2a416340f13e2635df571e075659e04bc2578a664d19
2411,MR048297,2,train,1512427/brainTumorDataPublic_2299-3064/2411.mat,data/processed/samples/2411.npz,512,512,4273,161,222,129,213,61,84,84,81a4a201c0a9ffd7347498101720961042196b1b342f8ae073db778d521ae4cc
2412,MR048297,2,train,1512427/brainTumorDataPublic_2299-3064/2412.mat,data/processed/samples/2412.npz,512,512,4076,161,227,134,213,66,79,79,a38c8648dc2d3ddb16e5be6ada4ce13ffbaba8ae72443938b4e0d2373c09edfc
2413,MR048297,2,train,1512427/brainTumorDataPublic_2299-3064/2413.mat,data/processed/samples/2413.npz,512,512,3770,161,226,136,212,65,76,76,50732c02120a87df26a5edab46af1b8b265f09e766d7f8d0765877383fc3ef00
2414,MR048297,2,train,1512427/brainTumorDataPublic_2299-3064/2414.mat,data/processed/samples/2414.npz,512,512,2654,167,222,142,205,55,63,63,128a7a8831e6c812fbaf18a435107b57b702ca22689d6be1f22548b9504619e6
2415,MR048294B,2,train,1512427/brainTumorDataPublic_2299-3064/2415.mat,data/processed/samples/2415.npz,512,512,6939,139,248,122,199,109,77,109,1d877921c2693c0b3733994dd228e4324b4f41790577c076edf71bf75ed855ec
2416,MR048294B,2,train,1512427/brainTumorDataPublic_2299-3064/2416.mat,data/processed/samples/2416.npz,512,512,4093,170,247,121,192,77,71,77,8d561b8ac2ac7463a8b26bb1372281a6325627b4dde58e74e8809ca13b7e39ae
2417,MR048294B,2,train,1512427/brainTumorDataPublic_2299-3064/2417.mat,data/processed/samples/2417.npz,512,512,4637,166,247,119,195,81,76,81,d7d9b10759eaf79c261cddec6ec43ce7f013dbb78ad1839f435a8b32623d1fe9
2418,MR048294B,2,train,1512427/brainTumorDataPublic_2299-3064/2418.mat,data/processed/samples/2418.npz,512,512,4810,171,243,114,198,72,84,84,a2b4748944f6926feb541f51c59ed43f2d4ad7210ce8f8d9411134f36b8ae8f8
2419,MR048294B,2,train,1512427/brainTumorDataPublic_2299-3064/2419.mat,data/processed/samples/2419.npz,512,512,2964,174,235,115,174,61,59,61,0a3e619f5058e1674a821ff6c89a78e71efe243fbdaa0b14c28c0bba01ee352b
2420,MR048621B,2,train,1512427/brainTumorDataPublic_2299-3064/2420.mat,data/processed/samples/2420.npz,512,512,4692,171,255,255,335,84,80,84,7e205a3c1f322e548e95e11d0d63b1167d49db6843a7ebb367577839b962fdb0
2421,MR048621B,2,train,1512427/brainTumorDataPublic_2299-3064/2421.mat,data/processed/samples/2421.npz,512,512,6993,146,295,283,369,149,86,149,c5e908732e5fbdb820f7c5889a6c182b0747b7a2ac076af374c55baa6b8c8eff
2422,MR048621B,2,train,1512427/brainTumorDataPublic_2299-3064/2422.mat,data/processed/samples/2422.npz,512,512,8507,132,294,269,375,162,106,162,8921a3066b5d2a0b93917a53986cf4b2c772c2bf5fe88ce3e5c922c50d116818
2423,MR048621B,2,train,1512427/brainTumorDataPublic_2299-3064/2423.mat,data/processed/samples/2423.npz,512,512,7558,154,295,278,384,141,106,141,85dbaaf2072c52e2f77b97c6b7a58baaabfc2f9599791f5fee880ab8f7fed14a
2424,MR048621B,2,train,1512427/brainTumorDataPublic_2299-3064/2424.mat,data/processed/samples/2424.npz,512,512,12233,154,293,265,384,139,119,139,e0a9afad80b4db00ce666c673c6ef7bd07f9d481fdf23dfcc23727319ab6d39b
2425,MR048621B,2,train,1512427/brainTumorDataPublic_2299-3064/2425.mat,data/processed/samples/2425.npz,512,512,10280,151,292,278,376,141,98,141,9123b6b81ffb902e740017f58a68c26f8d26c2769dd8212522df14dcf46318a1
2426,MR048944,2,train,1512427/brainTumorDataPublic_2299-3064/2426.mat,data/processed/samples/2426.npz,512,512,3507,205,267,178,272,62,94,94,0838ff9c6562ed88a05a8fff17f302be530b487de46d2533f91cd3173d20267e
2427,MR048944,2,train,1512427/brainTumorDataPublic_2299-3064/2427.mat,data/processed/samples/2427.npz,512,512,3087,204,266,204,272,62,68,68,667fba5f25849cf21e2c9a2a91f9615ea27b044891ca1c774c3dfbe47153b03f
2428,MR048944,2,train,1512427/brainTumorDataPublic_2299-3064/2428.mat,data/processed/samples/2428.npz,512,512,4388,198,271,203,277,73,74,74,5ae32b7c53e6ddf4f09289a2104a4a603c97ec310cee6d8710ccbd58b8ad4c11
2429,MR048944,2,train,1512427/brainTumorDataPublic_2299-3064/2429.mat,data/processed/samples/2429.npz,512,512,6673,186,295,189,275,109,86,109,9bfd0747607fe87283e45a41441527a4614aef7988e8ab15cf63f96e0dee8244
2430,MR048944,2,train,1512427/brainTumorDataPublic_2299-3064/2430.mat,data/processed/samples/2430.npz,512,512,5748,176,260,184,270,84,86,86,63bd94b939001a2cb3917614bfca995f0cc82fe18b6759d228af1c47b49af26b
2431,MR048944,2,train,1512427/brainTumorDataPublic_2299-3064/2431.mat,data/processed/samples/2431.npz,512,512,5359,178,260,185,269,82,84,84,e9d5ddbf6a4264458164ddc68e5e42627c373b0d724a66675d600b116d1f981a
2432,MR048944,2,train,1512427/brainTumorDataPublic_2299-3064/2432.mat,data/processed/samples/2432.npz,512,512,5059,177,255,186,268,78,82,82,587286704be00c5eb40ff359c7e534c5593b76bdb15bac2a793d67b6409aa28f
2433,MR048944,2,train,1512427/brainTumorDataPublic_2299-3064/2433.mat,data/processed/samples/2433.npz,512,512,3668,179,250,190,257,71,67,71,0dfcf41e8a0f96b83819ad9dfb3d974f9fa99cb561e2f217c58b61e415a455a1
2434,MR048944,2,train,1512427/brainTumorDataPublic_2299-3064/2434.mat,data/processed/samples/2434.npz,512,512,2811,183,247,197,253,64,56,64,b4484fcad3da3d83a2f9ef8bcff51cedb5d6441ccd91b99e095b1157b1ad0b57
2435,MR048994,2,train,1512427/brainTumorDataPublic_2299-3064/2435.mat,data/processed/samples/2435.npz,512,512,4444,128,209,261,326,81,65,81,02effd2674a6dbf40489afcbacb464cab2da9501cd56fb99662b844d000cfe79
2436,MR048994,2,train,1512427/brainTumorDataPublic_2299-3064/2436.mat,data/processed/samples/2436.npz,512,512,6376,123,219,256,340,96,84,96,a3a54913b3ec6d3762f22485f9fd7a0ee767f66c8cf44cf94985a5b334f18f36
2437,MR048994,2,train,1512427/brainTumorDataPublic_2299-3064/2437.mat,data/processed/samples/2437.npz,512,512,8152,119,225,249,345,106,96,106,c9b9896ee2d25fc1d2cdb9ff58cae23fc054d8a323b685105eb339fc3bdc8287
2438,MR048994,2,train,1512427/brainTumorDataPublic_2299-3064/2438.mat,data/processed/samples/2438.npz,512,512,10122,113,236,241,349,123,108,123,ffa23021807a8a1044d3e608303b01ac691ff377d5634f074193c70e36438c4b
2439,MR048994,2,train,1512427/brainTumorDataPublic_2299-3064/2439.mat,data/processed/samples/2439.npz,512,512,10776,113,238,235,356,125,121,125,107a7eb1abcf074fba0c01ced1fb47f3c232f6cc69edf02e2e753f3019d2b636
2440,MR048994,2,train,1512427/brainTumorDataPublic_2299-3064/2440.mat,data/processed/samples/2440.npz,512,512,11029,110,237,235,359,127,124,127,160e9e73b0336fc40001f8eb16441dd17f5fc0d47e88b3cdc2b1924258f5bba9
2441,MR048994,2,train,1512427/brainTumorDataPublic_2299-3064/2441.mat,data/processed/samples/2441.npz,512,512,10053,114,237,239,357,123,118,123,0b1cc06702c8f5b91c36e6aaf93bfebeb7f89e9ed7255e9fe44054ccec572689
2442,MR037458C,2,train,1512427/brainTumorDataPublic_2299-3064/2442.mat,data/processed/samples/2442.npz,512,512,3741,171,243,291,358,72,67,72,7f8ea6945a4d98b30da3a0c6cca5248c59e031cb6117ce874d476984c000e3ba
2443,MR040240,2,test,1512427/brainTumorDataPublic_2299-3064/2443.mat,data/processed/samples/2443.npz,512,512,7417,155,252,205,308,97,103,103,6e4aa96fe9089373e149a14e95e1d696129a534576740958f10a7b5c2b85c183
2444,MR040240,2,test,1512427/brainTumorDataPublic_2299-3064/2444.mat,data/processed/samples/2444.npz,512,512,13021,148,288,200,337,140,137,140,611c983a51f2217da7e7dda24c8fc83925eab38ec4f10478b123a83b10582a64
2445,MR040240,2,test,1512427/brainTumorDataPublic_2299-3064/2445.mat,data/processed/samples/2445.npz,512,512,12176,141,283,205,340,142,135,142,8741167fa30886f5ce7a6994bc26e4f66222c59762df99a70a554ca0dc148142
2446,MR040240,2,test,1512427/brainTumorDataPublic_2299-3064/2446.mat,data/processed/samples/2446.npz,512,512,13119,141,274,208,345,133,137,137,f309fe5bb254a0b7d09b6b8a9358a0162931789f291e00625f09d07c51b9d1a9
2447,MR040240,2,test,1512427/brainTumorDataPublic_2299-3064/2447.mat,data/processed/samples/2447.npz,512,512,7715,199,288,236,348,89,112,112,5fec76775f4419a7ddb58bafaec85f51d9ba3f592d9c75d9abeb5242ba7806e9
2448,MR040240,2,test,1512427/brainTumorDataPublic_2299-3064/2448.mat,data/processed/samples/2448.npz,512,512,7535,198,292,233,346,94,113,113,396dde0e14e4ca38cc7102901b804c8c2cdc756a4c9f3fac0d807710c972d6a5
2449,MR040240,2,test,1512427/brainTumorDataPublic_2299-3064/2449.mat,data/processed/samples/2449.npz,512,512,7797,202,301,234,343,99,109,109,34c8088b855a9ceb5c484ba4979ef2ce1a4e0351f7a7a6b9266b690b84e4761c
2450,MR040240,2,test,1512427/brainTumorDataPublic_2299-3064/2450.mat,data/processed/samples/2450.npz,512,512,9715,161,303,233,337,142,104,142,312a629f6cb35ca991a250d229e85aba9632c89c7fd74b88083e753b10006ebf
2451,MR040240,2,test,1512427/brainTumorDataPublic_2299-3064/2451.mat,data/processed/samples/2451.npz,512,512,6240,201,326,229,298,125,69,125,6271084e9ba5770bef7bf4f078524b14928619a14e3563b5242300c7a387cd40
2452,MR040240,2,test,1512427/brainTumorDataPublic_2299-3064/2452.mat,data/processed/samples/2452.npz,512,512,2485,190,258,238,290,68,52,68,9d1b7c42bf4372ff9e11a1d959e1d762445b33c4cbdb5d6f782254d46e988800
2453,MR040240B,2,test,1512427/brainTumorDataPublic_2299-3064/2453.mat,data/processed/samples/2453.npz,512,512,6603,169,262,214,312,93,98,98,0b9ec2aaccdce626750c82f6d8ac521c9c904ecc19a601d0df3221f45c3db8f0
2454,MR040240B,2,test,1512427/brainTumorDataPublic_2299-3064/2454.mat,data/processed/samples/2454.npz,512,512,10524,156,304,217,346,148,129,148,1f288ad4aca4bc56ece33a860c3e4438b78d98d60b6b4d1f739519a91882f1f1
2455,MR040240B,2,test,1512427/brainTumorDataPublic_2299-3064/2455.mat,data/processed/samples/2455.npz,512,512,11639,149,301,215,346,152,131,152,2d4a17a6068eba8fdbb1dc4c3d3a0008a4198dd37555f986b8be5032f8e8133c
2456,MR040240B,2,test,1512427/brainTumorDataPublic_2299-3064/2456.mat,data/processed/samples/2456.npz,512,512,15323,151,306,186,354,155,168,168,81692f701c8be22a3b7a003cb04ff7708a167b47f728a960276caabcf5cfe0ae
2457,MR040240B,2,test,1512427/brainTumorDataPublic_2299-3064/2457.mat,data/processed/samples/2457.npz,512,512,14146,146,296,212,360,150,148,150,cf387e9661a1bc5cfd7f826133a54aa52438bad2c17389d540a7acf621fae46f
2458,MR040240B,2,test,1512427/brainTumorDataPublic_2299-3064/2458.mat,data/processed/samples/2458.npz,512,512,13662,146,301,214,356,155,142,155,0de14bfdc23567aee3d9b37fb725c92591c34d55d1637781371b18414b3e5985
2459,MR040240B,2,test,1512427/brainTumorDataPublic_2299-3064/2459.mat,data/processed/samples/2459.npz,512,512,12348,164,303,213,351,139,138,139,0c2d08421d51264a09e19a8a16948b3979ec725625e2f8af659ae505f760c98b
2460,MR040240B,2,test,1512427/brainTumorDataPublic_2299-3064/2460.mat,data/processed/samples/2460.npz,512,512,13072,167,291,193,356,124,163,163,bbb014d955f20830818f73c28d16b40bba379454ba6d92198c1da3c92d0133e6
2461,MR040240B,2,test,1512427/brainTumorDataPublic_2299-3064/2461.mat,data/processed/samples/2461.npz,512,512,3586,170,267,236,297,97,61,97,34252b78c991d34c6e1ea26351d03cf7eac01a67b31d5825b053b725e1e44da4
2462,MR040240B,2,test,1512427/brainTumorDataPublic_2299-3064/2462.mat,data/processed/samples/2462.npz,512,512,2233,169,257,246,290,88,44,88,58914942dc9ef933d13291d85c1ddb743ef44b48cd5652346ae1f850395863c7
2463,MR029209G,2,train,1512427/brainTumorDataPublic_2299-3064/2463.mat,data/processed/samples/2463.npz,512,512,1414,131,198,145,195,67,50,67,bb010d161f573187f041f08e67273bf441a8a7d81c3817bbb9df5298d8a99fe2
2464,MR029209G,2,train,1512427/brainTumorDataPublic_2299-3064/2464.mat,data/processed/samples/2464.npz,512,512,5361,130,254,132,225,124,93,124,a95ae68a3a041b17c66324b77d2054fd8020fa9a5d394a07491e3e81d07353c5
2465,MR029209G,2,train,1512427/brainTumorDataPublic_2299-3064/2465.mat,data/processed/samples/2465.npz,512,512,4944,144,253,138,243,109,105,109,e72e4bca93250e3c2a180802b1e31b16c9cd7b53c05d0cac56b0ef271a6ef820
2466,MR029209G,2,train,1512427/brainTumorDataPublic_2299-3064/2466.mat,data/processed/samples/2466.npz,512,512,3923,150,246,156,246,96,90,96,b57cd96333758acd25167636220df08bd5f97d820e7c92c0b06b65a67e539173
2467,MR029209G,2,train,1512427/brainTumorDataPublic_2299-3064/2467.mat,data/processed/samples/2467.npz,512,512,2290,164,234,166,235,70,69,70,b465b0383b23cac1452800e6873c4176b1e60797d52425b4dec048b9176c753f
2468,MR029209G,2,train,1512427/brainTumorDataPublic_2299-3064/2468.mat,data/processed/samples/2468.npz,512,512,2694,162,248,160,215,86,55,86,43be5d279b525339e6d706ae55ec791cd42e2f22a1fd48aaa5c06bde5ab9122d
2469,MR029209G,2,train,1512427/brainTumorDataPublic_2299-3064/2469.mat,data/processed/samples/2469.npz,512,512,1143,175,217,172,222,42,50,50,044f4eb97204a91744b3fe3526e59607b5d230cf20f5570e9426b6e423ef8672
2470,MR036496B,2,train,1512427/brainTumorDataPublic_2299-3064/2470.mat,data/processed/samples/2470.npz,512,512,1135,136,182,296,343,46,47,47,baf89d8303741cd6b89a01ea024a87f0a3f59bd0e50416c153ba752f0e97da03
2471,MR036496B,2,train,1512427/brainTumorDataPublic_2299-3064/2471.mat,data/processed/samples/2471.npz,512,512,1677,130,183,290,342,53,52,53,aba895def83ecb09e6bf074c7135b238dedf6a0b82a658da60a3f6e92abda5b6
2472,MR036496B,2,train,1512427/brainTumorDataPublic_2299-3064/2472.mat,data/processed/samples/2472.npz,512,512,4863,100,185,283,368,85,85,85,4585c9c6a3b9efd4a95d29da21dca1eef5a315e633ee47d646b9e845db3792a1
2473,MR036496B,2,train,1512427/brainTumorDataPublic_2299-3064/2473.mat,data/processed/samples/2473.npz,512,512,4774,95,182,290,370,87,80,87,8e19f1f1bbae63010158c09f1181f4a393033b6cd3c806bd06b451b7f070f2d8
2474,MR036496B,2,train,1512427/brainTumorDataPublic_2299-3064/2474.mat,data/processed/samples/2474.npz,512,512,4922,96,184,281,370,88,89,89,63742f2d803398756cc77e0787a4c90d4f320e86982f84d7b4eea968d7095d77
2475,MR036496B,2,train,1512427/brainTumorDataPublic_2299-3064/2475.mat,data/processed/samples/2475.npz,512,512,3174,101,184,303,369,83,66,83,7c5437c7f6e76d1733aaff4fc35abcd8d8ad5c4bc26eec40cc41b294e1cd40dc
2476,MR033420,2,train,1512427/brainTumorDataPublic_2299-3064/2476.mat,data/processed/samples/2476.npz,512,512,1366,181,227,206,247,46,41,46,4e5ddde5ca4ca2432ebe87ce51c6025305b81fe89b74c9f4b0c9a5f506890416
2477,MR033420,2,train,1512427/brainTumorDataPublic_2299-3064/2477.mat,data/processed/samples/2477.npz,512,512,2523,176,233,200,271,57,71,71,7fef9516d50d74df64d7b47e7ea8b126769419ddf3176d665a8550f8dbebc073
2478,MR033420,2,train,1512427/brainTumorDataPublic_2299-3064/2478.mat,data/processed/samples/2478.npz,512,512,3714,148,224,211,305,76,94,94,89bade92bc649fb11ca5266fe7be15e9d5beb3148290e48e9b7f8b82972d6383
2479,MR033420,2,train,1512427/brainTumorDataPublic_2299-3064/2479.mat,data/processed/samples/2479.npz,512,512,4612,168,250,187,270,82,83,83,8d53e7ed873a30584e29c9512a24336055296f2d72273575f2050ff4c43ad4d3
2480,MR033420,2,train,1512427/brainTumorDataPublic_2299-3064/2480.mat,data/processed/samples/2480.npz,512,512,5362,152,250,180,275,98,95,98,bcaa8f8bb45d57f887a09d38986312ff98ffa54bce93fd8ed48cc305245a3a00
2481,MR033420,2,train,1512427/brainTumorDataPublic_2299-3064/2481.mat,data/processed/samples/2481.npz,512,512,3518,156,226,176,258,70,82,82,d95e72096814279b4f6720277968eb5fde40e318c392c59f6e18f116936e83c4
2482,MR033420,2,train,1512427/brainTumorDataPublic_2299-3064/2482.mat,data/processed/samples/2482.npz,512,512,4517,147,239,179,258,92,79,92,912e6de44c32a8f4928500fb3f39a0564264e0f7d7b11b3b588603443d2edadf
2483,MR033420,2,train,1512427/brainTumorDataPublic_2299-3064/2483.mat,data/processed/samples/2483.npz,512,512,4261,161,239,180,265,78,85,85,d0a808fe26a24f7019bdc0a96a894835945b734c6c46580efa1b19aef7539892
2484,MR033420,2,train,1512427/brainTumorDataPublic_2299-3064/2484.mat,data/processed/samples/2484.npz,512,512,5359,166,244,176,306,78,130,130,f2f72930ddce8c57368e6b3fd5143a327280b378caade4a5a3673d4d1c481102
2485,MR033420,2,train,1512427/brainTumorDataPublic_2299-3064/2485.mat,data/processed/samples/2485.npz,512,512,4050,150,231,208,305,81,97,97,ce24b4da5d3cbc33b2bb6cf5d680a7ff4dc8263942beb5b7bef2ecf2cdd7b1a8
2486,MR033420,2,train,1512427/brainTumorDataPublic_2299-3064/2486.mat,data/processed/samples/2486.npz,512,512,4543,148,236,214,305,88,91,91,a6b881aa674cd019fbfc72674e1213decad7ab71f2e660324d6cdfb276f2b83d
2487,MR033389B,2,train,1512427/brainTumorDataPublic_2299-3064/2487.mat,data/processed/samples/2487.npz,512,512,2393,135,201,277,324,66,47,66,93c2c5f40c521d8b7cdcbebadaed2869b046ea97e8ccf4c2f0cef1eb889acd73
2488,MR033389B,2,train,1512427/brainTumorDataPublic_2299-3064/2488.mat,data/processed/samples/2488.npz,512,512,8009,111,222,132,237,111,105,111,357e7a15749393984336954b3205caf2451f1d1d8ed1839946021d906a441c12
2489,MR033389B,2,train,1512427/brainTumorDataPublic_2299-3064/2489.mat,data/processed/samples/2489.npz,512,512,12310,90,228,128,241,138,113,138,2ec6cca92d6a1f05d7c0c59e89bff66070da8addb7c5b31403b77b41cd0e256d
2490,MR033389B,2,train,1512427/brainTumorDataPublic_2299-3064/2490.mat,data/processed/samples/2490.npz,512,512,13221,84,228,123,246,144,123,144,bd50c23fe3caace5a6d5884f292bfae96d6524f0aef594b7f9f0a8ad8571ce2f
2491,MR033389B,2,train,1512427/brainTumorDataPublic_2299-3064/2491.mat,data/processed/samples/2491.npz,512,512,14158,84,226,119,251,142,132,142,94508e15197c55b58c578d080554a3b7cb8abd661ee941e54c6f5f6200ab32dc
2492,MR033389B,2,train,1512427/brainTumorDataPublic_2299-3064/2492.mat,data/processed/samples/2492.npz,512,512,12713,87,221,120,252,134,132,134,b9edd0696d9746c4afa66d4696c84b283051e904889dd563ee8eb0901c077d05
2493,MR033389B,2,train,1512427/brainTumorDataPublic_2299-3064/2493.mat,data/processed/samples/2493.npz,512,512,9175,111,217,132,239,106,107,107,84c071f2d6ed27cc6919bdacea5a231e831d2d04fcecb9a1b5c2afa986e52f23
2494,MR033389B,2,train,1512427/brainTumorDataPublic_2299-3064/2494.mat,data/processed/samples/2494.npz,512,512,4703,156,214,134,231,58,97,97,5e530e713f20c035a011e8af5e46dc6897dfed044868794501eacfd5f3c2dc0f
2495,MR033389B,2,train,1512427/brainTumorDataPublic_2299-3064/2495.mat,data/processed/samples/2495.npz,512,512,1782,163,202,151,210,39,59,59,edb4e9e1ebbd3ec29d76167204075d831412eeda0cf8d3253c933804410033e8
2496,MR024780E,2,train,1512427/brainTumorDataPublic_2299-3064/2496.mat,data/processed/samples/2496.npz,512,512,1073,187,248,297,334,61,37,61,71f2578932823bdb53617b00e825a2574b5fd6716895bfb25af739a21d6e07d1
2497,MR024780E,2,train,1512427/brainTumorDataPublic_2299-3064/2497.mat,data/processed/samples/2497.npz,512,512,631,195,246,306,333,51,27,51,16df50c40c388194061a3086461516da68bb786d61a3a5a591a9d4c6109adcc5
2498,MR024780E,2,train,1512427/brainTumorDataPublic_2299-3064/2498.mat,data/processed/samples/2498.npz,512,512,1902,175,246,296,365,71,69,71,560a9681124f3fea5a13e34595ce4d8d6306cc131b14c04d3841be4e1ffba233
2499,MR026175E,2,train,1512427/brainTumorDataPublic_2299-3064/2499.mat,data/processed/samples/2499.npz,512,512,959,213,250,268,303,37,35,37,c3b263c6d724fe6417c88c70c0ea5b3d62495514115b1328755d26c63415f6b1
2500,MR026175E,2,train,1512427/brainTumorDataPublic_2299-3064/2500.mat,data/processed/samples/2500.npz,512,512,2558,206,258,274,338,52,64,64,73ba23308efde56d25165d01728fef69bb86cdf1de226576e05274c519b2202d
2501,MR026175E,2,train,1512427/brainTumorDataPublic_2299-3064/2501.mat,data/processed/samples/2501.npz,512,512,3652,203,273,276,346,70,70,70,5fe35b638709284b14aad8183a5f3337f35f369feffa7f1a6b2cc33db7c1be8e
2502,MR026175E,2,train,1512427/brainTumorDataPublic_2299-3064/2502.mat,data/processed/samples/2502.npz,512,512,5381,189,302,248,347,113,99,113,5e41f1f6f7c001ccc077319b9142dc04b6d36f31416b5530a90e756fc1999e61
2503,MR026175E,2,train,1512427/brainTumorDataPublic_2299-3064/2503.mat,data/processed/samples/2503.npz,512,512,5596,200,295,249,353,95,104,104,96bc1e5abb2fda2707fb23d8248eb49dfa92782e50ac9c83ef237135e84efe3a
2504,MR026175E,2,train,1512427/brainTumorDataPublic_2299-3064/2504.mat,data/processed/samples/2504.npz,512,512,8714,172,293,264,359,121,95,121,dae564b1031eb8f3e736da77c348417c8e68b1c0802c0aebbab07e69ddf73561
2505,MR026175E,2,train,1512427/brainTumorDataPublic_2299-3064/2505.mat,data/processed/samples/2505.npz,512,512,3557,211,293,269,361,82,92,92,797fe7eec07cd6756f1aa31a9014fa5ea2829dc0744b1f9d5c3c055606e1f3e2
2506,MR026175E,2,train,1512427/brainTumorDataPublic_2299-3064/2506.mat,data/processed/samples/2506.npz,512,512,2222,226,290,304,361,64,57,64,1771cbee506c54fe4c6f1edc877bc122adb499df2552b4484087f259b3d4dcb9
2507,MR026175E,2,train,1512427/brainTumorDataPublic_2299-3064/2507.mat,data/processed/samples/2507.npz,512,512,755,280,311,288,325,31,37,37,2c33d2da0179d1a24dfa10f78683b759e46cef8898f708204d9e585baeaf2796
2508,MR026175E,2,train,1512427/brainTumorDataPublic_2299-3064/2508.mat,data/processed/samples/2508.npz,512,512,845,276,305,290,336,29,46,46,5dce6055121bb8ab06c27b1aa9d0a12b2813171b85ee1e4e973e65191fed9f58
2509,MR040240C,2,train,1512427/brainTumorDataPublic_2299-3064/2509.mat,data/processed/samples/2509.npz,512,512,5493,234,317,208,306,83,98,98,efca681f3d5aafb51c14a7617a5f4437d34a51e71096fe8a7964cfe0057dbbbf
2510,MR040240C,2,train,1512427/brainTumorDataPublic_2299-3064/2510.mat,data/processed/samples/2510.npz,512,512,5674,226,320,212,297,94,85,94,944ae546076490393930d573a9f25545d03c5d496af34d6c319a79f457753fce
2511,MR040240C,2,train,1512427/brainTumorDataPublic_2299-3064/2511.mat,data/processed/samples/2511.npz,512,512,2046,257,310,277,327,53,50,53,ebe6fc86aa89542c25e27f33681b76cb385022f840fec910eaba11a726e493ad
2512,MR040240C,2,train,1512427/brainTumorDataPublic_2299-3064/2512.mat,data/processed/samples/2512.npz,512,512,2555,256,311,268,327,55,59,59,4baf7fab13c3000997a32670a5dcdc0554b1b7c7ff89de188353e14496414e3d
2513,MR040240C,2,train,1512427/brainTumorDataPublic_2299-3064/2513.mat,data/processed/samples/2513.npz,512,512,3532,251,315,259,326,64,67,67,4eed57d56d844cb65271b050401388f2bd0ca2e764557c2dafef59283a9b0698
2514,MR040240C,2,train,1512427/brainTumorDataPublic_2299-3064/2514.mat,data/processed/samples/2514.npz,512,512,3829,245,321,255,323,76,68,76,13e86bc242a9a185174257ef7f06cdab7776ba09af5e363fbf54a3c92241e58f
2515,MR040240C,2,train,1512427/brainTumorDataPublic_2299-3064/2515.mat,data/processed/samples/2515.npz,512,512,3990,223,329,254,313,106,59,106,3db888b10dc2a633f9eb6b199448959d97d452dba475e080acda80f42a173cf5
2516,MR040240C,2,train,1512427/brainTumorDataPublic_2299-3064/2516.mat,data/processed/samples/2516.npz,512,512,8243,231,367,212,328,136,116,136,a020526f22d1b7e59bd0b1d2a28967170281277d3ff21caedb9a1784aff346ab
2517,MR040240C,2,train,1512427/brainTumorDataPublic_2299-3064/2517.mat,data/processed/samples/2517.npz,512,512,8822,224,363,212,342,139,130,139,9fc5ef9757c012b97f03141c5e724e4c326cbf960d8270db138f84df754979da
2518,MR040240C,2,train,1512427/brainTumorDataPublic_2299-3064/2518.mat,data/processed/samples/2518.npz,512,512,3475,226,279,210,307,53,97,97,d88f0ddae4656c616bb99a92dcca8c8f46d8dd293da7a29eb4452345a7046d60
2519,MR040240C,2,train,1512427/brainTumorDataPublic_2299-3064/2519.mat,data/processed/samples/2519.npz,512,512,3605,232,315,209,300,83,91,91,15c6adda14cde0ad4fe99d50a83a6e510f9fec889d4f975e074be503591a2643
2520,MR040240C,2,train,1512427/brainTumorDataPublic_2299-3064/2520.mat,data/processed/samples/2520.npz,512,512,10222,230,360,206,344,130,138,138,4c07311a3aeefa5a5625253bfda64a228ed4d1109bfa1a71f3ffe9d7d1838642
2521,MR040240C,2,train,1512427/brainTumorDataPublic_2299-3064/2521.mat,data/processed/samples/2521.npz,512,512,7806,262,347,184,321,85,137,137,44e941fed137aeeeecf16f8f82c453195913d6e44d7e07487d302848494fa1e3
2522,MR040240C,2,train,1512427/brainTumorDataPublic_2299-3064/2522.mat,data/processed/samples/2522.npz,512,512,2570,247,315,276,332,68,56,68,cad4289b92b0c21a6ab4b9b3500fb6eb62eedb2354943ffc610ec45576721582
2523,MR040240C,2,train,1512427/brainTumorDataPublic_2299-3064/2523.mat,data/processed/samples/2523.npz,512,512,2057,248,309,281,331,61,50,61,6518acacc1f88c13d703fd7aab4838fe15068fe54b0bd140bf0190eae8d80747
2524,MR017260F,2,test,1512427/brainTumorDataPublic_2299-3064/2524.mat,data/processed/samples/2524.npz,512,512,2199,138,198,187,248,60,61,61,8cb20874950d7813dd56fd236161cbd9b08de90712661f51080242f620f8c485
2525,MR017260F,2,test,1512427/brainTumorDataPublic_2299-3064/2525.mat,data/processed/samples/2525.npz,512,512,5512,121,212,178,275,91,97,97,3b6272cb35acba38b37ba5e411518fd5fd5f7c852bd5768be5f26c50f0ee0e0c
2526,MR017260F,2,test,1512427/brainTumorDataPublic_2299-3064/2526.mat,data/processed/samples/2526.npz,512,512,6600,116,214,173,272,98,99,99,945d1f13968e33aa7f6c453a1182a800bc98fd8a472d886cf3ee20cdb49462da
2527,MR017260F,2,test,1512427/brainTumorDataPublic_2299-3064/2527.mat,data/processed/samples/2527.npz,512,512,11666,108,251,157,266,143,109,143,c8b08c3a43c9585996fb60f3c89658da0d0fa218409a7f6411692e6e5fc69819
2528,MR017260F,2,test,1512427/brainTumorDataPublic_2299-3064/2528.mat,data/processed/samples/2528.npz,512,512,7445,122,238,165,264,116,99,116,b64b94dacae2c13000b929917a311f5ec0b87782a10ea81d1f25e3311047e720
2529,MR017260F,2,test,1512427/brainTumorDataPublic_2299-3064/2529.mat,data/processed/samples/2529.npz,512,512,8192,132,239,177,298,107,121,121,e078153965d3c71a9a8a893b8473dd18a809cbf31cf3aed198d53b8804d2c08d
2530,MR029209I,2,train,1512427/brainTumorDataPublic_2299-3064/2530.mat,data/processed/samples/2530.npz,512,512,2172,137,220,160,225,83,65,83,2f8c283b0351b0d54a39569b682515dd104da0c134c5244b0545f5b3281a347f
2531,MR029209I,2,train,1512427/brainTumorDataPublic_2299-3064/2531.mat,data/processed/samples/2531.npz,512,512,4264,126,219,155,254,93,99,99,0787aade9c616808ce2f4959c298791f80e2f46338f90c28da29c5547131038f
2532,MR029209I,2,train,1512427/brainTumorDataPublic_2299-3064/2532.mat,data/processed/samples/2532.npz,512,512,8242,76,218,123,236,142,113,142,c909931f4af87091d5de68e82d295b1dde5471e40a99fe94d8087a53325b9303
2533,MR029209I,2,train,1512427/brainTumorDataPublic_2299-3064/2533.mat,data/processed/samples/2533.npz,512,512,8970,60,212,122,236,152,114,152,0eeadb0024d135de9cec2bfba2eb98730f13bcb12f166c9a839f28b09cc00f80
2534,MR029209I,2,train,1512427/brainTumorDataPublic_2299-3064/2534.mat,data/processed/samples/2534.npz,512,512,8824,60,209,126,238,149,112,149,4feeba1eb8e374d650af95ffac3d1bc948299613e501abfdd568aff43a7a7818
2535,MR029209I,2,train,1512427/brainTumorDataPublic_2299-3064/2535.mat,data/processed/samples/2535.npz,512,512,6578,72,195,132,231,123,99,123,e78db0ac1549ef2dfbedf51fb36317bc8c62b0cffc1574fd752a4e318a7728b7
2536,MR029209I,2,train,1512427/brainTumorDataPublic_2299-3064/2536.mat,data/processed/samples/2536.npz,512,512,6199,75,194,143,219,119,76,119,b46d17d419a8bad32bcb5a3a38cbf839b529e9058f6b4327f55bf2fbb9e09135
2537,MR029209I,2,train,1512427/brainTumorDataPublic_2299-3064/2537.mat,data/processed/samples/2537.npz,512,512,5626,81,187,154,243,106,89,106,75cf0d909cf9b2a06d247ef93f01e693c2728b0cadad6a3887c20703fe5a50e9
2538,MR029209I,2,train,1512427/brainTumorDataPublic_2299-3064/2538.mat,data/processed/samples/2538.npz,512,512,4978,79,185,160,247,106,87,106,4a2ccc9bda9c5cceb2348d7b180d6824972b494bb00ad3334fb8acf8b555dcb6
2539,MR029209I,2,train,1512427/brainTumorDataPublic_2299-3064/2539.mat,data/processed/samples/2539.npz,512,512,4877,90,211,156,233,121,77,121,78820bd68eb068f49951b0bc1d48825153a872e651ceabeebdcfacf56a80d6a9
2540,MR048294,2,val,1512427/brainTumorDataPublic_2299-3064/2540.mat,data/processed/samples/2540.npz,512,512,291,181,203,265,286,22,21,22,27b13f21b204e24be6d0065aeed3e4fa0188e9674df2870b88d9072da7e96ddb
2541,MR048294,2,val,1512427/brainTumorDataPublic_2299-3064/2541.mat,data/processed/samples/2541.npz,512,512,671,169,199,265,294,30,29,30,9e12b79f8c1cfe16240649196738b65cf67e28cdec997c653f3db76618fe3d49
2542,MR048294,2,val,1512427/brainTumorDataPublic_2299-3064/2542.mat,data/processed/samples/2542.npz,512,512,2605,153,207,239,304,54,65,65,c0743a4024b0ce49e05a6fb39d302372d5da636ba7c4cd49a972cb68dc497caf
2543,MR048294,2,val,1512427/brainTumorDataPublic_2299-3064/2543.mat,data/processed/samples/2543.npz,512,512,3085,142,210,238,301,68,63,68,069c5ba0edc35b980622a0c231202e8e45078bdef0dbcb7562b8931844c8b711
2544,MR048294,2,val,1512427/brainTumorDataPublic_2299-3064/2544.mat,data/processed/samples/2544.npz,512,512,3213,143,212,238,297,69,59,69,57b760c9207268379866d0459d808b8fc8903b54f624059f13f3c74f14ef59bc
2545,MR048294,2,val,1512427/brainTumorDataPublic_2299-3064/2545.mat,data/processed/samples/2545.npz,512,512,2772,140,204,239,293,64,54,64,779c48913b72c2758f8a51e82d011f13ef09cf99547ce2214c6c29240579d6db
2546,MR051586,2,test,1512427/brainTumorDataPublic_2299-3064/2546.mat,data/processed/samples/2546.npz,512,512,6517,137,229,145,240,92,95,95,0da7072b812922308b058c61c83d894a4196e658a8726a624ca6bb7dc2d809fe
2547,MR051586,2,test,1512427/brainTumorDataPublic_2299-3064/2547.mat,data/processed/samples/2547.npz,512,512,6411,133,230,148,243,97,95,97,560e8c914f234cb4209429f41a4a81367ce915491f536a25f26bf5dfde209adc
2548,MR051586,2,test,1512427/brainTumorDataPublic_2299-3064/2548.mat,data/processed/samples/2548.npz,512,512,5427,136,230,153,239,94,86,94,b6fd4c13ad835f02e96793536f7a7b0730d0f59607b5dc7daa0261f7fdc3ef93
2549,MR051586,2,test,1512427/brainTumorDataPublic_2299-3064/2549.mat,data/processed/samples/2549.npz,512,512,5407,144,241,149,237,97,88,97,a0d053bcc6af130315a4e98cc0be9678dbd124b158c3f24cda79e4f807821b57
2550,MR051461B,2,test,1512427/brainTumorDataPublic_2299-3064/2550.mat,data/processed/samples/2550.npz,512,512,2148,98,170,255,303,72,48,72,9c29b26151c98f7624df7b5e4ad984a2f69a343db940101973c7043f844563c3
2551,MR051461B,2,test,1512427/brainTumorDataPublic_2299-3064/2551.mat,data/processed/samples/2551.npz,512,512,1908,100,174,257,299,74,42,74,5e841d676c454a2f74ab519146d1854e8cee8a761f44cebbbb9935fb92eb90bd
2552,MR051461B,2,test,1512427/brainTumorDataPublic_2299-3064/2552.mat,data/processed/samples/2552.npz,512,512,2103,96,153,256,303,57,47,57,9bf49f1a5feabe2ed9858f9f6d28200e9a44ba5b769ba84072156de011bbefc1
2553,MR051461B,2,test,1512427/brainTumorDataPublic_2299-3064/2553.mat,data/processed/samples/2553.npz,512,512,2173,95,140,258,326,45,68,68,232c4b4c98d8b06d6102b9601a5736d9dcb5a97148ee742382d73914b32ea2fd
2554,MR051644,2,val,1512427/brainTumorDataPublic_2299-3064/2554.mat,data/processed/samples/2554.npz,512,512,751,243,280,276,303,37,27,37,5bcd75be58b73c9f22f98529ce9ef7053cf34a85f8ac1908fd338f08629bea1d
2555,MR051644,2,val,1512427/brainTumorDataPublic_2299-3064/2555.mat,data/processed/samples/2555.npz,512,512,2279,215,282,267,313,67,46,67,69dfa5c0e540a8c18eccecc17c411b54f55982a92cb76aaaf9e7eb71b1f454b9
2556,MR051644,2,val,1512427/brainTumorDataPublic_2299-3064/2556.mat,data/processed/samples/2556.npz,512,512,7560,179,297,272,363,118,91,118,045abccd071045828e6564acc0e3a3d2e429d4251c3cd810e7f5c94cfabb32d7
2557,MR051644,2,val,1512427/brainTumorDataPublic_2299-3064/2557.mat,data/processed/samples/2557.npz,512,512,6447,186,296,279,357,110,78,110,4ae2c65e7ca45855ee7d1684e660ea44ad48b6cf477888e5c4eb272bb8fce43b
2558,MR051644,2,val,1512427/brainTumorDataPublic_2299-3064/2558.mat,data/processed/samples/2558.npz,512,512,3658,204,278,244,312,74,68,74,1e3b79ae482fe9403fc49b4080b888d49d12a56bb7bb6fd5d553373bfa8a7097
2559,MR051644,2,val,1512427/brainTumorDataPublic_2299-3064/2559.mat,data/processed/samples/2559.npz,512,512,8395,182,288,199,319,106,120,120,05c1f02d5a8e29581354374a4c8c9a85d6b39049a1a1c57397011c39f38e31a2
2560,MR051644,2,val,1512427/brainTumorDataPublic_2299-3064/2560.mat,data/processed/samples/2560.npz,512,512,9201,176,282,198,326,106,128,128,63e8918a22cc797a53667b7b9036e62dc7c57748c80b24905fbbd96cf95c604c
2561,MR051644,2,val,1512427/brainTumorDataPublic_2299-3064/2561.mat,data/processed/samples/2561.npz,512,512,9461,172,283,199,326,111,127,127,01bac4c9c9ef2846510fe878263a72b44cbdecc425afe0769050a3182817d024
2562,MR051644,2,val,1512427/brainTumorDataPublic_2299-3064/2562.mat,data/processed/samples/2562.npz,512,512,8956,166,269,199,325,103,126,126,e37973fd20da8ec87b7eed6aa1a04f414c5fa5eeff9c9e224e4796a41bc6edc3
2563,MR051644,2,val,1512427/brainTumorDataPublic_2299-3064/2563.mat,data/processed/samples/2563.npz,512,512,10938,167,283,197,333,116,136,136,01ff455e2411e0f72f7d5e8e0d91ec3d8f2e38bc518a0ff9d1b6ae222ea99e14
2564,MR051644,2,val,1512427/brainTumorDataPublic_2299-3064/2564.mat,data/processed/samples/2564.npz,512,512,14710,168,311,194,365,143,171,171,741db7ccddff574900debc19de529cd93c7bf659749c9a96c26a77ef5d5f267c
2565,MR051644,2,val,1512427/brainTumorDataPublic_2299-3064/2565.mat,data/processed/samples/2565.npz,512,512,13705,180,306,191,364,126,173,173,60c6bf2638bfc23357bc446facf1b2b8578fa02f9683175572832f5bccf9b153
2566,MR051651,2,train,1512427/brainTumorDataPublic_2299-3064/2566.mat,data/processed/samples/2566.npz,512,512,1331,171,209,282,327,38,45,45,08aac11a0ef50b7c497babccccb3a31435b4b6d6a101d45aaabdc4d8f42910a6
2567,MR051651,2,train,1512427/brainTumorDataPublic_2299-3064/2567.mat,data/processed/samples/2567.npz,512,512,3006,148,211,264,336,63,72,72,b5d2bf439f1fb5549faa34d2e1f0b62e57154ccd0c64c770107f4cfcfc7c6840
2568,MR051651,2,train,1512427/brainTumorDataPublic_2299-3064/2568.mat,data/processed/samples/2568.npz,512,512,4745,141,221,258,341,80,83,83,86a37d09c2bd982858d8b3a6d9973347a9a83d39bc703cc92127f82c359fd953
2569,MR051651,2,train,1512427/brainTumorDataPublic_2299-3064/2569.mat,data/processed/samples/2569.npz,512,512,5339,135,221,263,341,86,78,86,41207c30c81e8843403de57b05c764c1cb3547149dc7d7a77b0db2a30fa36be3
2570,MR051651,2,train,1512427/brainTumorDataPublic_2299-3064/2570.mat,data/processed/samples/2570.npz,512,512,5308,126,214,267,347,88,80,88,b2315765ad92ed753ef369adfce544d4e3cd7efe8191f2e632d231dc7659faff
2571,MR051651,2,train,1512427/brainTumorDataPublic_2299-3064/2571.mat,data/processed/samples/2571.npz,512,512,4661,122,204,269,345,82,76,82,15b02527ed6a563a55e053b31ffd28bd3d174deda44a657fb7bfe27e14699365
2572,MR051651,2,train,1512427/brainTumorDataPublic_2299-3064/2572.mat,data/processed/samples/2572.npz,512,512,2393,119,176,285,341,57,56,57,70001b875f7e4d1d5d3424b7ecd293d1ccc4d3a0158f2c65f6ecac51b9a553d7
2573,MR051796,2,train,1512427/brainTumorDataPublic_2299-3064/2573.mat,data/processed/samples/2573.npz,512,512,4183,69,157,259,328,88,69,88,0d9cb110b764f0c90bce5425bca38ea3493aa186096909df5dee665cd6de8346
2574,MR051796,2,train,1512427/brainTumorDataPublic_2299-3064/2574.mat,data/processed/samples/2574.npz,512,512,5768,70,163,259,347,93,88,93,a3aa845604786fced43d1aec1fa5c66d2fe1b605ed057149c792ec0ce1706fb0
2575,MR051796,2,train,1512427/brainTumorDataPublic_2299-3064/2575.mat,data/processed/samples/2575.npz,512,512,7055,72,183,260,343,111,83,111,18e3ec6bd4e68769ce99c2001ee798a3dc65b7e243e39b5158a85bb645392c29
2576,MR051796,2,train,1512427/brainTumorDataPublic_2299-3064/2576.mat,data/processed/samples/2576.npz,512,512,8063,80,186,256,362,106,106,106,cd024c025202acc77d5acd5935367d2cdbf8b7c5cff406cbc2ae08b34577f791
2577,MR051796,2,train,1512427/brainTumorDataPublic_2299-3064/2577.mat,data/processed/samples/2577.npz,512,512,6008,96,181,256,368,85,112,112,081578b5471b0d115543892480a3f9cd0881a15ed9467cfdfa9f739732de59d5
2578,MR051796,2,train,1512427/brainTumorDataPublic_2299-3064/2578.mat,data/processed/samples/2578.npz,512,512,3454,106,166,265,355,60,90,90,4831dd0369c19e43c3f2c749d9ae0dae3da6923b9aec8abb2be4fb692e2cb875
2579,MR051651B,2,test,1512427/brainTumorDataPublic_2299-3064/2579.mat,data/processed/samples/2579.npz,512,512,1898,153,199,262,332,46,70,70,6d76d0d20ab067f1daf7ad5e7fe11f306e99d27d1c454dc23eb02dc5a3d21096
2580,MR051651B,2,test,1512427/brainTumorDataPublic_2299-3064/2580.mat,data/processed/samples/2580.npz,512,512,3297,147,219,261,330,72,69,72,0b23b44328ce406577ab84b81ad670a287f54f8fda72d7f811bfd33c554db98c
2581,MR051651B,2,test,1512427/brainTumorDataPublic_2299-3064/2581.mat,data/processed/samples/2581.npz,512,512,3760,139,214,263,335,75,72,75,a47ea09db597ea44972500b9ac879c5e5ccb18ec201ecce94dc78f66b264ced0
2582,MR051651B,2,test,1512427/brainTumorDataPublic_2299-3064/2582.mat,data/processed/samples/2582.npz,512,512,4104,132,224,260,331,92,71,92,dbb02112437319e5a4664a7537d0dad7aff1ee982155eada6cdfbe65bb749db0
2583,MR051651B,2,test,1512427/brainTumorDataPublic_2299-3064/2583.mat,data/processed/samples/2583.npz,512,512,2650,132,195,270,331,63,61,63,c01725529c9612ccb278c408a1c64a82a7e253fbd381bbcf1945a1ab7a90c626
2584,MR051651B,2,test,1512427/brainTumorDataPublic_2299-3064/2584.mat,data/processed/samples/2584.npz,512,512,2526,126,195,277,330,69,53,69,79389f4ab526deda6e7d5003803097bed64680a3c4809349b77dc5aa5b889a9a
2585,MR051651B,2,test,1512427/brainTumorDataPublic_2299-3064/2585.mat,data/processed/samples/2585.npz,512,512,3117,127,191,262,341,64,79,79,be69b9028584c016ad0b0dfd1cef781dbd346c4ad9c7cfd70521bca4630434c4
2586,MR051796B,2,train,1512427/brainTumorDataPublic_2299-3064/2586.mat,data/processed/samples/2586.npz,512,512,4738,106,180,231,314,74,83,83,6a78128e145624fb7c4569f25d6b856b0380f853e7f063846c1e41bc263aa76d
2587,MR051796B,2,train,1512427/brainTumorDataPublic_2299-3064/2587.mat,data/processed/samples/2587.npz,512,512,4577,100,164,223,314,64,91,91,29967ce78c7567c897951588e9e7ba0993f2587f9deff3af82330383212db407
2588,MR051796B,2,train,1512427/brainTumorDataPublic_2299-3064/2588.mat,data/processed/samples/2588.npz,512,512,1601,99,141,241,299,42,58,58,61de674fdbd67ad2bb0812023975fde4bf23e42b3d556054659faa707e0766d6
2589,MR052550,2,train,1512427/brainTumorDataPublic_2299-3064/2589.mat,data/processed/samples/2589.npz,512,512,2249,263,318,226,283,55,57,57,b5ec24c73b753a650e123e083f808067c78ada37fb3f28d833abe882a372ae70
2590,MR052550,2,train,1512427/brainTumorDataPublic_2299-3064/2590.mat,data/processed/samples/2590.npz,512,512,3303,257,322,222,287,65,65,65,523366ec09be6444b3b29ddcda31786d256c52a12639f233638ba5386b35c0b2
2591,MR052550,2,train,1512427/brainTumorDataPublic_2299-3064/2591.mat,data/processed/samples/2591.npz,512,512,3678,254,331,223,286,77,63,77,a596794f4f193dd282d0a2e723697277b69446fa7d31e94102d9487ffeeb34fe
2592,MR052550,2,train,1512427/brainTumorDataPublic_2299-3064/2592.mat,data/processed/samples/2592.npz,512,512,4304,251,326,205,284,75,79,79,9f8970ee95616a0d5e71e4e79a0a000c0c883be14c2f4622464a6faf97f27920
2593,MR052550,2,train,1512427/brainTumorDataPublic_2299-3064/2593.mat,data/processed/samples/2593.npz,512,512,3843,255,317,198,284,62,86,86,88e450562ec01ad6d6fb7217924c06aac8e5a64c4f224f24fc223ebcd683b866
2594,MR052550,2,train,1512427/brainTumorDataPublic_2299-3064/2594.mat,data/processed/samples/2594.npz,512,512,3024,259,312,202,280,53,78,78,a9cbed485e0184090b63e796c2fb0237859c09a3457eb10b0451feb0c685ce3b
2595,MR051644C,2,val,1512427/brainTumorDataPublic_2299-3064/2595.mat,data/processed/samples/2595.npz,512,512,3215,60,117,221,311,57,90,90,a9d4fe5a7655515d546f0a1138f82b74c217f4f53d5aa4bb92886dc35c173ec8
2596,MR051644C,2,val,1512427/brainTumorDataPublic_2299-3064/2596.mat,data/processed/samples/2596.npz,512,512,3329,60,127,209,284,67,75,75,0d09c5ac29a8f43743c21e01cd833d570a7deeddf2d192b61e03bb372e1ec35f
2597,MR051644C,2,val,1512427/brainTumorDataPublic_2299-3064/2597.mat,data/processed/samples/2597.npz,512,512,4522,87,180,232,299,93,67,93,5499a7379daa18cdf658a35badeb6dbbe06fdbe34cf9d6ad432312f87350f570
2598,MR051644C,2,val,1512427/brainTumorDataPublic_2299-3064/2598.mat,data/processed/samples/2598.npz,512,512,4139,93,167,232,305,74,73,74,6688c8b477f408d959286724d9618f2c0b6cd893506bf7b3218d35792a3517d8
2599,MR051644C,2,val,1512427/brainTumorDataPublic_2299-3064/2599.mat,data/processed/samples/2599.npz,512,512,2600,103,161,245,302,58,57,58,3ec0dc63e5562f89d938cd86988d5d487b67529acc324c3e9f5a562998295615
2600,MR051644C,2,val,1512427/brainTumorDataPublic_2299-3064/2600.mat,data/processed/samples/2600.npz,512,512,13621,116,242,187,356,126,169,169,ee0ef3e57f2da170d01b2aa5a5a789aaefb09e90fd3d94e90e9475e84c560936
2601,MR051644C,2,val,1512427/brainTumorDataPublic_2299-3064/2601.mat,data/processed/samples/2601.npz,512,512,12449,125,243,188,359,118,171,171,167c0b579adde27f4cc449bd3e9a22724a6c4d66e27e5568b586e856d1696ff8
2602,MR051644C,2,val,1512427/brainTumorDataPublic_2299-3064/2602.mat,data/processed/samples/2602.npz,512,512,8429,117,207,186,314,90,128,128,f13275092c4bd1a691d6efe78f0ccb3def8769678f79e442adee0d96ff84e1dc
2603,MR051644C,2,val,1512427/brainTumorDataPublic_2299-3064/2603.mat,data/processed/samples/2603.npz,512,512,7790,101,200,188,296,99,108,108,d937d8655cadb675397f410adfb69792070f6660cac0e591879c68bff50ce420
2604,MR051644C,2,val,1512427/brainTumorDataPublic_2299-3064/2604.mat,data/processed/samples/2604.npz,512,512,7926,108,208,187,302,100,115,115,b86917f329688f965f9e9fdbbd0abb4bbde16270dcb7431ba4cb9d5ac13de8d9
2605,MR051644C,2,val,1512427/brainTumorDataPublic_2299-3064/2605.mat,data/processed/samples/2605.npz,512,512,6959,115,219,188,289,104,101,104,13a3ee65dc24d1b06675f2981d3c33387b304f5944e6cd1ffea3abdd2c88b2dc
2606,MR051644C,2,val,1512427/brainTumorDataPublic_2299-3064/2606.mat,data/processed/samples/2606.npz,512,512,12819,65,221,187,318,156,131,156,d0869d40f04bf27dbf82015f9ea697e1b2b5b6708c77f967508664f9bb537db1
2607,MR051644C,2,val,1512427/brainTumorDataPublic_2299-3064/2607.mat,data/processed/samples/2607.npz,512,512,9665,78,212,186,303,134,117,134,6f832d2c3da0d27ecb3df89985766fbab4c243cbe906a3df2506a48c3126e116
2608,MR049942B,2,train,1512427/brainTumorDataPublic_2299-3064/2608.mat,data/processed/samples/2608.npz,512,512,7693,259,352,216,330,93,114,114,efe86e90941551386ede54a3933481e8a722bd3f30adcf7528e96a77e1b8b093
2609,MR049942B,2,train,1512427/brainTumorDataPublic_2299-3064/2609.mat,data/processed/samples/2609.npz,512,512,4132,257,332,242,315,75,73,75,97bfcd95da34735e0587c1ef2b623a438c2c56678bf30fb3d670e0d942cc01d7
2610,MR049942B,2,train,1512427/brainTumorDataPublic_2299-3064/2610.mat,data/processed/samples/2610.npz,512,512,5678,263,356,242,324,93,82,93,7d8c4ad60c42b001842036b7ff629a06c8f8af79a65987471558b3315f5dc237
2611,MR049942B,2,train,1512427/brainTumorDataPublic_2299-3064/2611.mat,data/processed/samples/2611.npz,512,512,3478,275,335,243,313,60,70,70,16bf6ff2190a1ec83aa42dc2d791e8908484d3a8503ed0ffb3c9daf46ca2927a
2612,MR047953C,2,val,1512427/brainTumorDataPublic_2299-3064/2612.mat,data/processed/samples/2612.npz,512,512,573,227,255,200,227,28,27,28,93bdfe1b5b3457c0fd1fdf78c19975fe5c7878e0e83d17052ba21d3631c23552
2613,MR047953C,2,val,1512427/brainTumorDataPublic_2299-3064/2613.mat,data/processed/samples/2613.npz,512,512,1274,261,303,217,259,42,42,42,64a5d03fe8704a81fec2b0c2bf1545d9038c6ae64b298839a5d4b6f419f5d82d
2614,MR047953C,2,val,1512427/brainTumorDataPublic_2299-3064/2614.mat,data/processed/samples/2614.npz,512,512,996,269,302,219,260,33,41,41,02ece0aaf787a75520859b021fe9d03b7adf34d9bb709a343af746d0501d21f0
2615,MR047953C,2,val,1512427/brainTumorDataPublic_2299-3064/2615.mat,data/processed/samples/2615.npz,512,512,863,268,298,222,260,30,38,38,f7353c070ccf4efa5baf635cc23603f0e3adbb9e40fd188fb18b3571a2d7ce6c
2616,MR047953C,2,val,1512427/brainTumorDataPublic_2299-3064/2616.mat,data/processed/samples/2616.npz,512,512,795,271,294,221,264,23,43,43,cabd0ce707843c05f1e54643a36f4ca1e0bf169e9d68b980a75296c3e2499e45
2617,MR053110B,2,train,1512427/brainTumorDataPublic_2299-3064/2617.mat,data/processed/samples/2617.npz,512,512,6802,152,314,310,392,162,82,162,537c86fa1d3298db3a512f667d3202beb8b065166a66139cd427d6c18f6e748a
2618,MR053110B,2,train,1512427/brainTumorDataPublic_2299-3064/2618.mat,data/processed/samples/2618.npz,512,512,7365,133,313,305,391,180,86,180,0ce22b34b0bfd2d10c9dd2fe347f1a84053bd8309644042193488b1bd89129f4
2619,MR053110B,2,train,1512427/brainTumorDataPublic_2299-3064/2619.mat,data/processed/samples/2619.npz,512,512,9511,121,321,300,401,200,101,200,0522339ebfdbe9d7369cdc9ccc0bfe05eded26e78e757ae7ddd40b3fb1163ed8
2620,MR053110B,2,train,1512427/brainTumorDataPublic_2299-3064/2620.mat,data/processed/samples/2620.npz,512,512,8779,139,315,295,406,176,111,176,593e3d1e921eb239baad8674b6fda43b7f7d317f458cb21051ead6067d4b5caf
2621,MR053110B,2,train,1512427/brainTumorDataPublic_2299-3064/2621.mat,data/processed/samples/2621.npz,512,512,7727,176,304,298,413,128,115,128,3d825ec71ca6f6e2341a37c66622c1ae017a231cf1150d1070308a9b2a5c2abc
2622,MR053110B,2,train,1512427/brainTumorDataPublic_2299-3064/2622.mat,data/processed/samples/2622.npz,512,512,7452,183,299,301,405,116,104,116,94dcdccee790b44569629535d083a073f55b010e8a6b40c0aba21204a288eff6
2623,MR053110B,2,train,1512427/brainTumorDataPublic_2299-3064/2623.mat,data/processed/samples/2623.npz,512,512,7370,189,296,299,399,107,100,107,59308550a5841f09fad66a63e09c66a8d2630157fe2a33dbdeb90b58860e9c4f
2624,MR034694,2,train,1512427/brainTumorDataPublic_2299-3064/2624.mat,data/processed/samples/2624.npz,512,512,2399,231,272,262,340,41,78,78,460c7f27d2a23eb3031573b651fde509d1e9e1cbf0a26c7c52302dd3bf714e3a
2625,MR034694,2,train,1512427/brainTumorDataPublic_2299-3064/2625.mat,data/processed/samples/2625.npz,512,512,2418,153,189,212,298,36,86,86,58c85c084c7330c959ad578e6e44c13832e419b3119f89c1a17ee73b8cca3bfb
2626,MR034694,2,train,1512427/brainTumorDataPublic_2299-3064/2626.mat,data/processed/samples/2626.npz,512,512,5305,156,231,216,320,75,104,104,3631ef2b9884219ba55873b00c9f4948364b4040e1397b53d38e109d8c51f157
2627,MR034694,2,train,1512427/brainTumorDataPublic_2299-3064/2627.mat,data/processed/samples/2627.npz,512,512,3122,147,212,263,326,65,63,65,15a859a0702c5ac03d82b965404fc93fbc7f74c271a2b04ac3dd070a595cefce
2628,MR034694,2,train,1512427/brainTumorDataPublic_2299-3064/2628.mat,data/processed/samples/2628.npz,512,512,6243,143,239,228,322,96,94,96,f0ff45685013454b87366ebb900923a53234fd8afa8a2c3db5542ba2c732e8aa
2629,MR034694,2,train,1512427/brainTumorDataPublic_2299-3064/2629.mat,data/processed/samples/2629.npz,512,512,6629,145,245,231,321,100,90,100,c4e3d0e0dc911e9f3dd54b4b7bccf2bfec6259bc83cafca0a2dffdeaba4e49fe
2630,MR034694,2,train,1512427/brainTumorDataPublic_2299-3064/2630.mat,data/processed/samples/2630.npz,512,512,4659,144,216,234,324,72,90,90,17a4408f206719a6417700dd71648fc51c71ab9f39a608d03b8b0a0bd4a6fdb0
2631,MR054683,2,train,1512427/brainTumorDataPublic_2299-3064/2631.mat,data/processed/samples/2631.npz,512,512,1329,266,311,235,273,45,38,45,de9dabaf00f4a189a6acb114f88bbf31a976b03875155c84ccdd116c9515ed17
2632,MR054683,2,train,1512427/brainTumorDataPublic_2299-3064/2632.mat,data/processed/samples/2632.npz,512,512,2545,272,334,228,286,62,58,62,70b0f3602f335da0688f122be608b7caea02e3c204fb938ddbbc009af82b731d
2633,MR054683,2,train,1512427/brainTumorDataPublic_2299-3064/2633.mat,data/processed/samples/2633.npz,512,512,1642,274,317,233,285,43,52,52,5f6253909393813a001512da8e7cb2fda158759b962ac348f4bca2a039af7bec
2634,MR050687C,2,train,1512427/brainTumorDataPublic_2299-3064/2634.mat,data/processed/samples/2634.npz,512,512,4863,233,323,129,221,90,92,92,956f2d98038189c530ef73f7944dfc25f7ddd527c869a9fd8144a4d8c70ba32e
2635,MR050687C,2,train,1512427/brainTumorDataPublic_2299-3064/2635.mat,data/processed/samples/2635.npz,512,512,7311,225,329,125,237,104,112,112,29c9bcd2b86b2b1cfc3791a2d8a3513ba9591b0f320743befa1eb673d2d8a42d
2636,MR050687C,2,train,1512427/brainTumorDataPublic_2299-3064/2636.mat,data/processed/samples/2636.npz,512,512,7361,224,324,125,231,100,106,106,51024a2e021447ec01fd4855dbffa9b747cf02366c0dabfc7a6163ce3b0b9ed0
2637,MR050687C,2,train,1512427/brainTumorDataPublic_2299-3064/2637.mat,data/processed/samples/2637.npz,512,512,7308,231,322,119,230,91,111,111,f2a9c9b75a89e792f0560bf2939199127dbdeaca2967e46d6767239366c615b3
2638,MR050687C,2,train,1512427/brainTumorDataPublic_2299-3064/2638.mat,data/processed/samples/2638.npz,512,512,6926,231,316,117,235,85,118,118,e7941299fd9305eb274abc1e6ed3be589e95b87b9f750b2fcc9267733f1a643c
2639,MR050687C,2,train,1512427/brainTumorDataPublic_2299-3064/2639.mat,data/processed/samples/2639.npz,512,512,5449,231,292,118,226,61,108,108,74fc1acb19fca0a2b3caf595c322896b2f49ce08bccbfd7308d2f35053c64a4c
2640,MR050687C,2,train,1512427/brainTumorDataPublic_2299-3064/2640.mat,data/processed/samples/2640.npz,512,512,3017,245,284,120,228,39,108,108,8eb83af79c92bf74a8d273192ef314d872e1853f5cbf5f0b82416d5dc5228a05
2641,MR049242C,2,train,1512427/brainTumorDataPublic_2299-3064/2641.mat,data/processed/samples/2641.npz,512,512,1282,158,220,154,182,62,28,62,47aee0ebfdd496f23108a81b95009ca6e6c593d1a52fff461d31e9797012591f
2642,MR049242C,2,train,1512427/brainTumorDataPublic_2299-3064/2642.mat,data/processed/samples/2642.npz,512,512,939,152,209,152,177,57,25,57,cad635a5f3e1be6d7c30e372a41f247c23b6e875da2c1c75c4f3f459abaee902
2643,MR049242C,2,train,1512427/brainTumorDataPublic_2299-3064/2643.mat,data/processed/samples/2643.npz,512,512,1555,151,216,152,189,65,37,65,462a35c34eba582686f70b3ad6ea7798bc42a8a745d9025500e9983e94534bb8
2644,MR049242C,2,train,1512427/brainTumorDataPublic_2299-3064/2644.mat,data/processed/samples/2644.npz,512,512,1506,142,195,143,185,53,42,53,95194727d3858eba4d67fa58c7c5f89c114e072f0bca1e3cb4419a447e67922e
2645,MR049242C,2,train,1512427/brainTumorDataPublic_2299-3064/2645.mat,data/processed/samples/2645.npz,512,512,2382,138,189,121,188,51,67,67,7ab8b7d97318ad49b42d81982ebf3fbad83a236e4275fa3efd78609e7058044d
2646,MR053241C,2,train,1512427/brainTumorDataPublic_2299-3064/2646.mat,data/processed/samples/2646.npz,512,512,2171,103,163,182,233,60,51,60,8be519383402ede73d966b227ef8b3adf94c58cc54494bf6f9bbab6ef5558802
2647,MR053241C,2,train,1512427/brainTumorDataPublic_2299-3064/2647.mat,data/processed/samples/2647.npz,512,512,1473,230,273,166,247,43,81,81,203ca0e204edc004baed189c31163478ca0a648b5e903938fdf7f2f9c876896a
2648,MR053241C,2,train,1512427/brainTumorDataPublic_2299-3064/2648.mat,data/processed/samples/2648.npz,512,512,1262,226,265,177,249,39,72,72,f1021e1fbd6a409d92bfe83cc35cd875cdb9510c9e5e7078e3a62443f0e6454a
2649,MR053241C,2,train,1512427/brainTumorDataPublic_2299-3064/2649.mat,data/processed/samples/2649.npz,512,512,1373,228,265,172,245,37,73,73,14ab84cf306d04b842d022d5bfa5b2d02a608662218be1690f373e15f2152fe1
2650,MR034997,2,train,1512427/brainTumorDataPublic_2299-3064/2650.mat,data/processed/samples/2650.npz,512,512,2655,192,260,168,220,68,52,68,16d7fe6818055513dfef5e2792c28211ec53386bb0ce507319bea1321009c424
2651,MR034997,2,train,1512427/brainTumorDataPublic_2299-3064/2651.mat,data/processed/samples/2651.npz,512,512,5749,189,284,151,231,95,80,95,a65e52b074e6ec64659b7bf1c528d0cf68d9dd8123ac935a94252180b6228c32
2652,MR034997,2,train,1512427/brainTumorDataPublic_2299-3064/2652.mat,data/processed/samples/2652.npz,512,512,6386,181,269,142,241,88,99,99,2a5f6484ef6015babc6672df0ed0025e71608c6b720e2e90aa8a7e80418091ec
2653,MR034997,2,train,1512427/brainTumorDataPublic_2299-3064/2653.mat,data/processed/samples/2653.npz,512,512,5903,181,265,145,239,84,94,94,3687ce5597dccd742f6df4f296e0ffa070f7c3df38074579c5f8d0f72f96e591
2654,MR034997,2,train,1512427/brainTumorDataPublic_2299-3064/2654.mat,data/processed/samples/2654.npz,512,512,6571,187,272,144,245,85,101,101,d4e12870cb2fe02e518e24b89cf090a21d7c33d50ca9d83fe6d963c259ac7eaa
2655,MR034997,2,train,1512427/brainTumorDataPublic_2299-3064/2655.mat,data/processed/samples/2655.npz,512,512,5350,198,273,148,242,75,94,94,86aaecf01ddf654bb4e9ff66bc3c3a7e3eced0f4de6c74de19428075b700ee36
2656,MR034997,2,train,1512427/brainTumorDataPublic_2299-3064/2656.mat,data/processed/samples/2656.npz,512,512,4186,216,272,158,255,56,97,97,c1f4a78348db6ae0dc410b2e9360604ae200d82a5b252f106e6e597c302a8d94
2657,MR029209E,2,train,1512427/brainTumorDataPublic_2299-3064/2657.mat,data/processed/samples/2657.npz,512,512,11048,85,235,114,230,150,116,150,49cdf2e25cc2f5c8fbfa2ae7bff9fb27c432197ed4e05baffa51a09d8c3b0e95
2658,MR029209E,2,train,1512427/brainTumorDataPublic_2299-3064/2658.mat,data/processed/samples/2658.npz,512,512,9999,82,232,115,218,150,103,150,9ec6c7453238c2d1773e45ab69824ed846b0d893e550a35d6bc2cbb47064637a
2659,MR029209E,2,train,1512427/brainTumorDataPublic_2299-3064/2659.mat,data/processed/samples/2659.npz,512,512,9455,96,227,126,225,131,99,131,eb5c62e2eacc3f6d764704a6eac1dae416d4b43bacc0330cf0694392c7e008c2
2660,MR029209E,2,train,1512427/brainTumorDataPublic_2299-3064/2660.mat,data/processed/samples/2660.npz,512,512,7511,106,221,134,248,115,114,115,29ab62e1d28b14dd4d5b217843211c516f50a074063222edf4fbdb188b532f18
2661,MR029209E,2,train,1512427/brainTumorDataPublic_2299-3064/2661.mat,data/processed/samples/2661.npz,512,512,5368,124,211,146,246,87,100,100,0aa840e7eeffb10f59b11bff249a1624db3da21b6e8df9c9ad903b3d44df8634
2662,MR029209E,2,train,1512427/brainTumorDataPublic_2299-3064/2662.mat,data/processed/samples/2662.npz,512,512,4886,113,223,155,217,110,62,110,a5902ef5157c5653ebeba80357d7316e83a6d72a8e93f72a2bde7b96ea52c09f
2663,MR029209E,2,train,1512427/brainTumorDataPublic_2299-3064/2663.mat,data/processed/samples/2663.npz,512,512,2741,126,197,166,224,71,58,71,05b279353581f409cbd3d55ac0d57127161b3a05a598c96190394967a4948ab5
2664,MR053110E,2,train,1512427/brainTumorDataPublic_2299-3064/2664.mat,data/processed/samples/2664.npz,512,512,4390,218,308,305,379,90,74,90,3193cd7347d9f7a42123aa851ab135cc23e718596482d16d1e8dd06975e1e0b6
2665,MR053110E,2,train,1512427/brainTumorDataPublic_2299-3064/2665.mat,data/processed/samples/2665.npz,512,512,6171,227,317,300,399,90,99,99,89b29ba3c040c8998cd2e90f0fba6fe3c36a0f3bc6c3548b3086955bfa20ff76
2666,MR053110E,2,train,1512427/brainTumorDataPublic_2299-3064/2666.mat,data/processed/samples/2666.npz,512,512,4655,186,278,289,383,92,94,94,79f83b755eaa5e5bfc4b6e803832a1dcf6385bbbb57121d8350857bd78bc3497
2667,MR053110E,2,train,1512427/brainTumorDataPublic_2299-3064/2667.mat,data/processed/samples/2667.npz,512,512,7357,212,322,301,398,110,97,110,617fbdc1378f295af2f421b3607779266b39622ca28c7c31060fd4db5b9618c4
2668,MR053110E,2,train,1512427/brainTumorDataPublic_2299-3064/2668.mat,data/processed/samples/2668.npz,512,512,7384,200,319,298,396,119,98,119,1a065d456fe20c1f25fd1f870fc9959e754808cbe9b32c1636bbaf2998ebd191
2669,MR053110E,2,train,1512427/brainTumorDataPublic_2299-3064/2669.mat,data/processed/samples/2669.npz,512,512,8533,196,322,293,401,126,108,126,39c67060f2e951407b8e72eb91995269c83f823659e79b0e77494b798a807ba9
2670,MR053110E,2,train,1512427/brainTumorDataPublic_2299-3064/2670.mat,data/processed/samples/2670.npz,512,512,9380,182,302,286,400,120,114,120,9641b45c9f7ce3e7e7ea296e2df13b4dd9e5dd1320801c837d287acf7ef5c4ad
2671,MR053110E,2,train,1512427/brainTumorDataPublic_2299-3064/2671.mat,data/processed/samples/2671.npz,512,512,8059,179,301,284,402,122,118,122,0f6cd778dfaf7b6903ccd2b93a426045ba1f7c382825691037d615d91ea548dd
2672,MR053110E,2,train,1512427/brainTumorDataPublic_2299-3064/2672.mat,data/processed/samples/2672.npz,512,512,11706,165,299,256,403,134,147,147,ae9d171f64669014c093ccddd812096466631e7c8ad14ebfed86bf375704b01d
2673,MR053110E,2,train,1512427/brainTumorDataPublic_2299-3064/2673.mat,data/processed/samples/2673.npz,512,512,10016,171,295,264,398,124,134,134,84800481e1611e0cc12289b73c65532d4adb8eb21905361216abd2d01d78bb13
2674,MR053110E,2,train,1512427/brainTumorDataPublic_2299-3064/2674.mat,data/processed/samples/2674.npz,512,512,8667,175,292,272,399,117,127,127,c2112bf7f2c1b83c69773c09b612f699c1cde2e4a769b9d8854beb877390e728
2675,MR049019G,2,val,1512427/brainTumorDataPublic_2299-3064/2675.mat,data/processed/samples/2675.npz,512,512,5136,91,176,174,265,85,91,91,86ddcb755397ade3c5a23a927fbb730173afa52c31083cc2759e7f034831a5e1
2676,MR049019G,2,val,1512427/brainTumorDataPublic_2299-3064/2676.mat,data/processed/samples/2676.npz,512,512,6117,103,200,158,256,97,98,98,204acd580b0a4e4da179fccb4092a4370fec97f18049d632c65459b8914ded35
2677,MR049019G,2,val,1512427/brainTumorDataPublic_2299-3064/2677.mat,data/processed/samples/2677.npz,512,512,7069,102,220,167,266,118,99,118,dcbb86cbbd4ad373dc1f7a39b8972ef6cef8e41496fc4ca9746f7e915d8bf7b1
2678,MR031409B,2,train,1512427/brainTumorDataPublic_2299-3064/2678.mat,data/processed/samples/2678.npz,512,512,2187,72,131,203,263,59,60,60,3ecc924763edc2dfd123383931395a1f8c7133f523ef1ba7596069964014417b
2679,MR031409B,2,train,1512427/brainTumorDataPublic_2299-3064/2679.mat,data/processed/samples/2679.npz,512,512,1478,68,109,206,262,41,56,56,192eb8960bc9b38efbb0d940f925a9f75c12bea8489941ea87fd94846d20782f
2680,MR024780D,2,train,1512427/brainTumorDataPublic_2299-3064/2680.mat,data/processed/samples/2680.npz,512,512,1539,164,206,323,384,42,61,61,c00368516c8f9b289ed93d96c69cff669d40e07c46273e7372b139d96356bc5b
2681,MR024780D,2,train,1512427/brainTumorDataPublic_2299-3064/2681.mat,data/processed/samples/2681.npz,512,512,1110,167,198,328,373,31,45,45,0580b7f38b0db8e80bbf88b1281b83eea3245d61f6b12f08fa4d2b2685764fa1
2682,MR038469,2,train,1512427/brainTumorDataPublic_2299-3064/2682.mat,data/processed/samples/2682.npz,512,512,1994,255,307,250,302,52,52,52,ea4983e5d99a56e4daf6c4517166cffc41e95b725cf6ddefbbd4d5e2e82e1cd3
2683,MR038469,2,train,1512427/brainTumorDataPublic_2299-3064/2683.mat,data/processed/samples/2683.npz,512,512,3097,253,310,245,317,57,72,72,f604b50dbff679b8d0ed0fa0b2e8eaff9099acd1477cc7dd35c3af02d56a0072
2684,MR038469,2,train,1512427/brainTumorDataPublic_2299-3064/2684.mat,data/processed/samples/2684.npz,512,512,2418,263,309,248,317,46,69,69,2fbea26592032c7bf0a987a071d93e678985afea47be2e7b49bad61c040351cc
2685,MR038469,2,train,1512427/brainTumorDataPublic_2299-3064/2685.mat,data/processed/samples/2685.npz,512,512,1931,265,308,254,314,43,60,60,9f13d98db37d3dc410ff4dd88af0bbfd3706299d6f16a4e6a7954ac0086ffe3f
2686,MR038469,2,train,1512427/brainTumorDataPublic_2299-3064/2686.mat,data/processed/samples/2686.npz,512,512,1065,272,307,271,314,35,43,43,d3412d5653b5ce61b25ed17662c94671df1a621f783e20a1c8fc92e28126b7a6
2687,MR038469,2,train,1512427/brainTumorDataPublic_2299-3064/2687.mat,data/processed/samples/2687.npz,512,512,859,241,269,286,327,28,41,41,7ab0614db1e50925fbb2357d2a16dddf59b8e84e7d6af3b7b21f09005522748a
2688,MR032322C,2,train,1512427/brainTumorDataPublic_2299-3064/2688.mat,data/processed/samples/2688.npz,512,512,3296,268,327,154,229,59,75,75,5c384bf522880833e186909d0e9ba1948f9861a5683fa2868afa998c76bcb6f7
2689,MR032322C,2,train,1512427/brainTumorDataPublic_2299-3064/2689.mat,data/processed/samples/2689.npz,512,512,5334,162,241,145,235,79,90,90,02fffa139cfbc09384d361eb420f591d63077cfa01d48f97d623c28e019bd7cb
2690,MR032322C,2,train,1512427/brainTumorDataPublic_2299-3064/2690.mat,data/processed/samples/2690.npz,512,512,5681,161,246,144,234,85,90,90,fc5d24bac5e95a7e0f74cbd24dc0f73fe461e9afedd28d7ae94b7bdd3653d5e8
2691,MR032322C,2,train,1512427/brainTumorDataPublic_2299-3064/2691.mat,data/processed/samples/2691.npz,512,512,4713,172,251,148,234,79,86,86,a12788fd12da55638055861bb6a93d9fef8d4e76228289246889f786982ede75
2692,MR032322C,2,train,1512427/brainTumorDataPublic_2299-3064/2692.mat,data/processed/samples/2692.npz,512,512,4185,179,255,150,232,76,82,82,916ba2cf3a9270bfdab1c9c8b8eecc24fd988a5c63217a3fec1a33063a5dde8c
2693,MR032322C,2,train,1512427/brainTumorDataPublic_2299-3064/2693.mat,data/processed/samples/2693.npz,512,512,1812,195,248,178,227,53,49,53,8ffa1b2930fcf44dec616ae970eeed9e9616b2bd3c3e5933443f0ffcf2a8a8c5
2694,MR032322C,2,train,1512427/brainTumorDataPublic_2299-3064/2694.mat,data/processed/samples/2694.npz,512,512,6519,125,219,173,265,94,92,94,b7e0000c74c23604594b8aacc485810b17780ed5f16e77f2c85082746b7ea629
2695,MR032322C,2,train,1512427/brainTumorDataPublic_2299-3064/2695.mat,data/processed/samples/2695.npz,512,512,10874,124,279,145,259,155,114,155,2fcde18b54ae4215819872e0a8dedb48d624ed609012ef27c3ab4f8dad137726
2696,MR032322C,2,train,1512427/brainTumorDataPublic_2299-3064/2696.mat,data/processed/samples/2696.npz,512,512,11837,127,268,144,260,141,116,141,1fdd177586fffd2c82e6ae2786c630fe1ba26e5cd571367d41269f8d3de9ad3f
2697,MR032322C,2,train,1512427/brainTumorDataPublic_2299-3064/2697.mat,data/processed/samples/2697.npz,512,512,10446,133,266,140,250,133,110,133,91dfa1ce50d5e9f81c9717b446771c82df8d39664472c1a115ca40b21c69ad9a
2698,MR032322C,2,train,1512427/brainTumorDataPublic_2299-3064/2698.mat,data/processed/samples/2698.npz,512,512,12886,147,292,139,292,145,153,153,040cefcf6f44d58ac8dbf6591b4e0036eaede9c4606f7004f61b64440453ea25
2699,MR032322C,2,train,1512427/brainTumorDataPublic_2299-3064/2699.mat,data/processed/samples/2699.npz,512,512,10462,161,295,142,287,134,145,145,d500dda766f524798c1ee8e6243ecaf4628911d1d025acc191527285d2ca648f
2700,MR032322C,2,train,1512427/brainTumorDataPublic_2299-3064/2700.mat,data/processed/samples/2700.npz,512,512,6031,161,248,141,227,87,86,87,a0945ebc969cb54ea7802d0619627aaca9d19be061c5e62647a7b33c4803833c
2701,MR032322C,2,train,1512427/brainTumorDataPublic_2299-3064/2701.mat,data/processed/samples/2701.npz,512,512,5888,164,248,145,231,84,86,86,c96c1c33bb28ecb43d2b4bab48036108ab0e2e14ea37e3bba76a86388e352f91
2702,MR037458B,2,train,1512427/brainTumorDataPublic_2299-3064/2702.mat,data/processed/samples/2702.npz,512,512,659,232,260,351,384,28,33,33,c55d432f50ee23e12314091802445bc053940a1953fb7fbc2528e3fde4b66840
2703,MR037458B,2,train,1512427/brainTumorDataPublic_2299-3064/2703.mat,data/processed/samples/2703.npz,512,512,1715,222,266,328,382,44,54,54,abd31b5c32442271fd9eb99dc164bdc030b8476bf596292e7c54eb8790558f74
2704,MR037458B,2,train,1512427/brainTumorDataPublic_2299-3064/2704.mat,data/processed/samples/2704.npz,512,512,3343,190,263,313,382,73,69,73,8885ecf1b3e25f542a97f99a177d864f304709b270cd51860cfc3f8a94db8ae0
2705,MR037458B,2,train,1512427/brainTumorDataPublic_2299-3064/2705.mat,data/processed/samples/2705.npz,512,512,5315,191,271,275,377,80,102,102,3143e56e64139412c2fd0fc2cfd658f42fdff2780515daf5884c80be173248fa
2706,MR037458B,2,train,1512427/brainTumorDataPublic_2299-3064/2706.mat,data/processed/samples/2706.npz,512,512,4581,195,272,285,372,77,87,87,71e9f382f946095357c574c0067c2f3394601878f68d93d306f2c35e2e84d4e7
2707,MR037458B,2,train,1512427/brainTumorDataPublic_2299-3064/2707.mat,data/processed/samples/2707.npz,512,512,2949,191,258,294,368,67,74,74,e2d39bb9e37d8d0b35ff826cd4f6ca7c72fa45ddf21a1b974779a6f5155d674a
2708,MR037458B,2,train,1512427/brainTumorDataPublic_2299-3064/2708.mat,data/processed/samples/2708.npz,512,512,1367,193,240,313,355,47,42,47,3354abd0c405b97a656abfd2f9334fa9a1c6ce5e7e712ca6cffc57b2e1b65353
2709,MR037458B,2,train,1512427/brainTumorDataPublic_2299-3064/2709.mat,data/processed/samples/2709.npz,512,512,1682,186,237,305,348,51,43,51,fc7e86de29ab5acbd6cf0e78fa8f5ad342ec2e095c0122b9e7a1d746a750270b
2710,MR039473,2,test,1512427/brainTumorDataPublic_2299-3064/2710.mat,data/processed/samples/2710.npz,512,512,7222,186,280,190,300,94,110,110,cd74ce24c021dbdf0cf359a18b7916313c6c3aee9c924048d4976798b28d273f
2711,MR039473,2,test,1512427/brainTumorDataPublic_2299-3064/2711.mat,data/processed/samples/2711.npz,512,512,6370,201,278,196,298,77,102,102,4b91e182ccad4dfe56d22c73ec6d3615a509dfed2fc4461a596efeeb85efad56
2712,MR039473,2,test,1512427/brainTumorDataPublic_2299-3064/2712.mat,data/processed/samples/2712.npz,512,512,4535,195,270,212,294,75,82,82,cde04bdf6a72a65a58daa089e0f449facf344bec15d785b2ba14511e713d3a73
2713,MR039473,2,test,1512427/brainTumorDataPublic_2299-3064/2713.mat,data/processed/samples/2713.npz,512,512,3729,203,263,212,288,60,76,76,142c8b841a60969118574e7dbf48e24b801a63f44a112b892bab421140064eec
2714,MR039473B,2,train,1512427/brainTumorDataPublic_2299-3064/2714.mat,data/processed/samples/2714.npz,512,512,2228,271,322,217,275,51,58,58,fb1eeda9e207429538bdd4e24e3a89c72db925b8dfadf559bafd458ff4ff8f29
2715,MR039473B,2,train,1512427/brainTumorDataPublic_2299-3064/2715.mat,data/processed/samples/2715.npz,512,512,2680,257,309,217,286,52,69,69,5483f29e33bc0b30e07223c44c7c0043640873002516d5d8c94fb50e7cf917c5
2716,MR039473B,2,train,1512427/brainTumorDataPublic_2299-3064/2716.mat,data/processed/samples/2716.npz,512,512,4220,223,305,223,287,82,64,82,048d43ef8b4e433dcb78e4e632e7de7cded8d7603e2fb25e9d2b44b4c6a1f4db
2717,MR039473B,2,train,1512427/brainTumorDataPublic_2299-3064/2717.mat,data/processed/samples/2717.npz,512,512,3690,215,297,205,274,82,69,82,e32a6e1af28496a532d73a06532569f3462eb0b1926f8d1b9e78046744759a97
2718,MR039473B,2,train,1512427/brainTumorDataPublic_2299-3064/2718.mat,data/processed/samples/2718.npz,512,512,4895,216,311,197,278,95,81,95,5d025b9f2361a5ada80da17151261dc1b2bacc1759e500bf6d4457f81f0ce635
2719,MR039473B,2,train,1512427/brainTumorDataPublic_2299-3064/2719.mat,data/processed/samples/2719.npz,512,512,5217,218,309,192,277,91,85,91,b5b41b89dc3520ddce6f0f8ad4d9bf01e243887cd2520920e462039123baf3b8
2720,MR039473B,2,train,1512427/brainTumorDataPublic_2299-3064/2720.mat,data/processed/samples/2720.npz,512,512,6523,197,305,198,283,108,85,108,d000f6bfc779b2e82dd882bafa5c17da2f7524ac5357a60ebf8dc61788521c61
2721,MR039473B,2,train,1512427/brainTumorDataPublic_2299-3064/2721.mat,data/processed/samples/2721.npz,512,512,6316,197,307,196,287,110,91,110,ac721be97ed79c0c181677f35981c42d0e6e780b7400ec6afba81100913c5995
2722,MR039473B,2,train,1512427/brainTumorDataPublic_2299-3064/2722.mat,data/processed/samples/2722.npz,512,512,7106,202,292,195,312,90,117,117,9c798f4a87a2a84fb169b1803a236ab63eb011fec949d767382e82b096daa1ff
2723,MR037458C,2,train,1512427/brainTumorDataPublic_2299-3064/2723.mat,data/processed/samples/2723.npz,512,512,6493,184,280,300,384,96,84,96,c59abf45826e0ad25d6417b6f936469aa255b1a59e31bfbf140bc82a1c9a259a
2724,MR037458C,2,train,1512427/brainTumorDataPublic_2299-3064/2724.mat,data/processed/samples/2724.npz,512,512,10256,178,296,279,391,118,112,118,3972ee1b52b6c66a60c8eb090f5de1edef370b436f207a8b6dc239cba1a6526e
2725,MR037458C,2,train,1512427/brainTumorDataPublic_2299-3064/2725.mat,data/processed/samples/2725.npz,512,512,8904,186,286,269,390,100,121,121,b2b966f0da4800d26928c7ea15b95e751253d09c32b9cc89c3f06bb67ec08df5
2726,MR037458C,2,train,1512427/brainTumorDataPublic_2299-3064/2726.mat,data/processed/samples/2726.npz,512,512,13751,145,295,270,392,150,122,150,34367211e6babf0c4eea1b86e6b98ade1b399785256eeba3c6bbaedd4f717739
2727,MR037458C,2,train,1512427/brainTumorDataPublic_2299-3064/2727.mat,data/processed/samples/2727.npz,512,512,14376,142,287,249,390,145,141,145,1772e85fbb8ad8fedebb034494899d55ecb17463c166b967a40f0339dcff23b7
2728,MR037458C,2,train,1512427/brainTumorDataPublic_2299-3064/2728.mat,data/processed/samples/2728.npz,512,512,12481,146,283,265,384,137,119,137,efdc43f6071e95726f91965d8a903c6940ef911c9a21c21fd870807ca172b8a6
2729,MR037458C,2,train,1512427/brainTumorDataPublic_2299-3064/2729.mat,data/processed/samples/2729.npz,512,512,9943,154,281,274,376,127,102,127,c9f405db1640abd75f93e510d1772555d894df0be5c2da9d1e9166692480643f
2730,MR037458C,2,train,1512427/brainTumorDataPublic_2299-3064/2730.mat,data/processed/samples/2730.npz,512,512,6732,153,255,279,367,102,88,102,b24495b7936658dfd45edf689b6259bfbd22df47c31905132790c8479ffa4bdc
2731,MR029209E,2,train,1512427/brainTumorDataPublic_2299-3064/2731.mat,data/processed/samples/2731.npz,512,512,2377,125,199,314,370,74,56,74,143835415082858df9f32f00bf5c6a31fd6f6a5278d926facf19bf6cb7c14d1e
2732,MR029209E,2,train,1512427/brainTumorDataPublic_2299-3064/2732.mat,data/processed/samples/2732.npz,512,512,2219,115,194,330,384,79,54,79,c2e12a220d0ee853f2d4f51a4f5f5db4ed58b463e35060167f0b5e47b0def964
2733,MR029209E,2,train,1512427/brainTumorDataPublic_2299-3064/2733.mat,data/processed/samples/2733.npz,512,512,5740,97,232,330,418,135,88,135,0bfacda0e209cfad51ada1a2224f1eb8a112e4d5530a535d6a0263f7450da0c8
2734,MR029209E,2,train,1512427/brainTumorDataPublic_2299-3064/2734.mat,data/processed/samples/2734.npz,512,512,8582,113,271,255,428,158,173,173,d653bde225af76d29f89dbe0d65233aeb03c7a275c060276490a34b769f63bc9
2735,MR029209E,2,train,1512427/brainTumorDataPublic_2299-3064/2735.mat,data/processed/samples/2735.npz,512,512,6026,147,239,309,430,92,121,121,05105d0344765ddbe8eb05467fa729aa6d0e71ee545b710bf821b209d0278c64
2736,MR029209E,2,train,1512427/brainTumorDataPublic_2299-3064/2736.mat,data/processed/samples/2736.npz,512,512,9408,145,252,294,425,107,131,131,49b3fe68ab6ca4dd2a7f664e01225cd7058cf58b59e6272a87e5789c688958d5
2737,MR029209E,2,train,1512427/brainTumorDataPublic_2299-3064/2737.mat,data/processed/samples/2737.npz,512,512,1420,147,207,365,398,60,33,60,7732aa5ad8475346ae6cf27867e14152513fb4ca425e689be9dfdc5b991cf538
2738,MR053110E,2,train,1512427/brainTumorDataPublic_2299-3064/2738.mat,data/processed/samples/2738.npz,512,512,10387,212,329,191,383,117,192,192,08c46a052da56905f8235609bdd1d09c2fa54cb6e50ce823be0dbc8ebf6fa14c
2739,MR053110E,2,train,1512427/brainTumorDataPublic_2299-3064/2739.mat,data/processed/samples/2739.npz,512,512,8584,240,328,189,330,88,141,141,8d81c7352ce9ad80fd6f4920e4e106996ba58385ab43108602655fcfc794df6e
2740,MR053110E,2,train,1512427/brainTumorDataPublic_2299-3064/2740.mat,data/processed/samples/2740.npz,512,512,9301,234,322,194,332,88,138,138,4ef15a5bfa6454fa30716effc648bb4de5ed085bb74954cdff79e835cda52bcf
2741,MR053110E,2,train,1512427/brainTumorDataPublic_2299-3064/2741.mat,data/processed/samples/2741.npz,512,512,9881,223,317,200,336,94,136,136,e64066d1f7d50f5fac3d22c55245bbb6f247471c2a9a003e4265ed3216c8a714
2742,MR053110E,2,train,1512427/brainTumorDataPublic_2299-3064/2742.mat,data/processed/samples/2742.npz,512,512,5761,214,298,227,328,84,101,101,330d6bca4c2715c52bdc92fe9b2cc404151ba3e9d892599f1c1f09fabd691410
2743,MR049019G,2,val,1512427/brainTumorDataPublic_2299-3064/2743.mat,data/processed/samples/2743.npz,512,512,3400,78,170,167,237,92,70,92,83dafa678478bf3479fc8171440881d5bd824bc20d0c13ca833f9be34e1ed4cc
2744,MR049019G,2,val,1512427/brainTumorDataPublic_2299-3064/2744.mat,data/processed/samples/2744.npz,512,512,3775,69,173,169,240,104,71,104,f6003b7b3a7dc02c4169584d6a26280aeed888dd030630c23a889def39d3b32f
2745,MR049019G,2,val,1512427/brainTumorDataPublic_2299-3064/2745.mat,data/processed/samples/2745.npz,512,512,10240,48,179,118,297,131,179,179,7b33d72708125737ab2f5ac99412bfedc32c039a88bb0772e4ea6336a7c61f2e
2746,MR049019G,2,val,1512427/brainTumorDataPublic_2299-3064/2746.mat,data/processed/samples/2746.npz,512,512,6382,68,201,151,272,133,121,133,3f50c33879784a6623839b1f92db29b2f63c84b1e8f3e2979db409893e2d9438
2747,MR049019G,2,val,1512427/brainTumorDataPublic_2299-3064/2747.mat,data/processed/samples/2747.npz,512,512,2322,68,140,147,214,72,67,72,97e1f95ae59a0bd8cfd7683b8fe3a9832504814b5457ba1d4671a535176b53d1
2748,MR031409B,2,train,1512427/brainTumorDataPublic_2299-3064/2748.mat,data/processed/samples/2748.npz,512,512,1146,81,119,259,317,38,58,58,77f7d9af6a2231b3983977a0d7c298f8d63db2a512da4c8f27c6dd5a40ab93ff
2749,MR031409B,2,train,1512427/brainTumorDataPublic_2299-3064/2749.mat,data/processed/samples/2749.npz,512,512,1006,81,134,273,323,53,50,53,fe276a4389379af95414ce823864eafb694cc19794f73dc0c799183252a4da23
2750,MR024780D,2,train,1512427/brainTumorDataPublic_2299-3064/2750.mat,data/processed/samples/2750.npz,512,512,739,167,201,338,370,34,32,34,05ca00a21eccc6045e6da5dd6bcff8680986ad253d564da11e3708b758673d45
2751,MR024780D,2,train,1512427/brainTumorDataPublic_2299-3064/2751.mat,data/processed/samples/2751.npz,512,512,749,167,192,337,376,25,39,39,4572801e3d4009643c4051f8e1cfdf2ec79d4d8ffe49e83f8eaf12560877cdb2
2752,MR024780D,2,train,1512427/brainTumorDataPublic_2299-3064/2752.mat,data/processed/samples/2752.npz,512,512,595,167,189,338,382,22,44,44,0dfa6f20e6e836e4596a5b3ca9986488f972755a4d7d27c434c382861c42c67e
2753,MR038469,2,train,1512427/brainTumorDataPublic_2299-3064/2753.mat,data/processed/samples/2753.npz,512,512,474,272,297,290,315,25,25,25,50fd47bc78738c9f554e900ee7aff7928a0ca12d3818e150b4fb791e26fd8bf8
2754,MR038469,2,train,1512427/brainTumorDataPublic_2299-3064/2754.mat,data/processed/samples/2754.npz,512,512,1411,268,305,274,321,37,47,47,297f1a19264345b776bfb1a7e404f902b08e17da0d17232c68573131929e56b5
2755,MR038469,2,train,1512427/brainTumorDataPublic_2299-3064/2755.mat,data/processed/samples/2755.npz,512,512,1041,274,307,274,318,33,44,44,d7f830e4c3c89040da383196cad7151ec1720c02559e1573d87dfe6cb3c1d827
2756,MR038469,2,train,1512427/brainTumorDataPublic_2299-3064/2756.mat,data/processed/samples/2756.npz,512,512,509,281,301,286,315,20,29,29,18430a78626b4853d86255279ea312370bf6de942e3ec4b94d538320a13904d3
2757,MR038469,2,train,1512427/brainTumorDataPublic_2299-3064/2757.mat,data/processed/samples/2757.npz,512,512,370,252,274,315,337,22,22,22,a82c9471a71da681b010968f81a4c26b2a95407fdc57a86fa44ddb25a67e25c0
2758,MR032322C,2,train,1512427/brainTumorDataPublic_2299-3064/2758.mat,data/processed/samples/2758.npz,512,512,5050,223,279,273,452,56,179,179,99f2159ebc5d81823eec87acafbb5cf171089751ee7af187522a2919bcad3b20
2759,MR032322C,2,train,1512427/brainTumorDataPublic_2299-3064/2759.mat,data/processed/samples/2759.npz,512,512,13257,191,316,235,460,125,225,225,d04e80da103aa7c8f5f23f40d790023e0882fedb4aa07c721d56c146e8bad5eb
2760,MR032322C,2,train,1512427/brainTumorDataPublic_2299-3064/2760.mat,data/processed/samples/2760.npz,512,512,5590,191,344,250,364,153,114,153,9e09d5f4935b7e4f52f4caa1a663ea838fba6b18201c241b6c255b9ffea29d77
2761,MR032322C,2,train,1512427/brainTumorDataPublic_2299-3064/2761.mat,data/processed/samples/2761.npz,512,512,19638,165,341,221,466,176,245,245,65937c4e70f36d93beb95036c107f703646df76cd4342f196cb024f9bf501f98
2762,MR032322C,2,train,1512427/brainTumorDataPublic_2299-3064/2762.mat,data/processed/samples/2762.npz,512,512,21777,152,357,222,469,205,247,247,c81c4ee7416fbaf53b0b6150e929bd137e98da72e3237832927b5a9d3b62d196
2763,MR032322C,2,train,1512427/brainTumorDataPublic_2299-3064/2763.mat,data/processed/samples/2763.npz,512,512,25461,142,359,135,470,217,335,335,de8cc8c8a6d1a5921ec2e3723e3b95380f124369c3267d3a870ab6edf1a02bb4
2764,MR032322C,2,train,1512427/brainTumorDataPublic_2299-3064/2764.mat,data/processed/samples/2764.npz,512,512,18327,153,297,136,344,144,208,208,0f4b259899652d611c466711eec9cb75724da36f0f91d14a83a323660f80c353
2765,MR032322C,2,train,1512427/brainTumorDataPublic_2299-3064/2765.mat,data/processed/samples/2765.npz,512,512,19122,172,358,154,322,186,168,186,f09f1ab093380ddc55868d166ffaff655c056206838722fae98c7d132c3311da
2766,MR032322C,2,train,1512427/brainTumorDataPublic_2299-3064/2766.mat,data/processed/samples/2766.npz,512,512,9449,182,289,165,313,107,148,148,c950f8e4b3ce99fd3b429641c341951f8ef1292c64be1d667a2c9cf846536bb7
2767,MR032322C,2,train,1512427/brainTumorDataPublic_2299-3064/2767.mat,data/processed/samples/2767.npz,512,512,12841,173,303,156,355,130,199,199,ca067630303627310762f7a6b6b5a5c9192c1500ef3b72952af59b73836d9a90
2768,MR032322C,2,train,1512427/brainTumorDataPublic_2299-3064/2768.mat,data/processed/samples/2768.npz,512,512,15094,165,294,144,406,129,262,262,b07a5471298df1bcbc775747d79daec934dc57d832d4a2d6a7f0abfca14ec9eb
2769,MR037458B,2,train,1512427/brainTumorDataPublic_2299-3064/2769.mat,data/processed/samples/2769.npz,512,512,3694,217,271,235,337,54,102,102,92d20b773b8d12dafe7e2c10d03d4726f1f96fd86ce8ebb1f003194edfc5db35
2770,MR037458B,2,train,1512427/brainTumorDataPublic_2299-3064/2770.mat,data/processed/samples/2770.npz,512,512,1899,239,282,286,348,43,62,62,b815ce682acf1bd235aa872a9c9e2aebb8a7cbf1063dbd810062e0d4de6d7aa0
2771,MR037458B,2,train,1512427/brainTumorDataPublic_2299-3064/2771.mat,data/processed/samples/2771.npz,512,512,6592,182,292,285,389,110,104,110,bf781818d248aed0cd0366ea0fd0be7c50811173da262db3241bc2741a281ed2
2772,MR037458B,2,train,1512427/brainTumorDataPublic_2299-3064/2772.mat,data/processed/samples/2772.npz,512,512,4766,200,285,257,384,85,127,127,30d8c951ed6bf6659d45cc245c5a99204dc3d3d7663d5b1fc1da93f4f682df3a
2773,MR037458B,2,train,1512427/brainTumorDataPublic_2299-3064/2773.mat,data/processed/samples/2773.npz,512,512,4642,203,299,234,365,96,131,131,b68b45324023ddc71ff5730069808d08b0f7049e6dfabc173caa8188edead335
2774,MR039473,2,test,1512427/brainTumorDataPublic_2299-3064/2774.mat,data/processed/samples/2774.npz,512,512,2310,167,219,288,368,52,80,80,289193663b571cf412e1f52ec4204e73db5ab65f1043e039fd553c6f3b66c882
2775,MR039473,2,test,1512427/brainTumorDataPublic_2299-3064/2775.mat,data/processed/samples/2775.npz,512,512,4341,226,294,315,402,68,87,87,5e19ee42fe582dbcdba55dd59988ed7d3027648f2c3c0cb9484a13daf5876c0e
2776,MR039473,2,test,1512427/brainTumorDataPublic_2299-3064/2776.mat,data/processed/samples/2776.npz,512,512,5706,218,293,310,404,75,94,94,1cca545c236b6125f2bd4df09b4f3f80f56205019b949801e48aefa9fa8b0785
2777,MR039473,2,test,1512427/brainTumorDataPublic_2299-3064/2777.mat,data/processed/samples/2777.npz,512,512,7092,206,298,306,403,92,97,97,f4ed2d82939d26271c88fc1023f8ae678ee5d7ce6cec9b2349ec492a446c5689
2778,MR039473,2,test,1512427/brainTumorDataPublic_2299-3064/2778.mat,data/processed/samples/2778.npz,512,512,7308,201,302,307,398,101,91,101,ae807e96a0fffcea95ff0367768b5d4144e610cdd3b845d14214908fcfe62c0a
2779,MR039473,2,test,1512427/brainTumorDataPublic_2299-3064/2779.mat,data/processed/samples/2779.npz,512,512,8452,198,336,311,400,138,89,138,9326bce1b203b0cc888d6b22dbaa97377cd4329eca03a3304283affcaa84c348
2780,MR039473B,2,train,1512427/brainTumorDataPublic_2299-3064/2780.mat,data/processed/samples/2780.npz,512,512,1825,252,307,282,325,55,43,55,39ed2940b94920a188e95ee4f2ea9c632dfd1cbdb7494ae5742072d860771dcb
2781,MR039473B,2,train,1512427/brainTumorDataPublic_2299-3064/2781.mat,data/processed/samples/2781.npz,512,512,2479,242,304,273,332,62,59,62,cb9bb53e78f66711398c14b94cd5974b1e7b0cbaec364759d457527781c2d268
2782,MR039473B,2,train,1512427/brainTumorDataPublic_2299-3064/2782.mat,data/processed/samples/2782.npz,512,512,3698,226,302,278,341,76,63,76,e95cca111883a87849f20463a38fb37de84dea6a7a557650f906934a172bba83
2783,MR039473B,2,train,1512427/brainTumorDataPublic_2299-3064/2783.mat,data/processed/samples/2783.npz,512,512,5905,230,320,272,382,90,110,110,3eb05d53674c47e6d79188dc1f2f893e97c0512dddf4bb5ef1c2b8822e489642
2784,MR039473B,2,train,1512427/brainTumorDataPublic_2299-3064/2784.mat,data/processed/samples/2784.npz,512,512,5054,229,322,265,340,93,75,93,bf189c1ee20bbf740c6fbe166f8e3a4a223e7a5414c9eed5f7c7d8f93cbec373
2785,MR039473B,2,train,1512427/brainTumorDataPublic_2299-3064/2785.mat,data/processed/samples/2785.npz,512,512,4077,224,315,268,334,91,66,91,abacd84d5e4791bddcd19d68238a048703d4516576ae2616541bc2ab896a3175
2786,MR039473B,2,train,1512427/brainTumorDataPublic_2299-3064/2786.mat,data/processed/samples/2786.npz,512,512,6509,228,337,264,369,109,105,109,116848aa340914bf65941978a06eec794bceae873a9f14fdecbb1e3e8f689839
2787,MR040240,2,test,1512427/brainTumorDataPublic_2299-3064/2787.mat,data/processed/samples/2787.npz,512,512,6309,169,264,200,316,95,116,116,db7cfb53de436cf689e04d09654cf621ef917565d8b4de81dd38d19a818f79cc
2788,MR040240,2,test,1512427/brainTumorDataPublic_2299-3064/2788.mat,data/processed/samples/2788.npz,512,512,3796,214,300,250,313,86,63,86,087c5e55a931626a1815aba1b5e6187cd62137c758be2b91b797df8c4aa5944e
2789,MR040240,2,test,1512427/brainTumorDataPublic_2299-3064/2789.mat,data/processed/samples/2789.npz,512,512,13394,155,294,185,341,139,156,156,dd51d1af7dd8e2cd559c1767874d11be7d4860d4252602917c5dfe08a3db4212
2790,MR040240,2,test,1512427/brainTumorDataPublic_2299-3064/2790.mat,data/processed/samples/2790.npz,512,512,13799,140,297,191,333,157,142,157,60e44d579bdd88ab8ecf92bae1dbd0c2ab378cd2c3149ba46ee23bfbb952fc09
2791,MR040240,2,test,1512427/brainTumorDataPublic_2299-3064/2791.mat,data/processed/samples/2791.npz,512,512,10171,148,272,207,331,124,124,124,a1ff4047efa962b0de3db9911e36511815021e7f8429e4cde2c4f1f56d705f3e
2792,MR040240,2,test,1512427/brainTumorDataPublic_2299-3064/2792.mat,data/processed/samples/2792.npz,512,512,4663,209,299,207,290,90,83,90,100f57225923e6b75bf17c2732391dcb12fc710a69c908581ee404b61d657b45
2793,MR040240,2,test,1512427/brainTumorDataPublic_2299-3064/2793.mat,data/processed/samples/2793.npz,512,512,4083,211,291,212,286,80,74,80,0f6b554db1bb0c88c57795e0aaaa2f11119bf8d5821ed44270807bcddcefa0ff
2794,MR040240,2,test,1512427/brainTumorDataPublic_2299-3064/2794.mat,data/processed/samples/2794.npz,512,512,1825,225,273,222,296,48,74,74,cb4e0fe2ae5c7be7a3b7445220401b6bc42f6f5c87324d74d5e36473a8a83ef6
2795,MR040240B,2,test,1512427/brainTumorDataPublic_2299-3064/2795.mat,data/processed/samples/2795.npz,512,512,14497,165,302,163,352,137,189,189,6d65adbc24cbc803f0b9d20b0ff58d98f6838eb20b17c65c2ad3177714b63f74
2796,MR040240B,2,test,1512427/brainTumorDataPublic_2299-3064/2796.mat,data/processed/samples/2796.npz,512,512,16656,157,298,156,372,141,216,216,6ef4eab495cfef1fd7631cd36a28ae06552b1d23dad82036c0749024e48b9737
2797,MR040240B,2,test,1512427/brainTumorDataPublic_2299-3064/2797.mat,data/processed/samples/2797.npz,512,512,14145,158,284,155,374,126,219,219,e480dfc2bbdd508432a74fa7c91fa2d2f7a49a6efdb0c764cce59cf8459c622f
2798,MR040240B,2,test,1512427/brainTumorDataPublic_2299-3064/2798.mat,data/processed/samples/2798.npz,512,512,3332,186,283,282,363,97,81,97,af863080c074f91b1ef7431173146bd2e248c5e0e3aa988cb25c7c548e697453
2799,MR040240B,2,test,1512427/brainTumorDataPublic_2299-3064/2799.mat,data/processed/samples/2799.npz,512,512,4954,204,311,206,351,107,145,145,4a6b03faca62bcfb6b3c28510678a8da3e6bd293e523dd2f7cf5d15ccc0b0477
2800,MR029209G,2,train,1512427/brainTumorDataPublic_2299-3064/2800.mat,data/processed/samples/2800.npz,512,512,4304,149,257,302,396,108,94,108,b8be66d0513b7ab9306b6561772a40d340a80726875ff45776d81cb8afbe1839
2801,MR029209G,2,train,1512427/brainTumorDataPublic_2299-3064/2801.mat,data/processed/samples/2801.npz,512,512,5817,148,250,305,408,102,103,103,5591684703d1f034865e84229778243a964c5dbe9c89e0dac6838913652e2a39
2802,MR029209G,2,train,1512427/brainTumorDataPublic_2299-3064/2802.mat,data/processed/samples/2802.npz,512,512,4582,158,263,296,401,105,105,105,630c19ba2cf457e43ae0329b4e3875d54afe8f26690e7d6bc5c5e8628cad9618
2803,MR029209G,2,train,1512427/brainTumorDataPublic_2299-3064/2803.mat,data/processed/samples/2803.npz,512,512,4746,180,256,281,381,76,100,100,783266657b5d13eac51de8e06f7080444084b3ea8c0f62703b66d86bb947ddbd
2804,MR029209G,2,train,1512427/brainTumorDataPublic_2299-3064/2804.mat,data/processed/samples/2804.npz,512,512,1702,184,244,331,377,60,46,60,95f272036c1142d7b26a3f0b800d4f7cfb34bfc10c605ec8bd1b41421f778b2e
2805,MR036496B,2,train,1512427/brainTumorDataPublic_2299-3064/2805.mat,data/processed/samples/2805.npz,512,512,5234,94,184,231,323,90,92,92,9e9d4e01128dbee6c222f663210846deb0142e020487eead4379d93a4cd2cd35
2806,MR036496B,2,train,1512427/brainTumorDataPublic_2299-3064/2806.mat,data/processed/samples/2806.npz,512,512,7670,87,184,222,351,97,129,129,cb2c6c0568fa1f5cbfa61afb4ae776122202e12241a656ebfe1886bdb74946a3
2807,MR036496B,2,train,1512427/brainTumorDataPublic_2299-3064/2807.mat,data/processed/samples/2807.npz,512,512,2547,127,183,264,325,56,61,61,9304817f7066226005c593883916afa8021367d4e3f1bb2acdd0a6e4c9dbc947
2808,MR036496B,2,train,1512427/brainTumorDataPublic_2299-3064/2808.mat,data/processed/samples/2808.npz,512,512,1507,130,180,269,313,50,44,50,f7196128d2869f8af1d63537e1b099665de26035f94080f9cc4c4562488e9bf6
2809,MR033420,2,train,1512427/brainTumorDataPublic_2299-3064/2809.mat,data/processed/samples/2809.npz,512,512,2633,162,225,187,245,63,58,63,2156f70ca18b81daaa78593c87b45ff9613f5a6168d501598b12384275e51047
2810,MR033420,2,train,1512427/brainTumorDataPublic_2299-3064/2810.mat,data/processed/samples/2810.npz,512,512,2675,165,224,162,231,59,69,69,e51a902b75591ce7efd1a3f3508eef8c2fc42a13afdd97b6ea3800404d4a8766
2811,MR033420,2,train,1512427/brainTumorDataPublic_2299-3064/2811.mat,data/processed/samples/2811.npz,512,512,5236,167,231,147,247,64,100,100,a48cdae37cf0ff8cae52a59a5f97adc271844ac1e74845ca8bf76332e6f5d2e2
2812,MR033420,2,train,1512427/brainTumorDataPublic_2299-3064/2812.mat,data/processed/samples/2812.npz,512,512,8401,157,250,126,263,93,137,137,11ac1d359ad1c956e97b29e2195febde3665e57f377219a08484aa3c8baf4da0
2813,MR033420,2,train,1512427/brainTumorDataPublic_2299-3064/2813.mat,data/processed/samples/2813.npz,512,512,11374,163,254,123,335,91,212,212,c3d5ee1f89fcb3a2e05371734485c0de6dc1582df740be3399ed71da36ef7b60
2814,MR033420,2,train,1512427/brainTumorDataPublic_2299-3064/2814.mat,data/processed/samples/2814.npz,512,512,10957,174,259,112,333,85,221,221,73d7ce0f59cc76eb6fa0ca868bea18c56f9304ef9a11a9b278933586c2ae0b3d
2815,MR033420,2,train,1512427/brainTumorDataPublic_2299-3064/2815.mat,data/processed/samples/2815.npz,512,512,11688,159,254,146,355,95,209,209,c2a795977084857d8b4eacf1c30108e9cc6bab1ed71e31713ee6d4dd5f3e5397
2816,MR033420,2,train,1512427/brainTumorDataPublic_2299-3064/2816.mat,data/processed/samples/2816.npz,512,512,3396,169,235,221,302,66,81,81,c6a205350126dd8c7bdaf45bde270df2f392fd6207be0d63a10be4783b1f44d5
2817,MR024780B,2,test,1512427/brainTumorDataPublic_2299-3064/2817.mat,data/processed/samples/2817.npz,512,512,2995,148,216,317,397,68,80,80,7b045865288cec2b58990c9a5517dc7614786e4757a29af9f84b8338752fc4a8
2818,MR024780B,2,test,1512427/brainTumorDataPublic_2299-3064/2818.mat,data/processed/samples/2818.npz,512,512,1504,167,207,335,388,40,53,53,a5115dfeb354a84516fe0e68d71130ad1b1967bcffd0e2a7d2a0745af4175802
2819,MR024780B,2,test,1512427/brainTumorDataPublic_2299-3064/2819.mat,data/processed/samples/2819.npz,512,512,1937,165,214,332,387,49,55,55,ad4103d83f363ee032fe5629868b9894ae127a1e6e02aeaf29c361fc7cfe736d
2820,MR024780B,2,test,1512427/brainTumorDataPublic_2299-3064/2820.mat,data/processed/samples/2820.npz,512,512,1207,175,208,338,384,33,46,46,0fa73777fd9d60e7021ef59fa0a1643c43b5317cc2aa1a73cd110df09093fd58
2821,MR033389B,2,train,1512427/brainTumorDataPublic_2299-3064/2821.mat,data/processed/samples/2821.npz,512,512,11684,106,216,218,365,110,147,147,f320b790641878d9e7c0d9d4ddeb18d58973ca4545010462fd3ab0ca3e24b2c1
2822,MR048294,2,val,1512427/brainTumorDataPublic_2299-3064/2822.mat,data/processed/samples/2822.npz,512,512,1515,156,202,248,293,46,45,46,5b6db98e98e9b5d12247ceb7e109532f9c8c364d069ce48a8c4e865991970f63
2823,MR048297,2,train,1512427/brainTumorDataPublic_2299-3064/2823.mat,data/processed/samples/2823.npz,512,512,332,180,205,338,354,25,16,25,a510b9e36008bf4ff76a1948a1026f5c3181747f583ae37191dab28f9f0df3fb
2824,MR048297,2,train,1512427/brainTumorDataPublic_2299-3064/2824.mat,data/processed/samples/2824.npz,512,512,320,182,205,337,355,23,18,23,1728f1ece099cdffe31635a4b39eed9ca19e78c91952a84f1ebd4cc3421dba9d
2825,MR048297,2,train,1512427/brainTumorDataPublic_2299-3064/2825.mat,data/processed/samples/2825.npz,512,512,1523,177,222,338,390,45,52,52,ada85f191975c04a61502f6087041dd5acab52957fc03a9711abc84dca8e6614
2826,MR048297,2,train,1512427/brainTumorDataPublic_2299-3064/2826.mat,data/processed/samples/2826.npz,512,512,1921,178,227,333,386,49,53,53,488d875f9b9c38cf01f88aaaf25744708cb47d61a98abd27043061cd01d6fb81
2827,MR048297,2,train,1512427/brainTumorDataPublic_2299-3064/2827.mat,data/processed/samples/2827.npz,512,512,1577,172,218,331,379,46,48,48,8d1e0b2e55bd985d7704d70467bf2a36878a16ac140fd59f2cdaaf333c38ec5c
2828,MR048297,2,train,1512427/brainTumorDataPublic_2299-3064/2828.mat,data/processed/samples/2828.npz,512,512,1440,172,213,331,377,41,46,46,6339338f34292a8995c6f5984395cc9a7689e0f6e4dff358ffe9c02a6ed8cb2a
2829,MR048297,2,train,1512427/brainTumorDataPublic_2299-3064/2829.mat,data/processed/samples/2829.npz,512,512,1432,172,217,332,375,45,43,45,853469c1b4cbb4f61f34beceba72a6d9d6e80d1292242a43f41b5d0cec990525
2830,MR048297,2,train,1512427/brainTumorDataPublic_2299-3064/2830.mat,data/processed/samples/2830.npz,512,512,746,181,210,339,374,29,35,35,9ce6605a99b8a7d7323a1ce1ca0503fe8181d09f096584dec72f3b4ed7c33c4c
2831,MR048294B,2,train,1512427/brainTumorDataPublic_2299-3064/2831.mat,data/processed/samples/2831.npz,512,512,4608,171,248,224,307,77,83,83,79a74b0db109ab6f5d9e7361e1c35dd051cc1ac299b0e3042e0230dfce354466
2832,MR048294B,2,train,1512427/brainTumorDataPublic_2299-3064/2832.mat,data/processed/samples/2832.npz,512,512,1469,203,240,237,289,37,52,52,96a08a2c08f8b1054fd742d2c881a1c8f21a702d9822c85fdadd78ffe3831f6f
2833,MR048294B,2,train,1512427/brainTumorDataPublic_2299-3064/2833.mat,data/processed/samples/2833.npz,512,512,2788,181,254,219,281,73,62,73,c4aad0d4b958cdb33b4a1c3dfaa7edde2371cc633af561eaec379eedbc82f125
2834,MR048294B,2,train,1512427/brainTumorDataPublic_2299-3064/2834.mat,data/processed/samples/2834.npz,512,512,2748,184,246,216,280,62,64,64,343fd0b860b036ac6ea6b92e4126d38c4c70306686ad1694c4ce95471e16b71e
2835,MR048294B,2,train,1512427/brainTumorDataPublic_2299-3064/2835.mat,data/processed/samples/2835.npz,512,512,789,208,237,237,276,29,39,39,a63e9581fa6414357073a107b26df005dc110cba119574a83bb7870e21333eb2
2836,MR048294B,2,train,1512427/brainTumorDataPublic_2299-3064/2836.mat,data/processed/samples/2836.npz,512,512,381,200,225,312,332,25,20,25,549e8e6de8bdc5dcf6a3ba03deac1e54b4c57dc6a742316206b857843f33183a
2837,MR048621B,2,train,1512427/brainTumorDataPublic_2299-3064/2837.mat,data/processed/samples/2837.npz,512,512,2160,180,264,171,221,84,50,84,7ee1db488c9dc11b287974be5f1ae485b61c45f3f8e886f263bf50f311cf4450
2838,MR048621B,2,train,1512427/brainTumorDataPublic_2299-3064/2838.mat,data/processed/samples/2838.npz,512,512,5860,180,274,162,251,94,89,94,4b619d75544dc5fa9891d888b314af6d8e688960e4b6ce623661f4f6f2333c71
2839,MR048621B,2,train,1512427/brainTumorDataPublic_2299-3064/2839.mat,data/processed/samples/2839.npz,512,512,7769,177,282,167,272,105,105,105,403094683a80a40c7314f6cdeef3a7c8d9dedda461eca7ed6fbad5060894eb02
2840,MR048944,2,train,1512427/brainTumorDataPublic_2299-3064/2840.mat,data/processed/samples/2840.npz,512,512,5500,191,339,235,335,148,100,148,2752739750f803ded943cb83538746d50b772b78747da2c27f6a7d99200b23b6
2841,MR048944,2,train,1512427/brainTumorDataPublic_2299-3064/2841.mat,data/processed/samples/2841.npz,512,512,11149,165,293,214,352,128,138,138,abadde4c592d6bf4c9499830790c9a662cc40e502d54771fd2cdbd3b7b7eeeb3
2842,MR048944,2,train,1512427/brainTumorDataPublic_2299-3064/2842.mat,data/processed/samples/2842.npz,512,512,6432,176,278,242,348,102,106,106,f7e32e0bb9d2da4bb4e91faa0a28f9e9e8caa3f5e9f94919d7fdc03eac85f172
2843,MR048944,2,train,1512427/brainTumorDataPublic_2299-3064/2843.mat,data/processed/samples/2843.npz,512,512,6033,180,263,239,347,83,108,108,f8a42052c29e48adbfa3c6cfe2bc565dd627998a69c7a9dca490782af16afd84
2844,MR048944,2,train,1512427/brainTumorDataPublic_2299-3064/2844.mat,data/processed/samples/2844.npz,512,512,3907,208,260,231,332,52,101,101,ac4709fdaee7dd051ec3328cad765b61f5ab76e58937cd1f73ac90b4e358a6c5
2845,MR048944,2,train,1512427/brainTumorDataPublic_2299-3064/2845.mat,data/processed/samples/2845.npz,512,512,2387,212,254,235,312,42,77,77,3b97d92888796bd8db51364f39bf21004af457ed1cb8dd62460e062b35695e8c
2846,MR048994,2,train,1512427/brainTumorDataPublic_2299-3064/2846.mat,data/processed/samples/2846.npz,512,512,2058,165,221,205,252,56,47,56,b9e351ceeafb0ed48bcdb1549f3796fa5d3f8c1833570d9f3319407b3981746a
2847,MR048994,2,train,1512427/brainTumorDataPublic_2299-3064/2847.mat,data/processed/samples/2847.npz,512,512,8165,117,223,169,269,106,100,106,61c8be1b4b9b72150da12a93ef96bd0169ec20dd4b4696ae9b6d3917eb64f048
2848,MR048994,2,train,1512427/brainTumorDataPublic_2299-3064/2848.mat,data/processed/samples/2848.npz,512,512,12315,90,217,154,280,127,126,127,fbe34688d520d89903a3b1c06c778e23d21067c32d72196373cbc8087e04a81a
2849,MR048994,2,train,1512427/brainTumorDataPublic_2299-3064/2849.mat,data/processed/samples/2849.npz,512,512,12328,93,211,147,282,118,135,135,0e33e78cc5aa499c74380fd07d2b00421d33fa04ccdec3b406fb73f15802b26b
2850,MR048994,2,train,1512427/brainTumorDataPublic_2299-3064/2850.mat,data/processed/samples/2850.npz,512,512,9937,106,210,158,281,104,123,123,1bb6aee1b7598c071a199ea7600078cbd301c4761d6806213cef220f0c3b1ced
2851,MR048994,2,train,1512427/brainTumorDataPublic_2299-3064/2851.mat,data/processed/samples/2851.npz,512,512,10308,98,207,159,283,109,124,124,9d6bb12627719af89ba3c81e130b4b1023e74c6f79f17e40d6e55d56b0e15172
2852,MR048994,2,train,1512427/brainTumorDataPublic_2299-3064/2852.mat,data/processed/samples/2852.npz,512,512,6128,108,193,179,267,85,88,88,04d56c3adb02c469b7647c645b27eba5dca18928f13780b0d9bb375ac9a25103
2853,MR048994,2,train,1512427/brainTumorDataPublic_2299-3064/2853.mat,data/processed/samples/2853.npz,512,512,3652,124,190,188,270,66,82,82,e8d2d727ff610c93e151cc447362a5c2f90e90dee4b75fe4fba1092ecfda9634
2854,MR049104,2,val,1512427/brainTumorDataPublic_2299-3064/2854.mat,data/processed/samples/2854.npz,512,512,1290,283,328,272,317,45,45,45,0d766efcc008bc58e683377d5815a0d6aa0256ec3a690aee2fc405b752c92800
2855,MR049104,2,val,1512427/brainTumorDataPublic_2299-3064/2855.mat,data/processed/samples/2855.npz,512,512,1972,272,331,270,314,59,44,59,f7e8ec119b18d323770db5f81ab9312f1264597a9a6c03facfc7cded8d352e6c
2856,MR049104,2,val,1512427/brainTumorDataPublic_2299-3064/2856.mat,data/processed/samples/2856.npz,512,512,990,271,313,268,311,42,43,43,f6267bf3f35568e6346ce20fe36bea20168c6c6779d1239a19a1421dcbbc1b48
2857,MR049104,2,val,1512427/brainTumorDataPublic_2299-3064/2857.mat,data/processed/samples/2857.npz,512,512,670,275,307,273,302,32,29,32,79b58756c2e7ea84641014096203ca848453cf20372aa8ae7976d79777a017b0
2858,MR049142,2,val,1512427/brainTumorDataPublic_2299-3064/2858.mat,data/processed/samples/2858.npz,512,512,3055,71,130,172,236,59,64,64,c8b616ab19a25cad3b73df298481b96ed472c2cc90ac2f375ac1704ff2c1459d
2859,MR049142,2,val,1512427/brainTumorDataPublic_2299-3064/2859.mat,data/processed/samples/2859.npz,512,512,3551,71,140,171,236,69,65,69,12e7aa5bc55b839a5da7aaac36b1e8e2021d933595a28759605f47d67760582c
2860,MR049142,2,val,1512427/brainTumorDataPublic_2299-3064/2860.mat,data/processed/samples/2860.npz,512,512,3281,76,132,167,240,56,73,73,8de0dc4912ff3273efb89c3d47a151cbf10d984d50f57f79d1b1683d55a6aada
2861,MR048994B,2,train,1512427/brainTumorDataPublic_2299-3064/2861.mat,data/processed/samples/2861.npz,512,512,2208,122,210,194,264,88,70,88,eb8ddefb985be2c9c588a37f49a19d1bb2be04bebe337fb040e1a6b5f3dc2b4c
2862,MR048994B,2,train,1512427/brainTumorDataPublic_2299-3064/2862.mat,data/processed/samples/2862.npz,512,512,2544,123,217,189,272,94,83,94,1d08fef87c53bed036ea98e7f39d8dc4a803e0601dd25ef47d8772978a2aded4
2863,MR048994B,2,train,1512427/brainTumorDataPublic_2299-3064/2863.mat,data/processed/samples/2863.npz,512,512,3464,122,217,179,279,95,100,100,c2a26c8e1af4893d21f2cba943a41fc4784f7b25ef2d8ba58bf0b848d6bd1181
2864,MR048994B,2,train,1512427/brainTumorDataPublic_2299-3064/2864.mat,data/processed/samples/2864.npz,512,512,3705,115,196,189,299,81,110,110,1f2840f5d4d20f764c993bff34c02f60f09870d5b4c63b4a88cf18919b1684b2
2865,MR048994B,2,train,1512427/brainTumorDataPublic_2299-3064/2865.mat,data/processed/samples/2865.npz,512,512,820,122,152,223,290,30,67,67,0170aa1dd6c9009f87e195cff4d37c18ebcf40625b86b4201ebfe03358bf3e31
2866,MR049358,2,test,1512427/brainTumorDataPublic_2299-3064/2866.mat,data/processed/samples/2866.npz,512,512,2265,206,254,218,288,48,70,70,68ed8fceb1fbc71841b333f5c722253ab95b415b005e03528d1d2f723c84f7e4
2867,MR049358,2,test,1512427/brainTumorDataPublic_2299-3064/2867.mat,data/processed/samples/2867.npz,512,512,6010,185,277,216,311,92,95,95,9561587b81afcd243b792866deacacbed6f4a8f61c7071962fa7ec9434d3efa2
2868,MR049358,2,test,1512427/brainTumorDataPublic_2299-3064/2868.mat,data/processed/samples/2868.npz,512,512,10918,166,278,182,316,112,134,134,e695dd6c4ffbcf603c740dfce90fabee6dd72262f03627ae54b13769db11a132
2869,MR049358,2,test,1512427/brainTumorDataPublic_2299-3064/2869.mat,data/processed/samples/2869.npz,512,512,14088,160,287,163,323,127,160,160,3af27ba0f3ac8fe736e3bc4167bae60d17d8729dadbf4051903f16cf2ac7c142
2870,MR049358,2,test,1512427/brainTumorDataPublic_2299-3064/2870.mat,data/processed/samples/2870.npz,512,512,13414,163,294,152,315,131,163,163,6630e8ca7d3b7268704b978b423513eaa1fbc452ca6eaadc36e61dbb5755e6b8
2871,MR049358,2,test,1512427/brainTumorDataPublic_2299-3064/2871.mat,data/processed/samples/2871.npz,512,512,10413,165,285,155,304,120,149,149,2190d90fc3c52885794df9cb7a90f17303c943e0ef0617a0d61e72e86d94b8f4
2872,MR049358,2,test,1512427/brainTumorDataPublic_2299-3064/2872.mat,data/processed/samples/2872.npz,512,512,5119,180,256,160,282,76,122,122,f393a7fecd75a8a3a7e4d097c143444cfb19d15e8016df893efcced2dcf27bee
2873,MR049104B,2,val,1512427/brainTumorDataPublic_2299-3064/2873.mat,data/processed/samples/2873.npz,512,512,736,245,276,263,298,31,35,35,529ccbed3f6121efd1163a5295470514d191aead15d561670a852967e7309c0e
2874,MR049104B,2,val,1512427/brainTumorDataPublic_2299-3064/2874.mat,data/processed/samples/2874.npz,512,512,1661,231,278,252,302,47,50,50,1b56d814280c1f6eed9983fbf4587f209fbffedbd9079078dddba9e34489c0c1
2875,MR049104B,2,val,1512427/brainTumorDataPublic_2299-3064/2875.mat,data/processed/samples/2875.npz,512,512,1614,225,273,251,296,48,45,48,7029411cc32022fa7e83e69d1728452d54db16fc3a41c196dfb80bb67b550f45
2876,MR049453,2,train,1512427/brainTumorDataPublic_2299-3064/2876.mat,data/processed/samples/2876.npz,512,512,1820,154,220,172,257,66,85,85,ec0c1cf26ecdc65e2854c19054a85543fad085bfe2be8d2c4918c0e0fe494254
2877,MR049453,2,train,1512427/brainTumorDataPublic_2299-3064/2877.mat,data/processed/samples/2877.npz,512,512,4729,133,212,189,285,79,96,96,772090e00d2dc7c619821aefd353654a33c41a161dcfccf64d4595ae1001a001
2878,MR049453,2,train,1512427/brainTumorDataPublic_2299-3064/2878.mat,data/processed/samples/2878.npz,512,512,7461,111,204,158,282,93,124,124,5856dea6490537e5e092c8d2e93532ef7b2e7412b4bdceffa11f2700ae7225d1
2879,MR049453,2,train,1512427/brainTumorDataPublic_2299-3064/2879.mat,data/processed/samples/2879.npz,512,512,12266,115,222,142,307,107,165,165,54261aefedd368bdc6c3c963045f6e0625e5b23a67f958bf280cffabe713aff1
2880,MR049453,2,train,1512427/brainTumorDataPublic_2299-3064/2880.mat,data/processed/samples/2880.npz,512,512,8342,115,214,156,301,99,145,145,c299164d504bc84a4cd2ba2aaf7d3c454daf6cf2e2c515c22377198639dcbc0e
2881,MR049453,2,train,1512427/brainTumorDataPublic_2299-3064/2881.mat,data/processed/samples/2881.npz,512,512,7823,109,227,174,303,118,129,129,b33f71950b4b4d797dd6b42e4590fb60d40556c43ffdce336cc2a39a541345d8
2882,MR049453,2,train,1512427/brainTumorDataPublic_2299-3064/2882.mat,data/processed/samples/2882.npz,512,512,11020,124,257,185,302,133,117,133,a4912993ca50a597df44c368e5d038ae26ef95dcf5ffc7bd039abcf51759a13e
2883,MR049453,2,train,1512427/brainTumorDataPublic_2299-3064/2883.mat,data/processed/samples/2883.npz,512,512,1222,134,173,224,280,39,56,56,a7562dd50d6fbad86f2146c693aacaaf9d77d551f1b63d83fceea1c102b9ccbf
2884,MR049453,2,train,1512427/brainTumorDataPublic_2299-3064/2884.mat,data/processed/samples/2884.npz,512,512,1638,123,179,234,280,56,46,56,4950072a5916eeba1c874ef359d800e97f2c4d3a42ee09a39e7d2403bc50be75
2885,MR024780G,2,train,1512427/brainTumorDataPublic_2299-3064/2885.mat,data/processed/samples/2885.npz,512,512,1112,172,220,314,357,48,43,48,9924ccfbc46bc9a5c0621c2ef0dca803acfba502918c1e738f3e41dd15dfb504
2886,MR024780G,2,train,1512427/brainTumorDataPublic_2299-3064/2886.mat,data/processed/samples/2886.npz,512,512,2992,150,220,305,379,70,74,74,e5e0f41ce29b01231b9049ab783b2283873047fd33dbdb99d1aeefee34b372fb
2887,MR024780G,2,train,1512427/brainTumorDataPublic_2299-3064/2887.mat,data/processed/samples/2887.npz,512,512,7236,106,222,287,420,116,133,133,02421dd8268fd76f94b8b89f72d547972181b6d08e5ed6d422f6e6b801e79db9
2888,MR024780G,2,train,1512427/brainTumorDataPublic_2299-3064/2888.mat,data/processed/samples/2888.npz,512,512,6752,123,253,305,406,130,101,130,80a9207c3286dd84665993093f4b8ff71ef847d5ce82b3d25114cd3a63c0f7ba
2889,MR024780G,2,train,1512427/brainTumorDataPublic_2299-3064/2889.mat,data/processed/samples/2889.npz,512,512,4239,144,255,303,375,111,72,111,f81f569bea3d93eb1824e8e129dd79f2bfd916142e716036faf33dc32f0fad9f
2890,MR024780G,2,train,1512427/brainTumorDataPublic_2299-3064/2890.mat,data/processed/samples/2890.npz,512,512,8744,165,271,213,362,106,149,149,c5638a0b8895d46e1e17f84fc57c2b07908b105f424f91ee7cc08e589464e2d4
2891,MR050135B,2,train,1512427/brainTumorDataPublic_2299-3064/2891.mat,data/processed/samples/2891.npz,512,512,3051,123,181,176,254,58,78,78,6b1ff6e1b15d4b7f3c7d494955c98ea0c9ec39d20cc9e7d05174cf56c6b5ec60
2892,MR050135B,2,train,1512427/brainTumorDataPublic_2299-3064/2892.mat,data/processed/samples/2892.npz,512,512,4029,116,197,179,252,81,73,81,275b3743765de86efa77149f74203bc7e4b43f2ce93768b7370b9a0188965a86
2893,MR050135B,2,train,1512427/brainTumorDataPublic_2299-3064/2893.mat,data/processed/samples/2893.npz,512,512,5186,111,196,139,260,85,121,121,92034d6af5a3bca7c2d3ccac7a82e5ac7368b7a642b31a65ae02b200c27722e3
2894,MR050135B,2,train,1512427/brainTumorDataPublic_2299-3064/2894.mat,data/processed/samples/2894.npz,512,512,11145,91,209,140,282,118,142,142,d2dcc7c54b92780a3e11b44d32cd962353f9f87c8a9f8eae11ba401ff5d297e8
2895,MR050135B,2,train,1512427/brainTumorDataPublic_2299-3064/2895.mat,data/processed/samples/2895.npz,512,512,1168,224,259,236,289,35,53,53,e2bceabf581a5eb6c67f4cd89ca045a28b1d927e517e9ea3743ff3f169440648
2896,MR050135B,2,train,1512427/brainTumorDataPublic_2299-3064/2896.mat,data/processed/samples/2896.npz,512,512,3264,214,297,237,316,83,79,83,b552afcccef0009d986b04a248c2cbbd299d145b22c88b75a9fe3b78592e4212
2897,MR050135B,2,train,1512427/brainTumorDataPublic_2299-3064/2897.mat,data/processed/samples/2897.npz,512,512,4275,215,300,236,321,85,85,85,49e729a24fa13a77cdf341ec534d45e5a91ecd20cec1e71f7b835f5ea306dba5
2898,MR050135B,2,train,1512427/brainTumorDataPublic_2299-3064/2898.mat,data/processed/samples/2898.npz,512,512,3320,224,295,248,322,71,74,74,b5ddb6e6098589cfcb3b759b1c54143385f7341944f0335641bc4d7f0c996a30
2899,MR050135B,2,train,1512427/brainTumorDataPublic_2299-3064/2899.mat,data/processed/samples/2899.npz,512,512,1518,240,281,267,313,41,46,46,85c4d1a399359c4c443beb78f9b608bc3c34725229116b8ffd63b726a6e2a482
2900,MR050687,2,train,1512427/brainTumorDataPublic_2299-3064/2900.mat,data/processed/samples/2900.npz,512,512,2670,261,322,222,285,61,63,63,869f3c42c483aeabf487ce28c6bb76b3ee8989d7063abaf036dfbe613938c96d
2901,MR050687,2,train,1512427/brainTumorDataPublic_2299-3064/2901.mat,data/processed/samples/2901.npz,512,512,4746,253,329,215,297,76,82,82,027997cfa7c4d7c324cee2bb096c273549e37196dec3f7ce49387e5f57a2f2d0
2902,MR050687,2,train,1512427/brainTumorDataPublic_2299-3064/2902.mat,data/processed/samples/2902.npz,512,512,5896,250,335,210,311,85,101,101,9cd238a9c04a8d4c47c02c363562a75dbf5251f7054291055aad17d437a572e4
2903,MR050687,2,train,1512427/brainTumorDataPublic_2299-3064/2903.mat,data/processed/samples/2903.npz,512,512,5288,247,332,214,294,85,80,85,c44d0a3cd46b74dc46faad06af1d7334014dcf07aacb89acdfe3e8392b86f386
2904,MR050687,2,train,1512427/brainTumorDataPublic_2299-3064/2904.mat,data/processed/samples/2904.npz,512,512,4159,250,328,216,291,78,75,78,73af2122fe924a9818a5fe0dc35f588100465bbc0dc603d994a93d5621489456
2905,MR050687,2,train,1512427/brainTumorDataPublic_2299-3064/2905.mat,data/processed/samples/2905.npz,512,512,3007,253,315,216,288,62,72,72,2132708d566ae2d8668b2d56a94fd687801416d2a3a40cbde0dcaff427c38416
2906,MR050791B,2,train,1512427/brainTumorDataPublic_2299-3064/2906.mat,data/processed/samples/2906.npz,512,512,745,270,295,299,337,25,38,38,c0f40a51ead22418f2c1b7556940838a3bdac01f4e162e605cfbc1fa86460991
2907,MR050791B,2,train,1512427/brainTumorDataPublic_2299-3064/2907.mat,data/processed/samples/2907.npz,512,512,2440,267,310,281,358,43,77,77,5f56c887a88ea5daa2ed23edff49ba99f4b519b1c31bbb0aa6430315716b9b67
2908,MR050791B,2,train,1512427/brainTumorDataPublic_2299-3064/2908.mat,data/processed/samples/2908.npz,512,512,3684,258,318,277,365,60,88,88,7f96294a3c0060358cdb299742a93ac512e63eb01c2e91f6d3338201818cbf19
2909,MR050791B,2,train,1512427/brainTumorDataPublic_2299-3064/2909.mat,data/processed/samples/2909.npz,512,512,5347,259,330,271,375,71,104,104,9e0c1121f2f6ab81588755cbb1fb35b8802a0f56a7ecabe1c70662fe7095d221
2910,MR050791B,2,train,1512427/brainTumorDataPublic_2299-3064/2910.mat,data/processed/samples/2910.npz,512,512,3972,250,335,272,384,85,112,112,f4266cae00e17870c998457f066a103e5226bfe1152e05e23a1fe370e2d62b40
2911,MR050791B,2,train,1512427/brainTumorDataPublic_2299-3064/2911.mat,data/processed/samples/2911.npz,512,512,2658,247,315,302,396,68,94,94,a939e4727b4f64cf8ad869d3844649fe7839ed07d59ee1c7fb669575baa5e6a7
2912,MR050791B,2,train,1512427/brainTumorDataPublic_2299-3064/2912.mat,data/processed/samples/2912.npz,512,512,2695,239,322,294,396,83,102,102,3bef05aec19e7703cc2bae3d73143d918c5e3df72e67e7caf03dda13472de3fa
2913,MR050791B,2,train,1512427/brainTumorDataPublic_2299-3064/2913.mat,data/processed/samples/2913.npz,512,512,1891,239,324,345,392,85,47,85,8908d94ae6120c830a2e4f584a840b2023eb0a4380d028bd741205c23849ac3e
2914,MR049019C,2,train,1512427/brainTumorDataPublic_2299-3064/2914.mat,data/processed/samples/2914.npz,512,512,407,92,120,243,264,28,21,28,fbf941c2dc5e18e9af37e8ec7e0bec603bf88307454c6e076662b7a3e09f9cbe
2915,MR049019C,2,train,1512427/brainTumorDataPublic_2299-3064/2915.mat,data/processed/samples/2915.npz,512,512,1358,84,132,213,263,48,50,50,e41c0c65b8300918d276e1020fb7ea97fd1d03c96337352cf6d31e8c8896320f
2916,MR049019C,2,train,1512427/brainTumorDataPublic_2299-3064/2916.mat,data/processed/samples/2916.npz,512,512,1605,88,137,209,260,49,51,51,afb40f38c0c592e053c485759d45caf6a26ec230c0c5a0011b3bb727beaa2c78
2917,MR049019C,2,train,1512427/brainTumorDataPublic_2299-3064/2917.mat,data/processed/samples/2917.npz,512,512,1815,85,131,200,250,46,50,50,0308a495735849da66c082fa8fd222c23a9745c4848168e343125fe8f0a6ffb2
2918,MR051461,2,test,1512427/brainTumorDataPublic_2299-3064/2918.mat,data/processed/samples/2918.npz,512,512,6519,115,214,168,268,99,100,100,e74e2ee073c06dd577e50ec2f8a2cfabf255c26876e04ade4a481453aa50edcc
2919,MR051461,2,test,1512427/brainTumorDataPublic_2299-3064/2919.mat,data/processed/samples/2919.npz,512,512,8282,113,217,171,275,104,104,104,b6ffdc354747927fd5e1d1ab30ffb063e28505575b6eafc377b3e1fd6a9fbb9a
2920,MR051461,2,test,1512427/brainTumorDataPublic_2299-3064/2920.mat,data/processed/samples/2920.npz,512,512,9257,115,221,148,274,106,126,126,3b74050a68096b031626cf6860536cd4b51dc03a59f612ab6d85a2ddf923127f
2921,MR051461,2,test,1512427/brainTumorDataPublic_2299-3064/2921.mat,data/processed/samples/2921.npz,512,512,7566,125,214,161,274,89,113,113,9d664530fe2bdc75e005d8b5f93e33a407ef7f657f8780ace18c1af570f53358
2922,MR051461,2,test,1512427/brainTumorDataPublic_2299-3064/2922.mat,data/processed/samples/2922.npz,512,512,6761,129,216,162,265,87,103,103,b5ed3946e2d7fb2820499f1b4e2c4b728d8b3ef9e5d997b8613ef786285f572d
2923,MR051461,2,test,1512427/brainTumorDataPublic_2299-3064/2923.mat,data/processed/samples/2923.npz,512,512,4644,135,212,171,261,77,90,90,ac536fa278e279679f2b7ee2f39cfb42a4c9dae2a69d2c05d886e3a16e9b8730
2924,MR051461,2,test,1512427/brainTumorDataPublic_2299-3064/2924.mat,data/processed/samples/2924.npz,512,512,2814,140,203,178,253,63,75,75,a357f5da546927536e46e14861e14c9f34028d78c3ecc3c6fc5893d23542ce18
2925,MR051586,2,test,1512427/brainTumorDataPublic_2299-3064/2925.mat,data/processed/samples/2925.npz,512,512,923,180,233,152,195,53,43,53,f7ccb2e1db65ccc5eeed65cd36c5fe50a70604deecb942f44a766d551d523004
2926,MR051586,2,test,1512427/brainTumorDataPublic_2299-3064/2926.mat,data/processed/samples/2926.npz,512,512,2096,183,252,125,185,69,60,69,a89bf7a8c5c14d59832782562589f9571df9caec3f0313a91e9d791cda909730
2927,MR051586,2,test,1512427/brainTumorDataPublic_2299-3064/2927.mat,data/processed/samples/2927.npz,512,512,2084,152,210,140,204,58,64,64,1df5254544f27772450decb89e9e28641aa4dd0dc82730403e8e7edca3c341ee
2928,MR051586,2,test,1512427/brainTumorDataPublic_2299-3064/2928.mat,data/processed/samples/2928.npz,512,512,6254,150,243,99,198,93,99,99,0fe829cdd503067d03ef2b88245b3e8bac378a21e9e9941f627c9d45b0d8d070
2929,MR051586,2,test,1512427/brainTumorDataPublic_2299-3064/2929.mat,data/processed/samples/2929.npz,512,512,4245,164,231,115,203,67,88,88,2f0bb2adf4ccef5c14b6cdf634a5b303fef05659ad7c2fca8c9625690e1f8910
2930,MR051586,2,test,1512427/brainTumorDataPublic_2299-3064/2930.mat,data/processed/samples/2930.npz,512,512,3871,158,234,123,191,76,68,76,1e6f7f47c9ac75773cfc32bc30b92be2d1f3c62023dededb27c343eca8fb79a4
2931,MR051586,2,test,1512427/brainTumorDataPublic_2299-3064/2931.mat,data/processed/samples/2931.npz,512,512,3598,157,233,124,188,76,64,76,854dcebeec303538f0b4a206e0809e4e82ac8d58c2b9b9770a0839d68a728813
2932,MR051586,2,test,1512427/brainTumorDataPublic_2299-3064/2932.mat,data/processed/samples/2932.npz,512,512,3315,165,232,113,186,67,73,73,5d4d12a2ca24c31e8fe3123c0b142e3257b2683ccbbc8ff8b538e87eecb89ede
2933,MR051586,2,test,1512427/brainTumorDataPublic_2299-3064/2933.mat,data/processed/samples/2933.npz,512,512,2080,174,219,94,177,45,83,83,61a0bf09b16404e4e138d016da159812fcf474d1916955eede87287d381e1aa9
2934,MR051644,2,val,1512427/brainTumorDataPublic_2299-3064/2934.mat,data/processed/samples/2934.npz,512,512,8667,189,273,175,322,84,147,147,88647b1d3bb6f4a448ebfecd8f02240ccb9a7f6a2eda80eb7c09f6b565750ade
2935,MR051644,2,val,1512427/brainTumorDataPublic_2299-3064/2935.mat,data/processed/samples/2935.npz,512,512,8008,190,270,191,315,80,124,124,06fd373a1b4ddb503369e4e7316ab98f0382d1dfc02a46521283081e677b0856
2936,MR051644,2,val,1512427/brainTumorDataPublic_2299-3064/2936.mat,data/processed/samples/2936.npz,512,512,8634,192,284,185,308,92,123,123,9936aa872c055eaac5f5fce9f84db396becda2dd31ad1460fca3ec6fee2bbe3f
2937,MR051644,2,val,1512427/brainTumorDataPublic_2299-3064/2937.mat,data/processed/samples/2937.npz,512,512,9523,184,275,169,313,91,144,144,8f451847cfffe989227e079b5fb7d8afa522472744aba7cbde5e97f581ea3f5a
2938,MR051644,2,val,1512427/brainTumorDataPublic_2299-3064/2938.mat,data/processed/samples/2938.npz,512,512,13196,167,280,165,352,113,187,187,2b46e2b192213add60e06a5797838831690c3ddd5437ab2ec1586f08702a55fa
2939,MR051644,2,val,1512427/brainTumorDataPublic_2299-3064/2939.mat,data/processed/samples/2939.npz,512,512,15635,163,276,159,394,113,235,235,135d90989fbce6654e86bfd6498777a66530190752bdf195ebc052bff215a8e5
2940,MR051644,2,val,1512427/brainTumorDataPublic_2299-3064/2940.mat,data/processed/samples/2940.npz,512,512,15771,170,351,202,390,181,188,188,0b981cd048a0d7233ab2691a4cd01a373383c56273040fcbad9cc89d8bdebc4b
2941,MR051644,2,val,1512427/brainTumorDataPublic_2299-3064/2941.mat,data/processed/samples/2941.npz,512,512,13371,182,340,210,385,158,175,175,b35b44693cad8dc530ee3359ab0a0330c02adf6b20302d985991904844e5d3a3
2942,MR051644,2,val,1512427/brainTumorDataPublic_2299-3064/2942.mat,data/processed/samples/2942.npz,512,512,8680,202,331,219,370,129,151,151,d2f4dfb12d55d29d238046abc6bcccba8a573ddf9ebbb2356da9493f02a750db
2943,MR051644,2,val,1512427/brainTumorDataPublic_2299-3064/2943.mat,data/processed/samples/2943.npz,512,512,4203,239,316,237,351,77,114,114,b2207ba19e89717358e848707601b04d402027f42af16589ad726d1e2eff8c82
2944,MR051651,2,train,1512427/brainTumorDataPublic_2299-3064/2944.mat,data/processed/samples/2944.npz,512,512,4020,143,216,131,214,73,83,83,5544137101c407274bc7364287ec3331e691f83649c52e854297ef369eb0cdae
2945,MR051651,2,train,1512427/brainTumorDataPublic_2299-3064/2945.mat,data/processed/samples/2945.npz,512,512,6531,139,227,126,225,88,99,99,be54e945ae5612dc2352ac4a35e88a6464a19beb2ad34c6b8ad046f73e6f49ef
2946,MR051651,2,train,1512427/brainTumorDataPublic_2299-3064/2946.mat,data/processed/samples/2946.npz,512,512,5962,141,234,124,225,93,101,101,0fd2c3770ef6f251efd61e006e491b3ca6581fcf70a5940dfa70d4f4cc708822
2947,MR051651,2,train,1512427/brainTumorDataPublic_2299-3064/2947.mat,data/processed/samples/2947.npz,512,512,3592,149,219,134,225,70,91,91,49582f2f2d8e0183a82fd9289ccf2d2bf46543492e23de4673e6e48f5fa2ef11
2948,MR051796,2,train,1512427/brainTumorDataPublic_2299-3064/2948.mat,data/processed/samples/2948.npz,512,512,6548,60,152,175,279,92,104,104,68507ab3912b9daf04cd37cc7443a49f2a5dc593d0dad0daef01f819c8e57705
2949,MR051796,2,train,1512427/brainTumorDataPublic_2299-3064/2949.mat,data/processed/samples/2949.npz,512,512,9898,57,177,152,282,120,130,130,b742e5c50a492aa4d4fa6289b7f453e743318fbdb1bb225c8e59c6684d2a0779
2950,MR051796,2,train,1512427/brainTumorDataPublic_2299-3064/2950.mat,data/processed/samples/2950.npz,512,512,10649,63,176,143,288,113,145,145,0d917740174e87cd96fcdf850c571937371b44efb0709917d8ff05ee16564b8a
2951,MR051796,2,train,1512427/brainTumorDataPublic_2299-3064/2951.mat,data/processed/samples/2951.npz,512,512,9121,70,177,150,286,107,136,136,eb64fbd7142dea00cbe1e322cb9068aa8dbd97b852f9a18740f19701ea21c353
2952,MR051796,2,train,1512427/brainTumorDataPublic_2299-3064/2952.mat,data/processed/samples/2952.npz,512,512,6142,81,168,167,284,87,117,117,71e2d0a6914355d9340cee163f68802465658b5a4b7b049f51f569b15ed5d087
2953,MR051796,2,train,1512427/brainTumorDataPublic_2299-3064/2953.mat,data/processed/samples/2953.npz,512,512,2745,92,134,161,272,42,111,111,1b9ea3d9ee72b2d3e89c9b4368dbd9b1f3b0343c71f924d9cf832c9343247b40
2954,MR051796,2,train,1512427/brainTumorDataPublic_2299-3064/2954.mat,data/processed/samples/2954.npz,512,512,1123,112,140,174,241,28,67,67,78a739821e7c8585c6b5c8b061881ca50559ed7d7f6779f5fc9ed779fe9652a7
2955,MR051651B,2,test,1512427/brainTumorDataPublic_2299-3064/2955.mat,data/processed/samples/2955.npz,512,512,2564,145,208,164,248,63,84,84,67daca63c7f18cf34f7db91cbcf2d7eff80336ea6061f0bb41872ad281c78735
2956,MR051651B,2,test,1512427/brainTumorDataPublic_2299-3064/2956.mat,data/processed/samples/2956.npz,512,512,5841,155,249,127,246,94,119,119,7be76da246231a020b75f4ff422e786377941d71bcba93afb594426effccdf72
2957,MR051651B,2,test,1512427/brainTumorDataPublic_2299-3064/2957.mat,data/processed/samples/2957.npz,512,512,5387,170,256,130,252,86,122,122,15b70e9c9d0c90f0de288ffa52452b46b6b61d79435ab7d1def2d61f0080d0b4
2958,MR051651B,2,test,1512427/brainTumorDataPublic_2299-3064/2958.mat,data/processed/samples/2958.npz,512,512,6010,163,257,127,246,94,119,119,ac0192ddab825e092bee474359b757c4605e14a7d487f62c270c2b24b766d165
2959,MR051651B,2,test,1512427/brainTumorDataPublic_2299-3064/2959.mat,data/processed/samples/2959.npz,512,512,5845,168,262,139,251,94,112,112,75ced53db5bef674771bfd04ebe2d6ff5dddf2ad9f5c998dea59f0b06e695da4
2960,MR051651B,2,test,1512427/brainTumorDataPublic_2299-3064/2960.mat,data/processed/samples/2960.npz,512,512,3929,170,245,146,256,75,110,110,e593ef15560db8aa495b41673ebd3cbda79ec4e2490a60fc97c0264d4e2fcc68
2961,MR051644B,2,train,1512427/brainTumorDataPublic_2299-3064/2961.mat,data/processed/samples/2961.npz,512,512,3163,193,256,206,308,63,102,102,c70ce2e287d57b4a9ce545096614c02525bcd3542d64d4488bf811e33a5d15f5
2962,MR051644B,2,train,1512427/brainTumorDataPublic_2299-3064/2962.mat,data/processed/samples/2962.npz,512,512,2484,189,249,206,302,60,96,96,7e32e30e2198515c99c697cd9b73c8abb20ce716f3f760d5e2877d4e4843dc8d
2963,MR051644B,2,train,1512427/brainTumorDataPublic_2299-3064/2963.mat,data/processed/samples/2963.npz,512,512,7717,126,253,149,308,127,159,159,60c717db84f11deaec9d0697bfdd891f738edb17e618d097632a4926187eafe5
2964,MR051644B,2,train,1512427/brainTumorDataPublic_2299-3064/2964.mat,data/processed/samples/2964.npz,512,512,9756,127,276,153,314,149,161,161,7adeade5390a9b73f417aae4801d19cb5c6669961497af28431351ac4d877d86
2965,MR051644B,2,train,1512427/brainTumorDataPublic_2299-3064/2965.mat,data/processed/samples/2965.npz,512,512,8776,127,267,146,324,140,178,178,a4b909af5d3fa2daaf5a38ee4c3d8f86e559a2455e8d97c51c20b1a990687253
2966,MR051644B,2,train,1512427/brainTumorDataPublic_2299-3064/2966.mat,data/processed/samples/2966.npz,512,512,1416,190,250,233,326,60,93,93,1e2c3b3c18c481675da27fcd9781775a9651422bde51a2a7bd4e751eb42394d7
2967,MR051644B,2,train,1512427/brainTumorDataPublic_2299-3064/2967.mat,data/processed/samples/2967.npz,512,512,4940,184,262,246,363,78,117,117,9e75e1fbd3e7c69673ff85a4c8aee5bd8d29aba27eebd4289e3754972554a6a7
2968,MR051644B,2,train,1512427/brainTumorDataPublic_2299-3064/2968.mat,data/processed/samples/2968.npz,512,512,4251,206,279,312,392,73,80,80,c3d38b7a4f15dd477106c8c1c4ddb5e6364f6f9e353d0c8cf2bf92d4a38c176b
2969,MR051644B,2,train,1512427/brainTumorDataPublic_2299-3064/2969.mat,data/processed/samples/2969.npz,512,512,5243,226,335,206,388,109,182,182,709cbb6bb091fda4335b2a11646989c17c43528446c05cb20987e8c929db2260
2970,MR051796B,2,train,1512427/brainTumorDataPublic_2299-3064/2970.mat,data/processed/samples/2970.npz,512,512,4526,87,163,176,283,76,107,107,aef2a4d0660c1f08feb37ff963818dc66d952372fdb2d38313062a666bbceef1
2971,MR051796B,2,train,1512427/brainTumorDataPublic_2299-3064/2971.mat,data/processed/samples/2971.npz,512,512,4907,89,192,165,259,103,94,103,7a531658b4c4b44866019834679517e694e7049af6501a21e4844cc0c792cda5
2972,MR051796B,2,train,1512427/brainTumorDataPublic_2299-3064/2972.mat,data/processed/samples/2972.npz,512,512,2851,83,177,194,262,94,68,94,6cc99505320ca8b6a5195003bc17a2181f9c54ccdc3c056f3e891e327239f27a
2973,MR051796B,2,train,1512427/brainTumorDataPublic_2299-3064/2973.mat,data/processed/samples/2973.npz,512,512,1379,107,175,193,243,68,50,68,72ca21fc766b6695293fa2a690060d833b7085a17d412cde5bb12b738f71af03
2974,MR051796B,2,train,1512427/brainTumorDataPublic_2299-3064/2974.mat,data/processed/samples/2974.npz,512,512,1122,104,148,214,256,44,42,44,8401a74d896ce8f3c1fdb35f6f8b53b28f4814476e9d43d2e252d8b8f3254cc8
2975,MR052550,2,train,1512427/brainTumorDataPublic_2299-3064/2975.mat,data/processed/samples/2975.npz,512,512,791,270,298,297,333,28,36,36,33a91aedf5ffc5d21a4086ed0699b82c83c131ad13d22e5a1fd665addd69e9b7
2976,MR052550,2,train,1512427/brainTumorDataPublic_2299-3064/2976.mat,data/processed/samples/2976.npz,512,512,1237,268,319,285,336,51,51,51,085f4ae20ae69beb976627be374c0b19eae2a368565538c8e3ffb9b92b6409f4
2977,MR052550,2,train,1512427/brainTumorDataPublic_2299-3064/2977.mat,data/processed/samples/2977.npz,512,512,1862,266,312,273,330,46,57,57,a1b54f8c0410a9a58576002735516ec0c5412ecb36003100931e086fcdb12707
2978,MR052550,2,train,1512427/brainTumorDataPublic_2299-3064/2978.mat,data/processed/samples/2978.npz,512,512,2759,256,313,270,334,57,64,64,6cafc776f79b1484e22dd60bc4e1f95d236d27206f2ceb1e2ea94edfe912f86f
2979,MR052550,2,train,1512427/brainTumorDataPublic_2299-3064/2979.mat,data/processed/samples/2979.npz,512,512,3185,253,321,272,337,68,65,68,01af60e505ab23fce921405ca5fca841b99f589f4d6fa051ed8190fa4827bdd4
2980,MR052550,2,train,1512427/brainTumorDataPublic_2299-3064/2980.mat,data/processed/samples/2980.npz,512,512,3163,256,327,278,338,71,60,71,faec5ce7a52b9ca4e19f8cd46d6fc948efaad0dcd5b930057c5d44cf67e7dd5e
2981,MR052550,2,train,1512427/brainTumorDataPublic_2299-3064/2981.mat,data/processed/samples/2981.npz,512,512,2486,264,325,278,333,61,55,61,c3e42eac8c2a10af0f1aba9bb64eec8350638ea03e98448ffa73e4c0276fd753
2982,MR052550,2,train,1512427/brainTumorDataPublic_2299-3064/2982.mat,data/processed/samples/2982.npz,512,512,1194,270,306,283,323,36,40,40,f4dcf98d8fefab2cd3e455286de7164dbaf1b80b07635b31a983ba9bba68bb25
2983,MR051644C,2,val,1512427/brainTumorDataPublic_2299-3064/2983.mat,data/processed/samples/2983.npz,512,512,5023,139,217,189,322,78,133,133,8507f166b1be0bb9cfc955181dc2681ade5ccf9624ea8fd17fe22581272e45b5
2984,MR051644C,2,val,1512427/brainTumorDataPublic_2299-3064/2984.mat,data/processed/samples/2984.npz,512,512,6041,143,220,194,318,77,124,124,38897f3100a1920113022f9268dbd90c20178ce014cba28f21098d0781b97f9a
2985,MR051644C,2,val,1512427/brainTumorDataPublic_2299-3064/2985.mat,data/processed/samples/2985.npz,512,512,6611,140,209,190,305,69,115,115,3ef8a709347137b1046e3c50c96d0a4a008a431856f8841c9558d552e5980525
2986,MR051644C,2,val,1512427/brainTumorDataPublic_2299-3064/2986.mat,data/processed/samples/2986.npz,512,512,4673,132,212,174,300,80,126,126,5c4004ff12ecfca9e69ff819e0d4686008b605fd0f91f1a16411afc7c16e47be
2987,MR051644C,2,val,1512427/brainTumorDataPublic_2299-3064/2987.mat,data/processed/samples/2987.npz,512,512,11515,70,229,158,312,159,154,159,f680b10ce220a8cc9af594f925fb8b09b2eb501e2509111ed1fd7de1a6f05a99
2988,MR051644C,2,val,1512427/brainTumorDataPublic_2299-3064/2988.mat,data/processed/samples/2988.npz,512,512,14117,71,228,154,349,157,195,195,d3b187f08dc435afc3351b97a129622aebfd046a38a309ff7db98367d50093bb
2989,MR051644C,2,val,1512427/brainTumorDataPublic_2299-3064/2989.mat,data/processed/samples/2989.npz,512,512,21352,67,243,114,373,176,259,259,bef38bd4b6e9744149323049c18827e80cfbfac8b8837496fb9aead1a00696e0
2990,MR051644C,2,val,1512427/brainTumorDataPublic_2299-3064/2990.mat,data/processed/samples/2990.npz,512,512,11110,127,292,214,386,165,172,172,c6f39d27199801ea62d52a78796aaa8c5f2c4d58f70abaf81b68d2b40dd4072f
2991,MR051644C,2,val,1512427/brainTumorDataPublic_2299-3064/2991.mat,data/processed/samples/2991.npz,512,512,12492,125,298,204,383,173,179,179,cd2e4f488e8e270ce4a967324beee1a5e22800af30c201e9a1c3d504dc9a95be
2992,MR051644C,2,val,1512427/brainTumorDataPublic_2299-3064/2992.mat,data/processed/samples/2992.npz,512,512,11674,139,288,209,380,149,171,171,b2d197a7bd86ccb04264f78d8873bf4b952f88eb517feac5bd7a2db0ca481df5
2993,MR049942B,2,train,1512427/brainTumorDataPublic_2299-3064/2993.mat,data/processed/samples/2993.npz,512,512,2980,266,330,263,334,64,71,71,d322231c8dee75b6efcf4017179f6623b4ff407416ac05c70b676c04d879cf2e
2994,MR049942B,2,train,1512427/brainTumorDataPublic_2299-3064/2994.mat,data/processed/samples/2994.npz,512,512,4310,270,339,251,346,69,95,95,95edfc1007122a899d793da06d3d2bcb4b0d612fd6dab5cb6471d60bd9eaa3c2
2995,MR049942B,2,train,1512427/brainTumorDataPublic_2299-3064/2995.mat,data/processed/samples/2995.npz,512,512,4783,262,330,258,358,68,100,100,2380c5d17a4b1bf5ac1c4849c10ef09abf8023ac8c56c15c7d2426727b00f76d
2996,MR052585B,2,train,1512427/brainTumorDataPublic_2299-3064/2996.mat,data/processed/samples/2996.npz,512,512,1474,267,326,297,342,59,45,59,7ba6f70f33c4bbe0b184634c99241434b15218c9a6529a6779eac86ae6c09be0
2997,MR052585B,2,train,1512427/brainTumorDataPublic_2299-3064/2997.mat,data/processed/samples/2997.npz,512,512,1411,259,321,296,334,62,38,62,47af463f136b10655e1e8c4f26c415acb026929c58fab27ce643a0eb4210d855
2998,MR052585B,2,train,1512427/brainTumorDataPublic_2299-3064/2998.mat,data/processed/samples/2998.npz,512,512,7383,189,306,181,339,117,158,158,19af4adbc3ed31f769a4f8dd1896b320d6b8010c03571716c48734b5cf1dff37
2999,MR053110B,2,train,1512427/brainTumorDataPublic_2299-3064/2999.mat,data/processed/samples/2999.npz,512,512,5099,233,308,184,314,75,130,130,a4a5f635174a39019ff606e03eabeb55367bc74725e9b64d293698045b41b9e6
3000,MR053110B,2,train,1512427/brainTumorDataPublic_2299-3064/3000.mat,data/processed/samples/3000.npz,512,512,6690,219,309,186,313,90,127,127,4a650c372a6ed4d5f3f19cff739ef947a9b2e46280f5bd46d6ea2b902713fb1b
3001,MR053110B,2,train,1512427/brainTumorDataPublic_2299-3064/3001.mat,data/processed/samples/3001.npz,512,512,8209,214,307,187,330,93,143,143,520052c35f3529c31e83dc865c1a47a05113069ba90c50b397f274780ed6a85f
3002,MR053110B,2,train,1512427/brainTumorDataPublic_2299-3064/3002.mat,data/processed/samples/3002.npz,512,512,10104,202,300,189,336,98,147,147,407ed834475434a85cf082e28e159b361deb059a9ab1a4a29cf38b72993684f0
3003,MR053110B,2,train,1512427/brainTumorDataPublic_2299-3064/3003.mat,data/processed/samples/3003.npz,512,512,7024,183,285,212,348,102,136,136,bebcc19f20482e0a093cc9dc09c25fa0bad4b4564da66ed697943a72631f6b80
3004,MR053110B,2,train,1512427/brainTumorDataPublic_2299-3064/3004.mat,data/processed/samples/3004.npz,512,512,344,223,248,264,306,25,42,42,c9cd4ac29508125503ba7f09027a27dab7b8b12d9a4e5b4dd695e0bc46ec164d
3005,MR034694,2,train,1512427/brainTumorDataPublic_2299-3064/3005.mat,data/processed/samples/3005.npz,512,512,2652,174,224,302,377,50,75,75,08e4fb02c3b725b617a26e0ec9ff747935f43e93e20964c47b9a02d5c5ef9291
3006,MR034694,2,train,1512427/brainTumorDataPublic_2299-3064/3006.mat,data/processed/samples/3006.npz,512,512,4774,165,244,296,382,79,86,86,774965a6aba95d4a386235a1836f786bf3651df3660454154e94ea65d313bb32
3007,MR034694,2,train,1512427/brainTumorDataPublic_2299-3064/3007.mat,data/processed/samples/3007.npz,512,512,4258,168,237,289,377,69,88,88,38a07ecaf1e67af88006306ff0519ff29d200c6b30ac7ea5152eefdfc144ace6
3008,MR034694,2,train,1512427/brainTumorDataPublic_2299-3064/3008.mat,data/processed/samples/3008.npz,512,512,4220,173,239,271,371,66,100,100,93eed19af7ce15c80949857047e52ddaeb00f0d6a43ab219303094ad0970b2cf
3009,MR054875,2,train,1512427/brainTumorDataPublic_2299-3064/3009.mat,data/processed/samples/3009.npz,512,512,2135,231,287,197,254,56,57,57,cae5416e09ea875733d71bb344b2b43e0c6c18d901db3ab531afca7a7ff9f31a
3010,MR054875,2,train,1512427/brainTumorDataPublic_2299-3064/3010.mat,data/processed/samples/3010.npz,512,512,2462,228,291,189,251,63,62,63,703e687f0811e671ff5190ab2be8ca822f53704313b6d7ecf38c22c56fff3eed
3011,MR054875,2,train,1512427/brainTumorDataPublic_2299-3064/3011.mat,data/processed/samples/3011.npz,512,512,1039,248,291,204,236,43,32,43,f7c3ff09b547f027559e63d1ce93e711538fc0f213247adc119908f712d9f27b
3012,MR054875,2,train,1512427/brainTumorDataPublic_2299-3064/3012.mat,data/processed/samples/3012.npz,512,512,1707,199,263,170,204,64,34,64,7a9915c92b3a7b15bbc23d0bba1827b64f14aec00c33abd4216ad571c363bbc2
3013,MR054875,2,train,1512427/brainTumorDataPublic_2299-3064/3013.mat,data/processed/samples/3013.npz,512,512,1907,201,244,165,226,43,61,61,4eb895b5fd40637874783a0a19ca2a97f09aebe469ec76da0c3e200e02c5bf13
3014,MR050687C,2,train,1512427/brainTumorDataPublic_2299-3064/3014.mat,data/processed/samples/3014.npz,512,512,5078,238,299,200,320,61,120,120,1cae10feeda2e7b9dfde842af021ea58ed0531a454b11d7839cb360de6e4d632
3015,MR050687C,2,train,1512427/brainTumorDataPublic_2299-3064/3015.mat,data/processed/samples/3015.npz,512,512,6083,236,320,199,311,84,112,112,1ec2b0093156fbf20579fc3f8ff9aeae48b17f45402def7de36da5d47154db6e
3016,MR050687C,2,train,1512427/brainTumorDataPublic_2299-3064/3016.mat,data/processed/samples/3016.npz,512,512,6973,243,330,183,312,87,129,129,804b6b8902698b1ddb3b326dbe2f4e93b3c0709518fdd1ed8666e07bd7ff9be8
3017,MR050687C,2,train,1512427/brainTumorDataPublic_2299-3064/3017.mat,data/processed/samples/3017.npz,512,512,9011,193,332,182,352,139,170,170,502f240ce2feb86a62787fd49b33b25d95440d0fa7606a2ba245deb7df87a6eb
3018,MR050687C,2,train,1512427/brainTumorDataPublic_2299-3064/3018.mat,data/processed/samples/3018.npz,512,512,8686,181,338,185,358,157,173,173,21abaf4065f9be3b32a27611170c3a1f72e716bebc3aada7f9c42ef31ee3c2d7
3019,MR050687C,2,train,1512427/brainTumorDataPublic_2299-3064/3019.mat,data/processed/samples/3019.npz,512,512,3658,266,332,193,291,66,98,98,11209dbd1c35e7946f8e9a3135624337787e7cffc4d5f6fa4b9c805f306cab80
3020,MR056144,2,test,1512427/brainTumorDataPublic_2299-3064/3020.mat,data/processed/samples/3020.npz,512,512,3239,77,152,245,304,75,59,75,69884c4b4b086b6660dc96ce1a8a907db39dce40d20254b029674e29d2a05845
3021,MR056144,2,test,1512427/brainTumorDataPublic_2299-3064/3021.mat,data/processed/samples/3021.npz,512,512,2475,81,149,250,296,68,46,68,950669cd4f7fcb1a0a46b31f7955d2f45f32e5e67466ba41571c24cd7b7364f0
3022,MR034997,2,train,1512427/brainTumorDataPublic_2299-3064/3022.mat,data/processed/samples/3022.npz,512,512,1653,225,273,186,238,48,52,52,07932f89e3f257adee1edcb561817b1840a0e3ec14a35ab46e48672f73007536
3023,MR034997,2,train,1512427/brainTumorDataPublic_2299-3064/3023.mat,data/processed/samples/3023.npz,512,512,3483,217,284,176,248,67,72,72,444eb62cfa5b2b7f4695c41ff2e8922efd041313bc57087efac1a3cd415c951b
3024,MR034997,2,train,1512427/brainTumorDataPublic_2299-3064/3024.mat,data/processed/samples/3024.npz,512,512,5674,208,287,170,268,79,98,98,452f400143febcefe4080446ea850b8cb8df0c512e98da2b8fe656fcf4683194
3025,MR034997,2,train,1512427/brainTumorDataPublic_2299-3064/3025.mat,data/processed/samples/3025.npz,512,512,6471,201,288,167,267,87,100,100,91448f04216952ab16f49dd05341ba57644a2e5811cb5aeda5dff6c26a73feb5
3026,MR034997,2,train,1512427/brainTumorDataPublic_2299-3064/3026.mat,data/processed/samples/3026.npz,512,512,5022,198,274,170,263,76,93,93,a6a72969c768b24298b1a17a0ff2770528cf164397085b05fbb8ea408dcb7dcd
3027,MR034997,2,train,1512427/brainTumorDataPublic_2299-3064/3027.mat,data/processed/samples/3027.npz,512,512,3407,202,266,162,255,64,93,93,890f69d427b5de72839f0acab8e4f659757526f744cd140e2673fcad26c16ce6
3028,MR034997,2,train,1512427/brainTumorDataPublic_2299-3064/3028.mat,data/processed/samples/3028.npz,512,512,671,237,266,202,238,29,36,36,3f7cdf8209c964aa133524cfc3fedc6b52e97a36979e358a75dbee785f2d56a4
3029,MR029209E,2,train,1512427/brainTumorDataPublic_2299-3064/3029.mat,data/processed/samples/3029.npz,512,512,4015,140,224,210,285,84,75,84,bd4fdba74bbf6c557b99f80923aadfeaf0602ab20690aad01873523c72eeed0a
3030,53669,1,test,1512427/brainTumorDataPublic_2299-3064/3030.mat,data/processed/samples/3030.npz,512,512,5273,150,234,309,390,84,81,84,b075d706925f007bfca1671029ad4b613586dfb1ca9abfa4af2ff71362b2787e
3031,MR033389B,2,train,1512427/brainTumorDataPublic_2299-3064/3031.mat,data/processed/samples/3031.npz,512,512,16899,94,231,211,375,137,164,164,dc1626ee7262d650f9ab0be631941f3d266978a96103bc06d3e335de6f12f6fc
3032,MR033389B,2,train,1512427/brainTumorDataPublic_2299-3064/3032.mat,data/processed/samples/3032.npz,512,512,20042,72,238,206,385,166,179,179,fffdf1fe694a57ba66c78829eb83be23c30847db2c4e9bf3fb8c290ba91ac2d5
3033,MR033389B,2,train,1512427/brainTumorDataPublic_2299-3064/3033.mat,data/processed/samples/3033.npz,512,512,18964,80,239,207,382,159,175,175,0fac0eec324ac5b55b91cf45d41d5766de7f5984a8534bb9451c62f38deb27a9
3034,MR033389B,2,train,1512427/brainTumorDataPublic_2299-3064/3034.mat,data/processed/samples/3034.npz,512,512,16885,88,250,214,378,162,164,164,aadefd064571fcd46e34070e03b5fafb6c79abe0dd9856f9b3577305b2bed347
3035,MR033389B,2,train,1512427/brainTumorDataPublic_2299-3064/3035.mat,data/processed/samples/3035.npz,512,512,8933,116,246,245,357,130,112,130,cc44cda5b59668d00fa6839690d65cee25186c88cf32d946a43bd18c88cce702
3036,MR033389B,2,train,1512427/brainTumorDataPublic_2299-3064/3036.mat,data/processed/samples/3036.npz,512,512,2046,139,195,353,402,56,49,56,d808b398d2a923d43c566ee798aecb9fa2f859ffe652ca65f41144b1084199f7
3037,MR033389B,2,train,1512427/brainTumorDataPublic_2299-3064/3037.mat,data/processed/samples/3037.npz,512,512,2929,136,211,345,398,75,53,75,feae383cfe34091f6456038c633e1dd903799f306f1a107120c5788517192d46
3038,MR033389B,2,train,1512427/brainTumorDataPublic_2299-3064/3038.mat,data/processed/samples/3038.npz,512,512,2519,141,208,342,393,67,51,67,3c4c20396d3b208fe5a0003134b8de44a96ab3d7dc481841a1d271df390ed0f0
3039,MR024780E,2,train,1512427/brainTumorDataPublic_2299-3064/3039.mat,data/processed/samples/3039.npz,512,512,308,166,190,346,366,24,20,24,7d758450e85a9f1657f770f76090ff979b5d5ee5cc837e1ff63458fe7419fe0b
3040,MR024780E,2,train,1512427/brainTumorDataPublic_2299-3064/3040.mat,data/processed/samples/3040.npz,512,512,782,165,200,324,371,35,47,47,c2ac59b11ecd15eda516bc299e71aed4228db4d25b36a557c96594191eabb561
3041,MR024780E,2,train,1512427/brainTumorDataPublic_2299-3064/3041.mat,data/processed/samples/3041.npz,512,512,668,158,200,319,353,42,34,42,a46b3b3156a101171d6bbe085a184ac5bbd76c97ff01b94b41a510ff8213733a
3042,MR040240C,2,train,1512427/brainTumorDataPublic_2299-3064/3042.mat,data/processed/samples/3042.npz,512,512,5579,252,382,355,428,130,73,130,a6e01a6227a0ba9ba77b7698b7ed6204651bcf4883399f06cbe02ada807a6a02
3043,MR040240C,2,train,1512427/brainTumorDataPublic_2299-3064/3043.mat,data/processed/samples/3043.npz,512,512,4012,286,363,353,425,77,72,77,d579af903cd4992521b0f8d77d170a144ae1ecb8d7764a731ecb51aac170ab69
3044,MR040240C,2,train,1512427/brainTumorDataPublic_2299-3064/3044.mat,data/processed/samples/3044.npz,512,512,8940,267,358,235,418,91,183,183,8764425b31c29a68778e76a4bcbba4d7c874e233d9448205cd22f72b71c05932
3045,MR040240C,2,train,1512427/brainTumorDataPublic_2299-3064/3045.mat,data/processed/samples/3045.npz,512,512,7876,291,402,216,411,111,195,195,0eda28789a3e6ec34dfef3bf0dafefdd9e63fb9aa82bc7ac0473075d005c910a
3046,MR040240C,2,train,1512427/brainTumorDataPublic_2299-3064/3046.mat,data/processed/samples/3046.npz,512,512,4376,304,382,241,401,78,160,160,58aa717e7371858182e62398c2e36ea550779dc1c23c07092bea376abfb6b5cd
3047,MR040240D,2,train,1512427/brainTumorDataPublic_2299-3064/3047.mat,data/processed/samples/3047.npz,512,512,801,204,251,314,342,47,28,47,e84d39fe9a1d7ac5b4ebe9fbe52107dbe9182cf32659d32fa870744295221059
3048,MR040240D,2,train,1512427/brainTumorDataPublic_2299-3064/3048.mat,data/processed/samples/3048.npz,512,512,511,205,230,301,336,25,35,35,191512f9e63ac2b1ada12445b3f8bd2756c0094f8ff7bb321dae48ca9305192c
3049,MR017260F,2,test,1512427/brainTumorDataPublic_2299-3064/3049.mat,data/processed/samples/3049.npz,512,512,2240,163,240,143,188,77,45,77,bc4272b9dfb14148dd64fb12438be5e8ee2146e097d8d216fdfa2f7f08b31e95
3050,MR017260F,2,test,1512427/brainTumorDataPublic_2299-3064/3050.mat,data/processed/samples/3050.npz,512,512,5686,155,249,116,194,94,78,94,de47a1da2c3864d16123f1da997ed8d898baf4f751a45041ece76ab3a17458b8
3051,MR017260F,2,test,1512427/brainTumorDataPublic_2299-3064/3051.mat,data/processed/samples/3051.npz,512,512,9404,134,258,100,206,124,106,124,5374c0fdf76871899e1170aac726c7c2e5a2599595867f770726ef7ec0e302e6
3052,MR017260F,2,test,1512427/brainTumorDataPublic_2299-3064/3052.mat,data/processed/samples/3052.npz,512,512,11295,131,261,87,208,130,121,130,d85cad4045443a9a5da6e6add71263693f4dc359cf0ae1e37d021957a5acfe1a
3053,MR017260F,2,test,1512427/brainTumorDataPublic_2299-3064/3053.mat,data/processed/samples/3053.npz,512,512,13147,121,262,86,226,141,140,141,f5f0fbfd99dff368740f6fa221f2f187103b2cc4b1dff07c994a0fd82386839d
3054,MR017260F,2,test,1512427/brainTumorDataPublic_2299-3064/3054.mat,data/processed/samples/3054.npz,512,512,14816,116,266,83,224,150,141,150,ba5a4c5748ec0c8ee65e246e31b60d91aeb7095ea8fe498a9167dc245d60c62e
3055,MR017260F,2,test,1512427/brainTumorDataPublic_2299-3064/3055.mat,data/processed/samples/3055.npz,512,512,13232,109,273,86,285,164,199,199,0fe1073f50c20be813e7114c748d548c2d7aa84be1a34ffe28b7d10522bed03b
3056,MR029209I,2,train,1512427/brainTumorDataPublic_2299-3064/3056.mat,data/processed/samples/3056.npz,512,512,4052,102,175,261,332,73,71,73,edd7145e375c3a379d96aa5939722579d3c85f8b1e68b56fc2cecd597349ed56
3057,MR029209I,2,train,1512427/brainTumorDataPublic_2299-3064/3057.mat,data/processed/samples/3057.npz,512,512,5130,88,171,257,343,83,86,86,ad1d3d5afc133cf71a35c5a564434f154f8ab2c28ec5253b52367ea48ff67df0
3058,MR029209I,2,train,1512427/brainTumorDataPublic_2299-3064/3058.mat,data/processed/samples/3058.npz,512,512,8872,88,231,236,362,143,126,143,419bd3e5576bd3906b96b8e02c242854b881294b3fb2cc2448b7b6dd27c67ebb
3059,MR029209I,2,train,1512427/brainTumorDataPublic_2299-3064/3059.mat,data/processed/samples/3059.npz,512,512,8329,97,223,249,378,126,129,129,9f9f612e877735e6c9ad8b688935abe309a8eb45408fb767c0aee6aad0a76edc
3060,MR029209I,2,train,1512427/brainTumorDataPublic_2299-3064/3060.mat,data/processed/samples/3060.npz,512,512,7937,96,234,247,373,138,126,138,d1803c6b1e4f52e8aaf6b5f9c7f04579bf529ad6f57638f5ce1f91df2aa952a8
3061,MR029209I,2,train,1512427/brainTumorDataPublic_2299-3064/3061.mat,data/processed/samples/3061.npz,512,512,4537,141,213,257,368,72,111,111,9ed169f843a82b191dae2be5bc576e1518831768eae5cc1367d7dbaf70a4da4d
3062,MR029209I,2,train,1512427/brainTumorDataPublic_2299-3064/3062.mat,data/processed/samples/3062.npz,512,512,612,149,186,342,363,37,21,37,4f9ceed8dcffccb0a9bbb18a182f8a069110da9b82433af0d3b28723ff64cab5
3063,95969,1,train,1512427/brainTumorDataPublic_2299-3064/3063.mat,data/processed/samples/3063.npz,512,512,1690,264,324,111,147,60,36,60,fd7e5f3f7d68a39ee45e04a3b408968fd2fc4de2469c0dc4bb271d253162f065
3064,88510,1,val,1512427/brainTumorDataPublic_2299-3064/3064.mat,data/processed/samples/3064.npz,512,512,3318,111,184,248,318,73,70,73,828fbc67638d33c2ba163e753ff1db0c3440a7a0807a2498b879445acf3792bb
