sample_id,split,label,crop_r0,crop_r1,crop_c0,crop_c1,crop_side,oob_top,oob_bottom,oob_left,oob_right,upscale_factor
1,train,1,146,283,255,392,137,0,0,0,0,1.635036496350365
2,train,1,136,273,252,389,137,0,0,0,0,1.635036496350365
3,train,1,143,294,248,399,151,0,0,0,0,1.4834437086092715
4,train,1,151,292,255,396,141,0,0,0,0,1.5886524822695036
5,train,1,144,312,254,422,168,0,0,0,0,1.3333333333333333
6,train,1,175,251,248,324,76,0,0,0,0,2.9473684210526314
7,train,1,177,252,247,322,75,0,0,0,0,2.986666666666667
8,train,1,186,266,243,323,80,0,0,0,0,2.8
9,train,1,240,333,201,294,93,0,0,0,0,2.4086021505376345
10,train,1,243,333,223,313,90,0,0,0,0,2.488888888888889
11,train,1,237,343,221,327,106,0,0,0,0,2.1132075471698113
12,train,1,228,354,214,340,126,0,0,0,0,1.7777777777777777
13,train,1,226,358,211,343,132,0,0,0,0,1.696969696969697
14,train,1,231,351,216,336,120,0,0,0,0,1.8666666666666667
15,train,1,245,340,226,321,95,0,0,0,0,2.357894736842105
16,val,1,182,229,233,280,47,0,0,0,0,4.76595744680851
17,val,1,153,228,225,300,75,0,0,0,0,2.986666666666667
18,val,1,154,217,231,294,63,0,0,0,0,3.5555555555555554
19,val,1,161,209,241,289,48,0,0,0,0,4.666666666666667
20,train,1,255,362,229,336,107,0,0,0,0,2.0934579439252334
21,train,1,250,369,223,342,119,0,0,0,0,1.8823529411764706
22,train,1,244,369,220,345,125,0,0,0,0,1.792
23,train,1,253,356,222,325,103,0,0,0,0,2.174757281553398
24,train,1,225,308,263,346,83,0,0,0,0,2.6987951807228914
25,train,1,215,362,227,374,147,0,0,0,0,1.5238095238095237
26,val,1,354,396,196,238,42,0,0,0,0,5.333333333333333
27,val,1,118,182,169,233,64,0,0,0,0,3.5
28,test,1,148,231,154,237,83,0,0,0,0,2.6987951807228914
29,test,1,153,246,146,239,93,0,0,0,0,2.4086021505376345
30,test,1,144,245,140,241,101,0,0,0,0,2.217821782178218
31,test,1,139,246,137,244,107,0,0,0,0,2.0934579439252334
32,test,1,178,285,176,283,107,0,0,0,0,2.0934579439252334
33,test,1,197,290,184,277,93,0,0,0,0,2.4086021505376345
34,train,1,122,157,235,270,35,0,0,0,0,6.4
35,train,1,356,397,242,283,41,0,0,0,0,5.463414634146342
36,train,1,180,250,219,289,70,0,0,0,0,3.2
37,train,1,177,253,216,292,76,0,0,0,0,2.9473684210526314
38,train,1,171,253,212,294,82,0,0,0,0,2.731707317073171
39,train,1,165,255,203,293,90,0,0,0,0,2.488888888888889
40,train,1,169,251,207,289,82,0,0,0,0,2.731707317073171
41,train,1,172,244,213,285,72,0,0,0,0,3.111111111111111
42,test,1,218,323,254,359,105,0,0,0,0,2.1333333333333333
43,test,1,223,310,257,344,87,0,0,0,0,2.574712643678161
44,test,1,233,300,265,332,67,0,0,0,0,3.343283582089552
45,train,1,139,258,111,230,119,0,0,0,0,1.8823529411764706
46,train,1,135,261,113,239,126,0,0,0,0,1.7777777777777777
47,train,1,139,251,124,236,112,0,0,0,0,2.0
48,train,1,141,253,128,240,112,0,0,0,0,2.0
49,train,1,263,323,323,383,60,0,0,0,0,3.7333333333333334
50,train,1,255,367,294,406,112,0,0,0,0,2.0
51,train,1,255,371,289,405,116,0,0,0,0,1.9310344827586208
52,train,1,258,372,289,403,114,0,0,0,0,1.9649122807017543
53,train,1,275,366,292,383,91,0,0,0,0,2.4615384615384617
54,train,1,275,344,300,369,69,0,0,0,0,3.246376811594203
55,train,1,279,332,307,360,53,0,0,0,0,4.226415094339623
56,train,1,305,358,303,356,53,0,0,0,0,4.226415094339623
57,train,1,288,356,293,361,68,0,0,0,0,3.2941176470588234
58,train,1,280,323,319,362,43,0,0,0,0,5.209302325581396
59,train,3,218,299,209,290,81,0,0,0,0,2.765432098765432
60,train,1,225,313,230,318,88,0,0,0,0,2.5454545454545454
61,train,1,221,320,225,324,99,0,0,0,0,2.2626262626262625
62,train,1,160,259,236,335,99,0,0,0,0,2.2626262626262625
63,train,1,158,262,233,337,104,0,0,0,0,2.1538461538461537
64,train,1,156,260,234,338,104,0,0,0,0,2.1538461538461537
65,train,1,148,259,229,340,111,0,0,0,0,2.018018018018018
66,train,1,157,249,242,334,92,0,0,0,0,2.4347826086956523
67,train,1,348,414,178,244,66,0,0,0,0,3.393939393939394
68,train,1,342,442,158,258,100,0,0,0,0,2.24
69,train,1,340,419,168,247,79,0,0,0,0,2.8354430379746836
70,train,1,346,411,175,240,65,0,0,0,0,3.4461538461538463
71,train,1,375,415,233,273,40,0,0,0,0,5.6
72,train,1,373,417,230,274,44,0,0,0,0,5.090909090909091
73,train,1,160,296,185,321,136,0,0,0,0,1.6470588235294117
74,train,1,146,299,163,316,153,0,0,0,0,1.4640522875816993
75,train,1,139,298,150,309,159,0,0,0,0,1.4088050314465408
76,train,1,145,289,152,296,144,0,0,0,0,1.5555555555555556
77,train,1,146,289,149,292,143,0,0,0,0,1.5664335664335665
78,train,1,149,279,157,287,130,0,0,0,0,1.7230769230769232
79,train,1,199,270,198,269,71,0,0,0,0,3.1549295774647885
80,train,1,116,344,276,504,228,0,0,0,0,0.9824561403508771
81,train,1,143,352,283,492,209,0,0,0,0,1.0717703349282297
82,train,1,141,360,277,496,219,0,0,0,0,1.0228310502283104
83,train,1,146,347,288,489,201,0,0,0,0,1.1144278606965174
84,train,1,151,346,285,480,195,0,0,0,0,1.1487179487179486
85,train,1,167,309,306,448,142,0,0,0,0,1.5774647887323943
86,train,1,190,297,311,418,107,0,0,0,0,2.0934579439252334
87,train,1,302,404,230,332,102,0,0,0,0,2.196078431372549
88,train,1,292,415,223,346,123,0,0,0,0,1.8211382113821137
89,train,1,293,421,224,352,128,0,0,0,0,1.75
90,train,1,306,422,225,341,116,0,0,0,0,1.9310344827586208
91,train,1,173,219,213,259,46,0,0,0,0,4.869565217391305
92,train,1,191,225,231,265,34,0,0,0,0,6.588235294117647
93,train,1,214,298,159,243,84,0,0,0,0,2.6666666666666665
94,train,1,207,301,154,248,94,0,0,0,0,2.382978723404255
95,train,1,235,287,189,241,52,0,0,0,0,4.3076923076923075
96,train,1,280,340,285,345,60,0,0,0,0,3.7333333333333334
97,train,1,273,342,273,342,69,0,0,0,0,3.246376811594203
98,train,1,272,339,273,340,67,0,0,0,0,3.343283582089552
99,test,1,170,272,153,255,102,0,0,0,0,2.196078431372549
100,test,1,167,275,144,252,108,0,0,0,0,2.074074074074074
101,test,1,168,269,153,254,101,0,0,0,0,2.217821782178218
102,test,1,135,260,156,281,125,0,0,0,0,1.792
103,test,1,134,225,167,258,91,0,0,0,0,2.4615384615384617
104,train,1,274,376,102,204,102,0,0,0,0,2.196078431372549
105,train,1,268,383,98,213,115,0,0,0,0,1.9478260869565218
106,train,1,254,393,88,227,139,0,0,0,0,1.6115107913669064
107,train,1,258,390,98,230,132,0,0,0,0,1.696969696969697
108,train,1,249,389,94,234,140,0,0,0,0,1.6
109,train,1,249,379,99,229,130,0,0,0,0,1.7230769230769232
110,train,1,252,355,117,220,103,0,0,0,0,2.174757281553398
111,val,1,175,209,235,269,34,0,0,0,0,6.588235294117647
112,val,1,142,242,222,322,100,0,0,0,0,2.24
113,train,1,164,220,248,304,56,0,0,0,0,4.0
114,train,1,161,221,248,308,60,0,0,0,0,3.7333333333333334
115,train,1,173,266,181,274,93,0,0,0,0,2.4086021505376345
116,train,1,166,269,174,277,103,0,0,0,0,2.174757281553398
117,train,1,125,329,99,303,204,0,0,0,0,1.0980392156862746
118,train,1,186,266,185,265,80,0,0,0,0,2.8
119,train,1,203,236,120,153,33,0,0,0,0,6.787878787878788
120,train,1,256,368,143,255,112,0,0,0,0,2.0
121,train,1,253,365,149,261,112,0,0,0,0,2.0
122,train,1,255,359,155,259,104,0,0,0,0,2.1538461538461537
123,train,1,268,351,172,255,83,0,0,0,0,2.6987951807228914
124,train,1,171,300,164,293,129,0,0,0,0,1.7364341085271318
125,train,1,256,343,310,397,87,0,0,0,0,2.574712643678161
126,train,1,258,333,312,387,75,0,0,0,0,2.986666666666667
127,train,1,266,325,325,384,59,0,0,0,0,3.7966101694915255
128,test,1,120,247,276,403,127,0,0,0,0,1.763779527559055
129,test,1,116,253,273,410,137,0,0,0,0,1.635036496350365
130,test,1,122,270,269,417,148,0,0,0,0,1.5135135135135136
131,test,1,152,252,279,379,100,0,0,0,0,2.24
132,train,1,182,286,184,288,104,0,0,0,0,2.1538461538461537
133,train,1,180,298,175,293,118,0,0,0,0,1.8983050847457628
134,train,1,179,297,171,289,118,0,0,0,0,1.8983050847457628
135,train,1,82,181,190,289,99,0,0,0,0,2.2626262626262625
136,train,1,77,188,187,298,111,0,0,0,0,2.018018018018018
137,train,1,88,187,188,287,99,0,0,0,0,2.2626262626262625
138,train,1,97,180,197,280,83,0,0,0,0,2.6987951807228914
139,train,1,310,388,171,249,78,0,0,0,0,2.871794871794872
140,train,1,308,390,167,249,82,0,0,0,0,2.731707317073171
141,train,1,305,385,172,252,80,0,0,0,0,2.8
142,test,1,225,281,245,301,56,0,0,0,0,4.0
143,test,1,223,280,243,300,57,0,0,0,0,3.9298245614035086
144,val,1,151,229,319,397,78,0,0,0,0,2.871794871794872
145,val,1,135,295,250,410,160,0,0,0,0,1.4
146,val,1,121,306,238,423,185,0,0,0,0,1.2108108108108109
147,val,1,124,311,238,425,187,0,0,0,0,1.1978609625668448
148,val,1,121,312,234,425,191,0,0,0,0,1.1727748691099475
149,val,1,131,307,240,416,176,0,0,0,0,1.2727272727272727
150,val,1,142,291,248,397,149,0,0,0,0,1.5033557046979866
151,train,1,296,374,148,226,78,0,0,0,0,2.871794871794872
152,train,1,287,387,130,230,100,0,0,0,0,2.24
153,train,1,298,375,146,223,77,0,0,0,0,2.909090909090909
154,train,1,257,431,151,325,174,0,0,0,0,1.2873563218390804
155,train,1,245,430,144,329,185,0,0,0,0,1.2108108108108109
156,train,1,246,421,152,327,175,0,0,0,0,1.28
157,train,1,241,416,152,327,175,0,0,0,0,1.28
158,train,1,247,409,159,321,162,0,0,0,0,1.382716049382716
159,train,1,254,401,161,308,147,0,0,0,0,1.5238095238095237
160,train,1,251,321,242,312,70,0,0,0,0,3.2
161,train,1,246,326,236,316,80,0,0,0,0,2.8
162,train,1,249,324,239,314,75,0,0,0,0,2.986666666666667
163,train,1,162,197,299,334,35,0,0,0,0,6.4
164,train,1,212,307,191,286,95,0,0,0,0,2.357894736842105
165,train,1,199,302,185,288,103,0,0,0,0,2.174757281553398
166,train,1,184,300,175,291,116,0,0,0,0,1.9310344827586208
167,train,1,190,295,177,282,105,0,0,0,0,2.1333333333333333
168,train,1,196,285,179,268,89,0,0,0,0,2.5168539325842696
169,test,1,150,258,293,401,108,0,0,0,0,2.074074074074074
170,test,1,133,268,268,403,135,0,0,0,0,1.6592592592592592
171,test,1,132,276,262,406,144,0,0,0,0,1.5555555555555556
172,test,1,133,277,259,403,144,0,0,0,0,1.5555555555555556
173,test,1,145,265,268,388,120,0,0,0,0,1.8666666666666667
174,test,1,154,255,271,372,101,0,0,0,0,2.217821782178218
175,val,1,307,364,189,246,57,0,0,0,0,3.9298245614035086
176,val,1,293,381,179,267,88,0,0,0,0,2.5454545454545454
177,val,1,288,387,170,269,99,0,0,0,0,2.2626262626262625
178,val,1,290,379,175,264,89,0,0,0,0,2.5168539325842696
179,val,1,292,364,182,254,72,0,0,0,0,3.111111111111111
180,train,1,286,373,196,283,87,0,0,0,0,2.574712643678161
181,train,1,282,381,189,288,99,0,0,0,0,2.2626262626262625
182,train,1,282,376,191,285,94,0,0,0,0,2.382978723404255
183,train,1,282,361,196,275,79,0,0,0,0,2.8354430379746836
184,train,1,180,245,190,255,65,0,0,0,0,3.4461538461538463
185,train,1,173,245,189,261,72,0,0,0,0,3.111111111111111
186,train,1,205,236,206,237,31,0,0,0,0,7.225806451612903
187,train,1,337,403,176,242,66,0,0,0,0,3.393939393939394
188,train,1,330,431,167,268,101,0,0,0,0,2.217821782178218
189,train,1,319,427,165,273,108,0,0,0,0,2.074074074074074
190,train,1,325,431,167,273,106,0,0,0,0,2.1132075471698113
191,train,1,332,436,164,268,104,0,0,0,0,2.1538461538461537
192,train,1,251,344,142,235,93,0,0,0,0,2.4086021505376345
193,train,1,236,363,122,249,127,0,0,0,0,1.763779527559055
194,train,1,221,383,111,273,162,0,0,0,0,1.382716049382716
195,train,1,217,388,102,273,171,0,0,0,0,1.3099415204678362
196,train,1,223,385,110,272,162,0,0,0,0,1.382716049382716
197,train,1,225,379,126,280,154,0,0,0,0,1.4545454545454546
198,val,1,306,374,294,362,68,0,0,0,0,3.2941176470588234
199,val,1,304,374,296,366,70,0,0,0,0,3.2
200,test,1,170,228,249,307,58,0,0,0,0,3.8620689655172415
201,test,1,164,243,241,320,79,0,0,0,0,2.8354430379746836
202,test,1,170,240,244,314,70,0,0,0,0,3.2
203,train,1,368,397,251,280,29,0,0,0,0,7.724137931034483
204,train,1,274,403,268,397,129,0,0,0,0,1.7364341085271318
205,train,1,267,406,262,401,139,0,0,0,0,1.6115107913669064
206,train,1,269,413,260,404,144,0,0,0,0,1.5555555555555556
207,train,1,276,405,259,388,129,0,0,0,0,1.7364341085271318
208,train,1,274,387,262,375,113,0,0,0,0,1.9823008849557522
209,val,2,45,259,109,323,214,0,0,0,0,1.0467289719626167
210,val,2,46,257,110,321,211,0,0,0,0,1.061611374407583
211,train,1,173,309,256,392,136,0,0,0,0,1.6470588235294117
212,train,1,188,323,255,390,135,0,0,0,0,1.6592592592592592
213,train,1,179,322,252,395,143,0,0,0,0,1.5664335664335665
214,train,1,176,326,249,399,150,0,0,0,0,1.4933333333333334
215,train,1,168,317,257,406,149,0,0,0,0,1.5033557046979866
216,train,1,173,286,289,402,113,0,0,0,0,1.9823008849557522
217,train,1,176,289,281,394,113,0,0,0,0,1.9823008849557522
218,train,1,209,290,242,323,81,0,0,0,0,2.765432098765432
219,train,1,218,284,255,321,66,0,0,0,0,3.393939393939394
220,train,1,226,295,255,324,69,0,0,0,0,3.246376811594203
221,train,1,130,219,226,315,89,0,0,0,0,2.5168539325842696
222,train,1,117,229,217,329,112,0,0,0,0,2.0
223,train,1,111,236,213,338,125,0,0,0,0,1.792
224,train,1,107,236,214,343,129,0,0,0,0,1.7364341085271318
225,train,1,109,232,216,339,123,0,0,0,0,1.8211382113821137
226,train,1,120,215,228,323,95,0,0,0,0,2.357894736842105
227,val,1,187,257,223,293,70,0,0,0,0,3.2
228,val,1,188,275,210,297,87,0,0,0,0,2.574712643678161
229,val,1,206,283,217,294,77,0,0,0,0,2.909090909090909
230,val,1,218,282,222,286,64,0,0,0,0,3.5
231,train,1,133,239,212,318,106,0,0,0,0,2.1132075471698113
232,train,1,133,238,210,315,105,0,0,0,0,2.1333333333333333
233,train,1,129,252,212,335,123,0,0,0,0,1.8211382113821137
234,train,1,128,253,212,337,125,0,0,0,0,1.792
235,train,1,137,248,213,324,111,0,0,0,0,2.018018018018018
236,train,1,293,377,262,346,84,0,0,0,0,2.6666666666666665
237,train,1,287,368,264,345,81,0,0,0,0,2.765432098765432
238,train,1,288,370,266,348,82,0,0,0,0,2.731707317073171
239,val,1,229,271,196,238,42,0,0,0,0,5.333333333333333
240,val,1,127,186,177,236,59,0,0,0,0,3.7966101694915255
241,val,1,122,176,176,230,54,0,0,0,0,4.148148148148148
242,test,1,254,343,142,231,89,0,0,0,0,2.5168539325842696
243,test,1,258,346,145,233,88,0,0,0,0,2.5454545454545454
244,test,1,257,335,155,233,78,0,0,0,0,2.871794871794872
245,test,1,261,319,168,226,58,0,0,0,0,3.8620689655172415
246,test,1,274,329,188,243,55,0,0,0,0,4.072727272727272
247,test,1,273,336,185,248,63,0,0,0,0,3.5555555555555554
248,test,1,269,340,183,254,71,0,0,0,0,3.1549295774647885
249,test,1,260,343,179,262,83,0,0,0,0,2.6987951807228914
250,test,1,264,342,180,258,78,0,0,0,0,2.871794871794872
251,test,1,278,329,198,249,51,0,0,0,0,4.392156862745098
252,train,1,123,158,226,261,35,0,0,0,0,6.4
253,train,1,178,214,243,279,36,0,0,0,0,6.222222222222222
254,train,1,185,241,231,287,56,0,0,0,0,4.0
255,train,1,190,272,214,296,82,0,0,0,0,2.731707317073171
256,train,1,191,279,207,295,88,0,0,0,0,2.5454545454545454
257,train,1,189,279,204,294,90,0,0,0,0,2.488888888888889
258,train,1,190,271,208,289,81,0,0,0,0,2.765432098765432
259,train,1,194,262,218,286,68,0,0,0,0,3.2941176470588234
260,train,1,199,254,223,278,55,0,0,0,0,4.072727272727272
261,test,1,270,341,259,330,71,0,0,0,0,3.1549295774647885
262,test,1,264,356,247,339,92,0,0,0,0,2.4347826086956523
263,test,1,255,332,263,340,77,0,0,0,0,2.909090909090909
264,test,1,256,352,259,355,96,0,0,0,0,2.3333333333333335
265,test,1,261,353,261,353,92,0,0,0,0,2.4347826086956523
266,test,1,270,340,276,346,70,0,0,0,0,3.2
267,test,1,270,364,249,343,94,0,0,0,0,2.382978723404255
268,test,1,278,350,261,333,72,0,0,0,0,3.111111111111111
269,train,1,124,194,143,213,70,0,0,0,0,3.2
270,train,1,106,202,127,223,96,0,0,0,0,2.3333333333333335
271,train,1,103,218,115,230,115,0,0,0,0,1.9478260869565218
272,train,1,104,219,110,225,115,0,0,0,0,1.9478260869565218
273,train,1,107,209,116,218,102,0,0,0,0,2.196078431372549
274,train,1,123,204,127,208,81,0,0,0,0,2.765432098765432
275,train,1,180,260,323,403,80,0,0,0,0,2.8
276,train,1,140,267,293,420,127,0,0,0,0,1.763779527559055
277,train,1,134,263,289,418,129,0,0,0,0,1.7364341085271318
278,train,1,132,259,289,416,127,0,0,0,0,1.763779527559055
279,train,1,156,252,304,400,96,0,0,0,0,2.3333333333333335
280,train,1,163,245,309,391,82,0,0,0,0,2.731707317073171
281,train,1,298,355,305,362,57,0,0,0,0,3.9298245614035086
282,train,1,300,355,306,361,55,0,0,0,0,4.072727272727272
283,train,1,58,99,297,338,41,0,0,0,0,5.463414634146342
284,train,1,54,114,297,357,60,0,0,0,0,3.7333333333333334
285,train,1,70,110,317,357,40,0,0,0,0,5.6
286,train,1,63,140,236,313,77,0,0,0,0,2.909090909090909
287,train,1,58,148,231,321,90,0,0,0,0,2.488888888888889
288,train,1,57,146,230,319,89,0,0,0,0,2.5168539325842696
289,train,1,60,135,239,314,75,0,0,0,0,2.986666666666667
290,train,1,99,200,242,343,101,0,0,0,0,2.217821782178218
291,train,1,88,203,237,352,115,0,0,0,0,1.9478260869565218
292,train,1,88,203,237,352,115,0,0,0,0,1.9478260869565218
293,train,1,95,196,244,345,101,0,0,0,0,2.217821782178218
294,train,1,158,234,169,245,76,0,0,0,0,2.9473684210526314
295,train,1,150,240,163,253,90,0,0,0,0,2.488888888888889
296,train,1,153,240,163,250,87,0,0,0,0,2.574712643678161
297,train,1,108,154,239,285,46,0,0,0,0,4.869565217391305
298,train,1,114,160,239,285,46,0,0,0,0,4.869565217391305
299,train,1,90,214,172,296,124,0,0,0,0,1.8064516129032258
300,train,1,77,240,149,312,163,0,0,0,0,1.3742331288343559
301,train,1,77,237,150,310,160,0,0,0,0,1.4
302,train,1,71,232,148,309,161,0,0,0,0,1.391304347826087
303,train,1,70,233,156,319,163,0,0,0,0,1.3742331288343559
304,train,1,113,252,317,456,139,0,0,0,0,1.6115107913669064
305,train,1,106,261,309,464,155,0,0,0,0,1.4451612903225806
306,train,1,100,273,300,473,173,0,0,0,0,1.2947976878612717
307,train,1,101,272,303,474,171,0,0,0,0,1.3099415204678362
308,train,1,117,267,316,466,150,0,0,0,0,1.4933333333333334
309,train,1,135,262,316,443,127,0,0,0,0,1.763779527559055
310,train,1,146,258,315,427,112,0,0,0,0,2.0
311,train,1,257,381,243,367,124,0,0,0,0,1.8064516129032258
312,train,1,255,378,239,362,123,0,0,0,0,1.8211382113821137
313,train,1,256,370,239,353,114,0,0,0,0,1.9649122807017543
314,train,1,240,369,237,366,129,0,0,0,0,1.7364341085271318
315,train,1,103,137,217,251,34,0,0,0,0,6.588235294117647
316,train,1,283,378,156,251,95,0,0,0,0,2.357894736842105
317,train,1,279,381,163,265,102,0,0,0,0,2.196078431372549
318,train,1,221,292,275,346,71,0,0,0,0,3.1549295774647885
319,train,1,220,289,275,344,69,0,0,0,0,3.246376811594203
320,test,1,195,289,173,267,94,0,0,0,0,2.382978723404255
321,test,1,190,295,168,273,105,0,0,0,0,2.1333333333333333
322,test,1,221,322,166,267,101,0,0,0,0,2.217821782178218
323,test,1,234,321,159,246,87,0,0,0,0,2.574712643678161
324,test,1,243,318,169,244,75,0,0,0,0,2.986666666666667
325,test,1,243,318,169,244,75,0,0,0,0,2.986666666666667
326,train,1,101,214,102,215,113,0,0,0,0,1.9823008849557522
327,train,1,102,231,99,228,129,0,0,0,0,1.7364341085271318
328,train,1,103,230,100,227,127,0,0,0,0,1.763779527559055
329,train,1,101,241,94,234,140,0,0,0,0,1.6
330,train,1,108,238,109,239,130,0,0,0,0,1.7230769230769232
331,train,1,117,233,120,236,116,0,0,0,0,1.9310344827586208
332,val,1,230,343,212,325,113,0,0,0,0,1.9823008849557522
333,val,1,256,304,264,312,48,0,0,0,0,4.666666666666667
334,train,1,123,180,249,306,57,0,0,0,0,3.9298245614035086
335,train,1,119,175,250,306,56,0,0,0,0,4.0
336,train,1,113,207,181,275,94,0,0,0,0,2.382978723404255
337,train,1,107,208,179,280,101,0,0,0,0,2.217821782178218
338,train,1,113,204,181,272,91,0,0,0,0,2.4615384615384617
339,train,1,117,196,192,271,79,0,0,0,0,2.8354430379746836
340,train,1,138,168,125,155,30,0,0,0,0,7.466666666666667
341,train,1,272,376,152,256,104,0,0,0,0,2.1538461538461537
342,train,1,279,375,161,257,96,0,0,0,0,2.3333333333333335
343,train,1,274,376,162,264,102,0,0,0,0,2.196078431372549
344,train,1,277,376,163,262,99,0,0,0,0,2.2626262626262625
345,train,1,259,378,171,290,119,0,0,0,0,1.8823529411764706
346,train,1,260,385,171,296,125,0,0,0,0,1.792
347,train,1,267,383,173,289,116,0,0,0,0,1.9310344827586208
348,train,1,289,371,173,255,82,0,0,0,0,2.731707317073171
349,train,1,161,218,322,379,57,0,0,0,0,3.9298245614035086
350,train,1,159,218,326,385,59,0,0,0,0,3.7966101694915255
351,train,1,156,224,321,389,68,0,0,0,0,3.2941176470588234
352,train,1,157,226,323,392,69,0,0,0,0,3.246376811594203
353,test,1,185,260,280,355,75,0,0,0,0,2.986666666666667
354,test,1,190,285,281,376,95,0,0,0,0,2.357894736842105
355,test,1,193,296,280,383,103,0,0,0,0,2.174757281553398
356,test,1,197,300,281,384,103,0,0,0,0,2.174757281553398
357,train,1,100,163,204,267,63,0,0,0,0,3.5555555555555554
358,train,1,89,170,197,278,81,0,0,0,0,2.765432098765432
359,train,1,78,178,182,282,100,0,0,0,0,2.24
360,train,1,74,180,179,285,106,0,0,0,0,2.1132075471698113
361,train,1,70,173,179,282,103,0,0,0,0,2.174757281553398
362,train,1,80,169,180,269,89,0,0,0,0,2.5168539325842696
363,train,1,79,168,176,265,89,0,0,0,0,2.5168539325842696
364,train,1,72,164,179,271,92,0,0,0,0,2.4347826086956523
365,train,1,61,151,179,269,90,0,0,0,0,2.488888888888889
366,train,1,112,179,187,254,67,0,0,0,0,3.343283582089552
367,train,1,109,179,185,255,70,0,0,0,0,3.2
368,train,1,116,186,183,253,70,0,0,0,0,3.2
369,train,1,124,189,183,248,65,0,0,0,0,3.4461538461538463
370,test,1,91,143,248,300,52,0,0,0,0,4.3076923076923075
371,test,1,89,147,243,301,58,0,0,0,0,3.8620689655172415
372,val,1,116,239,271,394,123,0,0,0,0,1.8211382113821137
373,val,1,100,249,257,406,149,0,0,0,0,1.5033557046979866
374,val,1,94,243,254,403,149,0,0,0,0,1.5033557046979866
375,val,1,79,240,247,408,161,0,0,0,0,1.391304347826087
376,val,1,74,239,241,406,165,0,0,0,0,1.3575757575757577
377,val,1,75,240,243,408,165,0,0,0,0,1.3575757575757577
378,val,1,90,226,254,390,136,0,0,0,0,1.6470588235294117
379,train,1,303,386,135,218,83,0,0,0,0,2.6987951807228914
380,train,1,290,384,125,219,94,0,0,0,0,2.382978723404255
381,train,1,302,372,145,215,70,0,0,0,0,3.2
382,train,1,117,206,202,291,89,0,0,0,0,2.5168539325842696
383,train,1,103,226,182,305,123,0,0,0,0,1.8211382113821137
384,train,1,94,231,175,312,137,0,0,0,0,1.635036496350365
385,train,1,91,234,168,311,143,0,0,0,0,1.5664335664335665
386,train,1,92,239,166,313,147,0,0,0,0,1.5238095238095237
387,train,1,98,242,166,310,144,0,0,0,0,1.5555555555555556
388,train,1,104,240,168,304,136,0,0,0,0,1.6470588235294117
389,train,1,111,246,169,304,135,0,0,0,0,1.6592592592592592
390,train,1,181,232,252,303,51,0,0,0,0,4.392156862745098
391,train,1,167,245,229,307,78,0,0,0,0,2.871794871794872
392,train,1,178,232,243,297,54,0,0,0,0,4.148148148148148
393,train,1,122,153,305,336,31,0,0,0,0,7.225806451612903
394,train,1,121,152,304,335,31,0,0,0,0,7.225806451612903
395,train,1,235,347,181,293,112,0,0,0,0,2.0
396,train,1,244,372,179,307,128,0,0,0,0,1.75
397,train,1,254,374,176,296,120,0,0,0,0,1.8666666666666667
398,train,1,253,368,179,294,115,0,0,0,0,1.9478260869565218
399,test,1,129,258,267,396,129,0,0,0,0,1.7364341085271318
400,test,1,124,263,263,402,139,0,0,0,0,1.6115107913669064
401,test,1,121,261,262,402,140,0,0,0,0,1.6
402,test,1,117,261,261,405,144,0,0,0,0,1.5555555555555556
403,test,1,118,260,261,403,142,0,0,0,0,1.5774647887323943
404,test,1,137,251,274,388,114,0,0,0,0,1.9649122807017543
405,val,1,98,197,178,277,99,0,0,0,0,2.2626262626262625
406,val,1,103,198,182,277,95,0,0,0,0,2.357894736842105
407,val,1,115,194,191,270,79,0,0,0,0,2.8354430379746836
408,train,1,70,154,185,269,84,0,0,0,0,2.6666666666666665
409,train,1,65,159,181,275,94,0,0,0,0,2.382978723404255
410,train,1,63,164,177,278,101,0,0,0,0,2.217821782178218
411,train,1,72,163,183,274,91,0,0,0,0,2.4615384615384617
412,train,1,83,159,190,266,76,0,0,0,0,2.9473684210526314
413,train,1,88,154,195,261,66,0,0,0,0,3.393939393939394
414,train,1,244,300,196,252,56,0,0,0,0,4.0
415,train,1,243,303,195,255,60,0,0,0,0,3.7333333333333334
416,train,1,242,300,195,253,58,0,0,0,0,3.8620689655172415
417,train,1,244,302,198,256,58,0,0,0,0,3.8620689655172415
418,train,1,244,343,170,269,99,0,0,0,0,2.2626262626262625
419,train,1,234,346,161,273,112,0,0,0,0,2.0
420,train,1,223,347,152,276,124,0,0,0,0,1.8064516129032258
421,train,1,225,325,171,271,100,0,0,0,0,2.24
422,train,1,227,299,187,259,72,0,0,0,0,3.111111111111111
423,train,1,52,168,138,254,116,0,0,0,0,1.9310344827586208
424,train,1,44,185,126,267,141,0,0,0,0,1.5886524822695036
425,train,1,39,191,122,274,152,0,0,0,0,1.4736842105263157
426,train,1,42,190,123,271,148,0,0,0,0,1.5135135135135136
427,train,1,42,189,119,266,147,0,0,0,0,1.5238095238095237
428,train,1,47,174,132,259,127,0,0,0,0,1.763779527559055
429,train,1,54,165,143,254,111,0,0,0,0,2.018018018018018
430,val,1,279,348,309,378,69,0,0,0,0,3.246376811594203
431,val,1,281,345,309,373,64,0,0,0,0,3.5
432,test,1,60,125,252,317,65,0,0,0,0,3.4461538461538463
433,test,1,56,127,249,320,71,0,0,0,0,3.1549295774647885
434,test,1,50,125,247,322,75,0,0,0,0,2.986666666666667
435,test,1,51,120,248,317,69,0,0,0,0,3.246376811594203
436,test,1,57,114,249,306,57,0,0,0,0,3.9298245614035086
437,train,1,110,151,247,288,41,0,0,0,0,5.463414634146342
438,train,1,44,169,240,365,125,0,0,0,0,1.792
439,train,1,43,174,240,371,131,0,0,0,0,1.7099236641221374
440,train,1,44,185,243,384,141,0,0,0,0,1.5886524822695036
441,train,1,51,188,246,383,137,0,0,0,0,1.635036496350365
442,train,1,199,319,151,271,120,0,0,0,0,1.8666666666666667
443,train,1,174,326,145,297,152,0,0,0,0,1.4736842105263157
444,train,1,171,332,142,303,161,0,0,0,0,1.391304347826087
445,train,1,174,330,143,299,156,0,0,0,0,1.435897435897436
446,train,1,181,310,149,278,129,0,0,0,0,1.7364341085271318
447,train,1,197,317,147,267,120,0,0,0,0,1.8666666666666667
448,train,1,226,307,180,261,81,0,0,0,0,2.765432098765432
449,train,1,221,298,185,262,77,0,0,0,0,2.909090909090909
450,train,1,66,122,296,352,56,0,0,0,0,4.0
451,train,1,62,125,296,359,63,0,0,0,0,3.5555555555555554
452,train,1,187,263,159,235,76,0,0,0,0,2.9473684210526314
453,train,1,177,273,153,249,96,0,0,0,0,2.3333333333333335
454,train,1,178,265,152,239,87,0,0,0,0,2.574712643678161
455,train,1,120,247,221,348,127,0,0,0,0,1.763779527559055
456,train,1,123,250,214,341,127,0,0,0,0,1.763779527559055
457,train,1,119,254,212,347,135,0,0,0,0,1.6592592592592592
458,train,1,131,235,226,330,104,0,0,0,0,2.1538461538461537
459,train,1,132,195,132,195,63,0,0,0,0,3.5555555555555554
460,train,1,129,197,130,198,68,0,0,0,0,3.2941176470588234
461,val,1,209,275,169,235,66,0,0,0,0,3.393939393939394
462,val,1,208,280,165,237,72,0,0,0,0,3.111111111111111
463,val,1,202,266,167,231,64,0,0,0,0,3.5
464,val,1,210,261,172,223,51,0,0,0,0,4.392156862745098
465,train,1,136,227,260,351,91,0,0,0,0,2.4615384615384617
466,train,1,120,226,253,359,106,0,0,0,0,2.1132075471698113
467,train,1,117,225,253,361,108,0,0,0,0,2.074074074074074
468,train,1,126,222,259,355,96,0,0,0,0,2.3333333333333335
469,train,1,135,217,264,346,82,0,0,0,0,2.731707317073171
470,train,1,148,211,279,342,63,0,0,0,0,3.5555555555555554
471,test,1,246,300,318,372,54,0,0,0,0,4.148148148148148
472,test,1,239,308,308,377,69,0,0,0,0,3.246376811594203
473,test,1,241,307,308,374,66,0,0,0,0,3.393939393939394
474,train,1,279,360,214,295,81,0,0,0,0,2.765432098765432
475,train,1,287,350,230,293,63,0,0,0,0,3.5555555555555554
476,val,1,236,278,346,388,42,0,0,0,0,5.333333333333333
477,val,1,238,273,351,386,35,0,0,0,0,6.4
478,val,1,154,202,137,185,48,0,0,0,0,4.666666666666667
479,val,1,148,204,128,184,56,0,0,0,0,4.0
480,test,1,284,359,133,208,75,0,0,0,0,2.986666666666667
481,test,1,276,370,135,229,94,0,0,0,0,2.382978723404255
482,test,1,275,375,134,234,100,0,0,0,0,2.24
483,test,1,282,369,139,226,87,0,0,0,0,2.574712643678161
484,test,1,293,344,163,214,51,0,0,0,0,4.392156862745098
485,test,1,227,299,160,232,72,0,0,0,0,3.111111111111111
486,test,1,225,307,156,238,82,0,0,0,0,2.731707317073171
487,test,1,222,303,158,239,81,0,0,0,0,2.765432098765432
488,test,1,229,304,166,241,75,0,0,0,0,2.986666666666667
489,train,1,125,168,139,182,43,0,0,0,0,5.209302325581396
490,train,1,165,254,142,231,89,0,0,0,0,2.5168539325842696
491,train,1,159,259,133,233,100,0,0,0,0,2.24
492,train,1,155,263,127,235,108,0,0,0,0,2.074074074074074
493,train,1,151,262,123,234,111,0,0,0,0,2.018018018018018
494,train,1,179,233,143,197,54,0,0,0,0,4.148148148148148
495,train,1,182,223,373,414,41,0,0,0,0,5.463414634146342
496,train,1,223,293,213,283,70,0,0,0,0,3.2
497,train,1,219,309,203,293,90,0,0,0,0,2.488888888888889
498,train,1,216,311,195,290,95,0,0,0,0,2.357894736842105
499,train,1,210,291,200,281,81,0,0,0,0,2.765432098765432
500,train,1,216,307,197,288,91,0,0,0,0,2.4615384615384617
501,test,1,275,351,217,293,76,0,0,0,0,2.9473684210526314
502,test,1,264,364,211,311,100,0,0,0,0,2.24
503,test,1,269,356,217,304,87,0,0,0,0,2.574712643678161
504,test,1,278,344,231,297,66,0,0,0,0,3.393939393939394
505,train,1,153,219,180,246,66,0,0,0,0,3.393939393939394
506,train,1,124,247,145,268,123,0,0,0,0,1.8211382113821137
507,train,1,117,243,141,267,126,0,0,0,0,1.7777777777777777
508,train,1,117,233,147,263,116,0,0,0,0,1.9310344827586208
509,train,1,129,207,158,236,78,0,0,0,0,2.871794871794872
510,train,1,144,260,222,338,116,0,0,0,0,1.9310344827586208
511,train,1,135,259,219,343,124,0,0,0,0,1.8064516129032258
512,train,1,124,261,214,351,137,0,0,0,0,1.635036496350365
513,train,1,129,243,225,339,114,0,0,0,0,1.9649122807017543
514,val,1,130,207,256,333,77,0,0,0,0,2.909090909090909
515,val,1,122,215,246,339,93,0,0,0,0,2.4086021505376345
516,val,1,127,205,249,327,78,0,0,0,0,2.871794871794872
517,train,1,292,345,305,358,53,0,0,0,0,4.226415094339623
518,train,1,40,86,233,279,46,0,0,0,0,4.869565217391305
519,train,1,56,99,260,303,43,0,0,0,0,5.209302325581396
520,train,1,77,164,235,322,87,0,0,0,0,2.574712643678161
521,train,1,72,167,235,330,95,0,0,0,0,2.357894736842105
522,train,1,78,168,240,330,90,0,0,0,0,2.488888888888889
523,train,1,70,194,136,260,124,0,0,0,0,1.8064516129032258
524,train,1,71,188,148,265,117,0,0,0,0,1.9145299145299146
525,train,1,76,183,151,258,107,0,0,0,0,2.0934579439252334
526,train,1,82,182,153,253,100,0,0,0,0,2.24
527,train,1,163,228,362,427,65,0,0,0,0,3.4461538461538463
528,train,1,155,236,354,435,81,0,0,0,0,2.765432098765432
529,train,1,149,244,359,454,95,0,0,0,0,2.357894736842105
530,train,1,131,185,358,412,54,0,0,0,0,4.148148148148148
531,train,1,138,181,363,406,43,0,0,0,0,5.209302325581396
532,train,1,240,336,268,364,96,0,0,0,0,2.3333333333333335
533,train,1,119,199,171,251,80,0,0,0,0,2.8
534,train,1,112,211,157,256,99,0,0,0,0,2.2626262626262625
535,train,1,94,225,153,284,131,0,0,0,0,1.7099236641221374
536,train,1,79,235,140,296,156,0,0,0,0,1.435897435897436
537,train,1,80,239,141,300,159,0,0,0,0,1.4088050314465408
538,train,1,81,247,133,299,166,0,0,0,0,1.3493975903614457
539,train,1,122,254,147,279,132,0,0,0,0,1.696969696969697
540,train,1,101,262,168,329,161,0,0,0,0,1.391304347826087
541,train,1,94,274,184,364,180,0,0,0,0,1.2444444444444445
542,train,1,97,251,199,353,154,0,0,0,0,1.4545454545454546
543,train,1,232,358,303,429,126,0,0,0,0,1.7777777777777777
544,train,1,232,350,303,421,118,0,0,0,0,1.8983050847457628
545,train,1,239,347,305,413,108,0,0,0,0,2.074074074074074
546,train,1,240,345,303,408,105,0,0,0,0,2.1333333333333333
547,train,1,247,338,308,399,91,0,0,0,0,2.4615384615384617
548,train,1,255,313,317,375,58,0,0,0,0,3.8620689655172415
549,train,1,260,307,325,372,47,0,0,0,0,4.76595744680851
550,train,1,101,141,190,230,40,0,0,0,0,5.6
551,train,1,272,356,220,304,84,0,0,0,0,2.6666666666666665
552,train,1,268,376,210,318,108,0,0,0,0,2.074074074074074
553,train,1,265,367,202,304,102,0,0,0,0,2.196078431372549
554,train,1,198,270,270,342,72,0,0,0,0,3.111111111111111
555,train,1,209,273,273,337,64,0,0,0,0,3.5
556,test,1,238,375,148,285,137,0,0,0,0,1.635036496350365
557,test,1,228,382,143,297,154,0,0,0,0,1.4545454545454546
558,test,1,244,322,148,226,78,0,0,0,0,2.871794871794872
559,test,1,255,319,156,220,64,0,0,0,0,3.5
560,test,1,188,351,258,421,163,0,0,0,0,1.3742331288343559
561,test,1,188,375,251,438,187,0,0,0,0,1.1978609625668448
562,test,1,202,350,267,415,148,0,0,0,0,1.5135135135135136
563,test,1,199,370,253,424,171,0,0,0,0,1.3099415204678362
564,train,1,133,252,256,375,119,0,0,0,0,1.8823529411764706
565,train,1,122,258,254,390,136,0,0,0,0,1.6470588235294117
566,train,1,115,259,250,394,144,0,0,0,0,1.5555555555555556
567,train,1,117,248,257,388,131,0,0,0,0,1.7099236641221374
568,train,1,119,237,264,382,118,0,0,0,0,1.8983050847457628
569,val,1,237,309,181,253,72,0,0,0,0,3.111111111111111
570,val,1,245,312,179,246,67,0,0,0,0,3.343283582089552
571,train,1,118,176,164,222,58,0,0,0,0,3.8620689655172415
572,train,1,121,180,163,222,59,0,0,0,0,3.7966101694915255
573,train,1,126,210,173,257,84,0,0,0,0,2.6666666666666665
574,train,1,123,216,166,259,93,0,0,0,0,2.4086021505376345
575,train,1,110,221,153,264,111,0,0,0,0,2.018018018018018
576,train,1,117,225,154,262,108,0,0,0,0,2.074074074074074
577,val,1,140,167,151,178,27,0,0,0,0,8.296296296296296
578,val,1,138,169,149,180,31,0,0,0,0,7.225806451612903
579,train,1,167,198,209,240,31,0,0,0,0,7.225806451612903
580,train,1,257,337,292,372,80,0,0,0,0,2.8
581,train,1,242,348,277,383,106,0,0,0,0,2.1132075471698113
582,train,1,237,350,272,385,113,0,0,0,0,1.9823008849557522
583,train,1,244,343,281,380,99,0,0,0,0,2.2626262626262625
584,train,1,151,219,219,287,68,0,0,0,0,3.2941176470588234
585,train,1,197,238,267,308,41,0,0,0,0,5.463414634146342
586,train,1,150,222,268,340,72,0,0,0,0,3.111111111111111
587,train,1,147,229,265,347,82,0,0,0,0,2.731707317073171
588,train,1,152,223,272,343,71,0,0,0,0,3.1549295774647885
589,test,1,187,294,164,271,107,0,0,0,0,2.0934579439252334
590,test,1,190,292,161,263,102,0,0,0,0,2.196078431372549
591,test,1,197,293,164,260,96,0,0,0,0,2.3333333333333335
592,test,1,208,290,177,259,82,0,0,0,0,2.731707317073171
593,train,1,64,179,191,306,115,0,0,0,0,1.9478260869565218
594,train,1,64,181,188,305,117,0,0,0,0,1.9145299145299146
595,train,1,67,179,186,298,112,0,0,0,0,2.0
596,val,1,213,255,128,170,42,0,0,0,0,5.333333333333333
597,train,1,187,235,282,330,48,0,0,0,0,4.666666666666667
598,train,1,188,228,286,326,40,0,0,0,0,5.6
599,train,1,88,175,87,174,87,0,0,0,0,2.574712643678161
600,train,1,77,185,81,189,108,0,0,0,0,2.074074074074074
601,train,1,69,180,80,191,111,0,0,0,0,2.018018018018018
602,train,1,70,173,76,179,103,0,0,0,0,2.174757281553398
603,train,1,125,194,348,417,69,0,0,0,0,3.246376811594203
604,train,1,115,198,340,423,83,0,0,0,0,2.6987951807228914
605,train,1,116,188,343,415,72,0,0,0,0,3.111111111111111
606,test,1,93,149,237,293,56,0,0,0,0,4.0
607,test,1,93,145,241,293,52,0,0,0,0,4.3076923076923075
608,val,1,71,212,151,292,141,0,0,0,0,1.5886524822695036
609,val,1,62,222,137,297,160,0,0,0,0,1.4
610,val,1,53,236,121,304,183,0,0,0,0,1.2240437158469946
611,val,1,54,245,117,308,191,0,0,0,0,1.1727748691099475
612,val,1,66,252,112,298,186,0,0,0,0,1.2043010752688172
613,val,1,95,244,134,283,149,0,0,0,0,1.5033557046979866
614,val,1,112,225,150,263,113,0,0,0,0,1.9823008849557522
615,train,1,291,371,283,363,80,0,0,0,0,2.8
616,train,1,300,380,279,359,80,0,0,0,0,2.8
617,train,1,295,370,279,354,75,0,0,0,0,2.986666666666667
618,train,1,304,361,287,344,57,0,0,0,0,3.9298245614035086
619,train,1,222,310,137,225,88,0,0,0,0,2.5454545454545454
620,train,1,231,311,145,225,80,0,0,0,0,2.8
621,train,1,207,327,164,284,120,0,0,0,0,1.8666666666666667
622,train,1,208,333,168,293,125,0,0,0,0,1.792
623,train,1,208,338,159,289,130,0,0,0,0,1.7230769230769232
624,train,1,225,330,162,267,105,0,0,0,0,2.1333333333333333
625,train,1,110,251,254,395,141,0,0,0,0,1.5886524822695036
626,train,1,92,269,232,409,177,0,0,0,0,1.265536723163842
627,train,1,81,272,227,418,191,0,0,0,0,1.1727748691099475
628,train,1,79,269,226,416,190,0,0,0,0,1.1789473684210525
629,train,1,97,273,228,404,176,0,0,0,0,1.2727272727272727
630,train,1,117,249,235,367,132,0,0,0,0,1.696969696969697
631,train,1,141,198,258,315,57,0,0,0,0,3.9298245614035086
632,train,1,132,210,253,331,78,0,0,0,0,2.871794871794872
633,train,1,132,202,258,328,70,0,0,0,0,3.2
634,train,1,140,194,260,314,54,0,0,0,0,4.148148148148148
635,train,1,188,277,240,329,89,0,0,0,0,2.5168539325842696
636,train,1,179,284,233,338,105,0,0,0,0,2.1333333333333333
637,train,1,173,289,225,341,116,0,0,0,0,1.9310344827586208
638,train,1,171,285,229,343,114,0,0,0,0,1.9649122807017543
639,train,1,124,158,180,214,34,0,0,0,0,6.588235294117647
640,train,1,101,154,348,401,53,0,0,0,0,4.226415094339623
641,train,1,101,149,352,400,48,0,0,0,0,4.666666666666667
642,train,1,225,302,213,290,77,0,0,0,0,2.909090909090909
643,train,1,221,311,206,296,90,0,0,0,0,2.488888888888889
644,train,1,219,332,202,315,113,0,0,0,0,1.9823008849557522
645,train,1,224,339,203,318,115,0,0,0,0,1.9478260869565218
646,train,1,228,343,197,312,115,0,0,0,0,1.9478260869565218
647,train,1,237,331,206,300,94,0,0,0,0,2.382978723404255
648,test,1,156,259,159,262,103,0,0,0,0,2.174757281553398
649,test,1,142,268,144,270,126,0,0,0,0,1.7777777777777777
650,test,1,126,274,132,280,148,0,0,0,0,1.5135135135135136
651,test,1,123,266,135,278,143,0,0,0,0,1.5664335664335665
652,test,1,128,256,147,275,128,0,0,0,0,1.75
653,test,1,129,245,153,269,116,0,0,0,0,1.9310344827586208
654,test,1,132,236,161,265,104,0,0,0,0,2.1538461538461537
655,test,1,153,225,303,375,72,0,0,0,0,3.111111111111111
656,test,1,145,232,294,381,87,0,0,0,0,2.574712643678161
657,test,1,127,245,292,410,118,0,0,0,0,1.8983050847457628
658,test,1,126,232,300,406,106,0,0,0,0,2.1132075471698113
659,train,1,255,390,273,408,135,0,0,0,0,1.6592592592592592
660,train,1,249,399,267,417,150,0,0,0,0,1.4933333333333334
661,train,1,256,396,271,411,140,0,0,0,0,1.6
662,train,1,263,393,277,407,130,0,0,0,0,1.7230769230769232
663,train,1,270,385,282,397,115,0,0,0,0,1.9478260869565218
664,val,1,107,195,295,383,88,0,0,0,0,2.5454545454545454
665,val,1,104,199,293,388,95,0,0,0,0,2.357894736842105
666,val,1,107,197,295,385,90,0,0,0,0,2.488888888888889
667,val,1,110,185,299,374,75,0,0,0,0,2.986666666666667
668,train,1,61,143,268,350,82,0,0,0,0,2.731707317073171
669,train,1,54,147,263,356,93,0,0,0,0,2.4086021505376345
670,train,1,51,150,264,363,99,0,0,0,0,2.2626262626262625
671,train,1,54,148,265,359,94,0,0,0,0,2.382978723404255
672,train,1,63,139,272,348,76,0,0,0,0,2.9473684210526314
673,val,1,241,281,275,315,40,0,0,0,0,5.6
674,train,1,239,305,177,243,66,0,0,0,0,3.393939393939394
675,train,1,235,330,329,424,95,0,0,0,0,2.357894736842105
676,train,1,230,338,326,434,108,0,0,0,0,2.074074074074074
677,train,1,228,341,326,439,113,0,0,0,0,1.9823008849557522
678,train,1,231,339,327,435,108,0,0,0,0,2.074074074074074
679,train,1,245,317,339,411,72,0,0,0,0,3.111111111111111
680,train,1,41,197,227,383,156,0,0,0,0,1.435897435897436
681,train,1,37,203,223,389,166,0,0,0,0,1.3493975903614457
682,train,1,32,200,220,388,168,0,0,0,0,1.3333333333333333
683,train,1,27,191,226,390,164,0,0,0,0,1.3658536585365855
684,train,1,29,182,230,383,153,0,0,0,0,1.4640522875816993
685,train,1,33,158,247,372,125,0,0,0,0,1.792
686,val,1,293,365,302,374,72,0,0,0,0,3.111111111111111
687,val,1,290,362,302,374,72,0,0,0,0,3.111111111111111
688,test,1,87,154,175,242,67,0,0,0,0,3.343283582089552
689,test,1,81,162,165,246,81,0,0,0,0,2.765432098765432
690,test,1,81,163,163,245,82,0,0,0,0,2.731707317073171
691,test,1,90,161,167,238,71,0,0,0,0,3.1549295774647885
692,test,1,95,154,172,231,59,0,0,0,0,3.7966101694915255
693,train,1,122,175,145,198,53,0,0,0,0,4.226415094339623
694,train,1,106,201,108,203,95,0,0,0,0,2.357894736842105
695,train,1,130,196,113,179,66,0,0,0,0,3.393939393939394
696,train,1,113,146,361,394,33,0,0,0,0,6.787878787878788
697,train,1,58,183,276,401,125,0,0,0,0,1.792
698,train,1,49,187,272,410,138,0,0,0,0,1.6231884057971016
699,train,1,51,188,274,411,137,0,0,0,0,1.635036496350365
700,train,1,63,183,289,409,120,0,0,0,0,1.8666666666666667
701,train,1,71,185,289,403,114,0,0,0,0,1.9649122807017543
702,train,1,96,178,312,394,82,0,0,0,0,2.731707317073171
703,train,1,140,241,294,395,101,0,0,0,0,2.217821782178218
704,train,1,136,253,287,404,117,0,0,0,0,1.9145299145299146
705,train,1,133,256,285,408,123,0,0,0,0,1.8211382113821137
706,train,1,133,258,288,413,125,0,0,0,0,1.792
707,train,1,135,283,263,411,148,0,0,0,0,1.5135135135135136
708,train,1,143,290,261,408,147,0,0,0,0,1.5238095238095237
709,train,3,159,218,204,263,59,0,0,0,0,3.7966101694915255
710,train,3,151,223,206,278,72,0,0,0,0,3.111111111111111
711,train,3,136,230,208,302,94,0,0,0,0,2.382978723404255
712,val,3,139,227,203,291,88,0,0,0,0,2.5454545454545454
713,val,3,151,226,215,290,75,0,0,0,0,2.986666666666667
714,val,3,153,224,218,289,71,0,0,0,0,3.1549295774647885
715,val,2,80,239,132,291,159,0,0,0,0,1.4088050314465408
716,val,2,56,263,102,309,207,0,0,0,0,1.0821256038647342
717,val,2,72,296,98,322,224,0,0,0,0,1.0
718,train,2,279,411,268,400,132,0,0,0,0,1.696969696969697
719,train,2,274,402,264,392,128,0,0,0,0,1.75
720,train,2,269,404,255,390,135,0,0,0,0,1.6592592592592592
721,train,2,218,428,193,403,210,0,0,0,0,1.0666666666666667
722,train,2,299,356,123,180,57,0,0,0,0,3.9298245614035086
723,train,2,293,358,118,183,65,0,0,0,0,3.4461538461538463
724,train,2,297,354,124,181,57,0,0,0,0,3.9298245614035086
725,val,2,201,302,158,259,101,0,0,0,0,2.217821782178218
726,val,2,188,295,157,264,107,0,0,0,0,2.0934579439252334
727,val,2,188,302,171,285,114,0,0,0,0,1.9649122807017543
728,val,2,161,321,146,306,160,0,0,0,0,1.4
729,train,2,237,319,128,210,82,0,0,0,0,2.731707317073171
730,train,2,219,345,114,240,126,0,0,0,0,1.7777777777777777
731,train,2,207,360,108,261,153,0,0,0,0,1.4640522875816993
732,train,2,206,359,116,269,153,0,0,0,0,1.4640522875816993
733,train,2,231,342,126,237,111,0,0,0,0,2.018018018018018
734,train,2,249,350,136,237,101,0,0,0,0,2.217821782178218
735,train,2,217,312,244,339,95,0,0,0,0,2.357894736842105
736,train,2,202,337,234,369,135,0,0,0,0,1.6592592592592592
737,train,2,200,343,225,368,143,0,0,0,0,1.5664335664335665
738,train,2,200,341,224,365,141,0,0,0,0,1.5886524822695036
739,train,2,218,324,233,339,106,0,0,0,0,2.1132075471698113
740,train,2,164,359,232,427,195,0,0,0,0,1.1487179487179486
741,train,2,126,326,208,408,200,0,0,0,0,1.12
742,train,2,137,356,200,419,219,0,0,0,0,1.0228310502283104
743,train,2,141,369,200,428,228,0,0,0,0,0.9824561403508771
744,train,2,147,362,207,422,215,0,0,0,0,1.041860465116279
745,train,2,148,356,217,425,208,0,0,0,0,1.0769230769230769
746,train,2,166,337,245,416,171,0,0,0,0,1.3099415204678362
747,val,2,112,286,117,291,174,0,0,0,0,1.2873563218390804
748,val,2,103,292,105,294,189,0,0,0,0,1.1851851851851851
749,val,2,97,269,121,293,172,0,0,0,0,1.302325581395349
750,val,2,93,259,120,286,166,0,0,0,0,1.3493975903614457
751,val,2,91,269,117,295,178,0,0,0,0,1.2584269662921348
752,val,2,83,272,100,289,189,0,0,0,0,1.1851851851851851
753,train,2,202,286,288,372,84,0,0,0,0,2.6666666666666665
754,train,2,141,289,228,376,148,0,0,0,0,1.5135135135135136
755,train,2,195,289,280,374,94,0,0,0,0,2.382978723404255
756,train,2,206,295,282,371,89,0,0,0,0,2.5168539325842696
757,train,2,205,292,285,372,87,0,0,0,0,2.574712643678161
758,train,2,191,286,283,378,95,0,0,0,0,2.357894736842105
759,train,2,154,281,262,389,127,0,0,0,0,1.763779527559055
760,train,2,129,187,246,304,58,0,0,0,0,3.8620689655172415
761,train,2,215,275,117,177,60,0,0,0,0,3.7333333333333334
762,train,2,218,278,118,178,60,0,0,0,0,3.7333333333333334
763,train,2,219,274,121,176,55,0,0,0,0,4.072727272727272
764,val,2,213,315,162,264,102,0,0,0,0,2.196078431372549
765,val,2,215,304,171,260,89,0,0,0,0,2.5168539325842696
766,val,2,186,298,171,283,112,0,0,0,0,2.0
767,val,2,220,292,179,251,72,0,0,0,0,3.111111111111111
768,train,2,191,279,131,219,88,0,0,0,0,2.5454545454545454
769,train,2,163,301,111,249,138,0,0,0,0,1.6231884057971016
770,train,2,150,298,111,259,148,0,0,0,0,1.5135135135135136
771,train,2,153,278,126,251,125,0,0,0,0,1.792
772,train,2,170,263,136,229,93,0,0,0,0,2.4086021505376345
773,train,2,96,224,240,368,128,0,0,0,0,1.75
774,train,2,115,214,244,343,99,0,0,0,0,2.2626262626262625
775,train,2,93,218,224,349,125,0,0,0,0,1.792
776,train,2,94,217,232,355,123,0,0,0,0,1.8211382113821137
777,train,2,125,204,247,326,79,0,0,0,0,2.8354430379746836
778,train,2,96,198,251,353,102,0,0,0,0,2.196078431372549
779,train,2,138,325,156,343,187,0,0,0,0,1.1978609625668448
780,train,2,236,278,274,316,42,0,0,0,0,5.333333333333333
781,train,2,192,304,270,382,112,0,0,0,0,2.0
782,train,2,187,312,257,382,125,0,0,0,0,1.792
783,train,2,179,319,238,378,140,0,0,0,0,1.6
784,train,2,173,347,236,410,174,0,0,0,0,1.2873563218390804
785,train,2,169,353,233,417,184,0,0,0,0,1.2173913043478262
786,train,2,160,358,218,416,198,0,0,0,0,1.1313131313131313
787,train,2,170,355,219,404,185,0,0,0,0,1.2108108108108109
788,train,2,158,348,214,404,190,0,0,0,0,1.1789473684210525
789,train,2,157,344,217,404,187,0,0,0,0,1.1978609625668448
790,train,2,191,341,239,389,150,0,0,0,0,1.4933333333333334
791,train,2,190,326,244,380,136,0,0,0,0,1.6470588235294117
792,train,2,151,286,118,253,135,0,0,0,0,1.6592592592592592
793,train,2,130,338,96,304,208,0,0,0,0,1.0769230769230769
794,train,2,122,308,92,278,186,0,0,0,0,1.2043010752688172
795,train,2,120,316,93,289,196,0,0,0,0,1.1428571428571428
796,train,2,109,298,93,282,189,0,0,0,0,1.1851851851851851
797,train,2,110,282,90,262,172,0,0,0,0,1.302325581395349
798,train,2,136,264,121,249,128,0,0,0,0,1.75
799,val,2,108,173,268,333,65,0,0,0,0,3.4461538461538463
800,val,2,150,262,271,383,112,0,0,0,0,2.0
801,val,2,136,253,275,392,117,0,0,0,0,1.9145299145299146
802,val,2,126,317,197,388,191,0,0,0,0,1.1727748691099475
803,val,2,141,340,155,354,199,0,0,0,0,1.1256281407035176
804,val,2,138,337,160,359,199,0,0,0,0,1.1256281407035176
805,val,2,144,330,168,354,186,0,0,0,0,1.2043010752688172
806,val,2,197,275,158,236,78,0,0,0,0,2.871794871794872
807,test,2,88,192,216,320,104,0,0,0,0,2.1538461538461537
808,test,2,123,181,238,296,58,0,0,0,0,3.8620689655172415
809,train,2,169,240,289,360,71,0,0,0,0,3.1549295774647885
810,train,2,159,240,295,376,81,0,0,0,0,2.765432098765432
811,train,2,158,246,296,384,88,0,0,0,0,2.5454545454545454
812,train,2,99,230,149,280,131,0,0,0,0,1.7099236641221374
813,train,2,89,232,145,288,143,0,0,0,0,1.5664335664335665
814,train,2,84,233,143,292,149,0,0,0,0,1.5033557046979866
815,train,2,81,240,139,298,159,0,0,0,0,1.4088050314465408
816,train,2,78,243,143,308,165,0,0,0,0,1.3575757575757577
817,train,2,87,218,144,275,131,0,0,0,0,1.7099236641221374
818,train,2,200,254,238,292,54,0,0,0,0,4.148148148148148
819,train,2,181,262,218,299,81,0,0,0,0,2.765432098765432
820,train,2,172,262,218,308,90,0,0,0,0,2.488888888888889
821,train,2,181,251,233,303,70,0,0,0,0,3.2
822,val,2,212,280,132,200,68,0,0,0,0,3.2941176470588234
823,val,2,208,278,133,203,70,0,0,0,0,3.2
824,val,2,119,318,70,269,199,0,0,0,0,1.1256281407035176
825,val,2,188,276,137,225,88,0,0,0,0,2.5454545454545454
826,val,2,204,283,155,234,79,0,0,0,0,2.8354430379746836
827,val,2,218,284,161,227,66,0,0,0,0,3.393939393939394
828,train,2,115,172,356,413,57,0,0,0,0,3.9298245614035086
829,train,2,131,272,261,402,141,0,0,0,0,1.5886524822695036
830,train,2,161,299,247,385,138,0,0,0,0,1.6231884057971016
831,train,2,168,300,249,381,132,0,0,0,0,1.696969696969697
832,train,2,179,291,254,366,112,0,0,0,0,2.0
833,train,2,187,281,260,354,94,0,0,0,0,2.382978723404255
834,train,2,84,213,106,235,129,0,0,0,0,1.7364341085271318
835,train,2,77,226,112,261,149,0,0,0,0,1.5033557046979866
836,train,2,108,198,137,227,90,0,0,0,0,2.488888888888889
837,train,2,221,281,283,343,60,0,0,0,0,3.7333333333333334
838,train,2,218,283,282,347,65,0,0,0,0,3.4461538461538463
839,train,2,219,283,283,347,64,0,0,0,0,3.5
840,val,2,203,330,117,244,127,0,0,0,0,1.763779527559055
841,val,2,222,300,206,284,78,0,0,0,0,2.871794871794872
842,val,2,222,298,202,278,76,0,0,0,0,2.9473684210526314
843,val,2,233,293,210,270,60,0,0,0,0,3.7333333333333334
844,train,2,146,205,123,182,59,0,0,0,0,3.7966101694915255
845,train,2,146,212,120,186,66,0,0,0,0,3.393939393939394
846,train,2,189,252,253,316,63,0,0,0,0,3.5555555555555554
847,train,2,175,266,253,344,91,0,0,0,0,2.4615384615384617
848,train,2,163,266,247,350,103,0,0,0,0,2.174757281553398
849,train,2,148,266,238,356,118,0,0,0,0,1.8983050847457628
850,train,2,148,256,252,360,108,0,0,0,0,2.074074074074074
851,train,2,167,255,254,342,88,0,0,0,0,2.5454545454545454
852,train,2,183,238,269,324,55,0,0,0,0,4.072727272727272
853,train,2,107,209,212,314,102,0,0,0,0,2.196078431372549
854,train,2,113,209,219,315,96,0,0,0,0,2.3333333333333335
855,train,2,100,214,209,323,114,0,0,0,0,1.9649122807017543
856,train,2,89,204,208,323,115,0,0,0,0,1.9478260869565218
857,train,2,95,246,125,276,151,0,0,0,0,1.4834437086092715
858,train,2,106,270,127,291,164,0,0,0,0,1.3658536585365855
859,train,2,149,346,153,350,197,0,0,0,0,1.1370558375634519
860,train,2,134,358,135,359,224,0,0,0,0,1.0
861,train,2,130,365,133,368,235,0,0,0,0,0.9531914893617022
862,train,2,135,366,137,368,231,0,0,0,0,0.9696969696969697
863,train,2,146,359,150,363,213,0,0,0,0,1.051643192488263
864,train,2,149,377,153,381,228,0,0,0,0,0.9824561403508771
865,train,2,133,281,115,263,148,0,0,0,0,1.5135135135135136
866,train,2,111,303,94,286,192,0,0,0,0,1.1666666666666667
867,train,2,112,303,95,286,191,0,0,0,0,1.1727748691099475
868,train,2,108,323,89,304,215,0,0,0,0,1.041860465116279
869,train,2,99,312,76,289,213,0,0,0,0,1.051643192488263
870,val,2,176,243,308,375,67,0,0,0,0,3.343283582089552
871,val,2,163,255,280,372,92,0,0,0,0,2.4347826086956523
872,val,2,124,182,239,297,58,0,0,0,0,3.8620689655172415
873,val,2,161,251,266,356,90,0,0,0,0,2.488888888888889
874,val,2,158,247,251,340,89,0,0,0,0,2.5168539325842696
875,val,2,160,260,242,342,100,0,0,0,0,2.24
876,val,2,130,237,226,333,107,0,0,0,0,2.0934579439252334
877,val,2,137,257,237,357,120,0,0,0,0,1.8666666666666667
878,val,2,130,208,235,313,78,0,0,0,0,2.871794871794872
879,val,2,132,200,232,300,68,0,0,0,0,3.2941176470588234
880,val,2,123,183,239,299,60,0,0,0,0,3.7333333333333334
881,test,2,110,185,210,285,75,0,0,0,0,2.986666666666667
882,test,2,73,235,174,336,162,0,0,0,0,1.382716049382716
883,train,2,117,220,161,264,103,0,0,0,0,2.174757281553398
884,train,2,110,229,161,280,119,0,0,0,0,1.8823529411764706
885,train,2,102,240,140,278,138,0,0,0,0,1.6231884057971016
886,train,2,95,242,136,283,147,0,0,0,0,1.5238095238095237
887,train,2,86,240,127,281,154,0,0,0,0,1.4545454545454546
888,train,2,163,298,173,308,135,0,0,0,0,1.6592592592592592
889,train,2,178,282,198,302,104,0,0,0,0,2.1538461538461537
890,train,2,174,279,191,296,105,0,0,0,0,2.1333333333333333
891,train,2,169,276,191,298,107,0,0,0,0,2.0934579439252334
892,train,2,136,194,217,275,58,0,0,0,0,3.8620689655172415
893,train,2,120,187,219,286,67,0,0,0,0,3.343283582089552
894,train,2,124,181,225,282,57,0,0,0,0,3.9298245614035086
895,test,2,135,199,248,312,64,0,0,0,0,3.5
896,test,2,124,196,245,317,72,0,0,0,0,3.111111111111111
897,test,2,121,199,237,315,78,0,0,0,0,2.871794871794872
898,test,2,36,207,188,359,171,0,0,0,0,1.3099415204678362
899,test,2,63,226,192,355,163,0,0,0,0,1.3742331288343559
900,test,2,41,237,178,374,196,0,0,0,0,1.1428571428571428
901,test,2,42,222,189,369,180,0,0,0,0,1.2444444444444445
902,test,2,55,226,197,368,171,0,0,0,0,1.3099415204678362
903,test,2,80,231,197,348,151,0,0,0,0,1.4834437086092715
904,val,2,167,268,254,355,101,0,0,0,0,2.217821782178218
905,val,2,136,286,214,364,150,0,0,0,0,1.4933333333333334
906,val,2,93,297,208,412,204,0,0,0,0,1.0980392156862746
907,val,2,84,305,202,423,221,0,0,0,0,1.0135746606334841
908,train,2,92,301,85,294,209,0,0,0,0,1.0717703349282297
909,train,2,88,301,83,296,213,0,0,0,0,1.051643192488263
910,train,2,117,281,95,259,164,0,0,0,0,1.3658536585365855
911,train,2,107,305,87,285,198,0,0,0,0,1.1313131313131313
912,test,2,247,326,310,389,79,0,0,0,0,2.8354430379746836
913,test,2,154,313,230,389,159,0,0,0,0,1.4088050314465408
914,test,2,184,299,214,329,115,0,0,0,0,1.9478260869565218
915,test,2,135,330,201,396,195,0,0,0,0,1.1487179487179486
916,test,2,130,337,204,411,207,0,0,0,0,1.0821256038647342
917,test,2,114,329,213,428,215,0,0,0,0,1.041860465116279
918,train,3,258,322,206,270,64,0,0,0,0,3.5
919,train,3,270,317,213,260,47,0,0,0,0,4.76595744680851
920,train,3,260,332,213,285,72,0,0,0,0,3.111111111111111
921,train,3,275,318,210,253,43,0,0,0,0,5.209302325581396
922,val,3,153,233,215,295,80,0,0,0,0,2.8
923,val,3,151,234,214,297,83,0,0,0,0,2.6987951807228914
924,val,3,152,235,216,299,83,0,0,0,0,2.6987951807228914
925,val,3,157,227,222,292,70,0,0,0,0,3.2
926,test,3,181,235,231,285,54,0,0,0,0,4.148148148148148
927,test,3,173,244,219,290,71,0,0,0,0,3.1549295774647885
928,test,3,174,241,225,292,67,0,0,0,0,3.343283582089552
929,test,3,180,247,222,289,67,0,0,0,0,3.343283582089552
930,test,3,185,249,219,283,64,0,0,0,0,3.5
931,test,3,192,248,221,277,56,0,0,0,0,4.0
932,test,3,197,238,230,271,41,0,0,0,0,5.463414634146342
933,train,3,172,265,193,286,93,0,0,0,0,2.4086021505376345
934,train,3,168,263,192,287,95,0,0,0,0,2.357894736842105
935,train,3,169,259,196,286,90,0,0,0,0,2.488888888888889
936,train,3,172,253,204,285,81,0,0,0,0,2.765432098765432
937,train,3,174,253,208,287,79,0,0,0,0,2.8354430379746836
938,train,3,180,247,215,282,67,0,0,0,0,3.343283582089552
939,train,3,173,237,225,289,64,0,0,0,0,3.5
940,train,3,171,236,220,285,65,0,0,0,0,3.4461538461538463
941,train,3,168,245,219,296,77,0,0,0,0,2.909090909090909
942,train,3,165,243,217,295,78,0,0,0,0,2.871794871794872
943,train,3,176,232,226,282,56,0,0,0,0,4.0
944,train,3,179,230,226,277,51,0,0,0,0,4.392156862745098
945,train,3,180,224,224,268,44,0,0,0,0,5.090909090909091
946,train,3,196,247,242,293,51,0,0,0,0,4.392156862745098
947,train,3,187,256,237,306,69,0,0,0,0,3.246376811594203
948,train,3,179,258,230,309,79,0,0,0,0,2.8354430379746836
949,train,3,189,245,249,305,56,0,0,0,0,4.0
950,train,3,192,250,228,286,58,0,0,0,0,3.8620689655172415
951,train,3,180,255,216,291,75,0,0,0,0,2.986666666666667
952,train,3,185,252,221,288,67,0,0,0,0,3.343283582089552
953,train,3,196,240,234,278,44,0,0,0,0,5.090909090909091
954,train,3,203,243,237,277,40,0,0,0,0,5.6
955,train,3,89,116,114,141,27,0,0,0,0,8.296296296296296
956,train,3,81,116,109,144,35,0,0,0,0,6.4
957,train,3,81,120,107,146,39,0,0,0,0,5.743589743589744
958,test,3,173,240,227,294,67,0,0,0,0,3.343283582089552
959,test,3,177,236,229,288,59,0,0,0,0,3.7966101694915255
960,test,3,167,233,219,285,66,0,0,0,0,3.393939393939394
961,test,3,168,236,220,288,68,0,0,0,0,3.2941176470588234
962,val,3,194,254,226,286,60,0,0,0,0,3.7333333333333334
963,val,3,194,251,224,281,57,0,0,0,0,3.9298245614035086
964,val,3,192,252,226,286,60,0,0,0,0,3.7333333333333334
965,val,3,202,238,241,277,36,0,0,0,0,6.222222222222222
966,train,3,190,249,225,284,59,0,0,0,0,3.7966101694915255
967,train,3,182,262,215,295,80,0,0,0,0,2.8
968,train,3,174,262,208,296,88,0,0,0,0,2.5454545454545454
969,train,3,175,264,209,298,89,0,0,0,0,2.5168539325842696
970,train,3,186,252,209,275,66,0,0,0,0,3.393939393939394
971,train,3,198,242,236,280,44,0,0,0,0,5.090909090909091
972,test,3,157,200,229,272,43,0,0,0,0,5.209302325581396
973,test,3,159,206,226,273,47,0,0,0,0,4.76595744680851
974,train,3,200,233,246,279,33,0,0,0,0,6.787878787878788
975,train,3,195,260,224,289,65,0,0,0,0,3.4461538461538463
976,train,3,194,254,236,296,60,0,0,0,0,3.7333333333333334
977,train,3,195,248,236,289,53,0,0,0,0,4.226415094339623
978,train,3,191,245,235,289,54,0,0,0,0,4.148148148148148
979,train,3,179,251,217,289,72,0,0,0,0,3.111111111111111
980,test,3,166,241,209,284,75,0,0,0,0,2.986666666666667
981,test,3,156,237,206,287,81,0,0,0,0,2.765432098765432
982,test,3,156,245,197,286,89,0,0,0,0,2.5168539325842696
983,test,3,185,241,225,281,56,0,0,0,0,4.0
984,test,3,184,239,228,283,55,0,0,0,0,4.072727272727272
985,test,3,182,245,223,286,63,0,0,0,0,3.5555555555555554
986,train,3,171,225,235,289,54,0,0,0,0,4.148148148148148
987,train,3,169,223,235,289,54,0,0,0,0,4.148148148148148
988,train,3,165,228,230,293,63,0,0,0,0,3.5555555555555554
989,train,3,169,227,232,290,58,0,0,0,0,3.8620689655172415
990,train,3,183,252,228,297,69,0,0,0,0,3.246376811594203
991,train,3,189,249,228,288,60,0,0,0,0,3.7333333333333334
992,train,3,194,245,227,278,51,0,0,0,0,4.392156862745098
993,train,3,197,248,226,277,51,0,0,0,0,4.392156862745098
994,train,3,170,247,214,291,77,0,0,0,0,2.909090909090909
995,train,3,162,251,207,296,89,0,0,0,0,2.5168539325842696
996,train,3,169,237,223,291,68,0,0,0,0,3.2941176470588234
997,train,3,175,233,234,292,58,0,0,0,0,3.8620689655172415
998,train,3,201,256,229,284,55,0,0,0,0,4.072727272727272
999,train,3,193,252,223,282,59,0,0,0,0,3.7966101694915255
1000,train,3,192,252,220,280,60,0,0,0,0,3.7333333333333334
1001,train,3,189,256,219,286,67,0,0,0,0,3.343283582089552
1002,train,3,195,254,223,282,59,0,0,0,0,3.7966101694915255
1003,train,3,175,243,219,287,68,0,0,0,0,3.2941176470588234
1004,train,3,182,239,223,280,57,0,0,0,0,3.9298245614035086
1005,train,3,182,236,224,278,54,0,0,0,0,4.148148148148148
1006,test,3,174,244,209,279,70,0,0,0,0,3.2
1007,test,3,184,237,223,276,53,0,0,0,0,4.226415094339623
1008,test,3,176,248,214,286,72,0,0,0,0,3.111111111111111
1009,test,3,179,244,215,280,65,0,0,0,0,3.4461538461538463
1010,train,3,193,249,238,294,56,0,0,0,0,4.0
1011,train,3,190,250,232,292,60,0,0,0,0,3.7333333333333334
1012,train,3,191,254,232,295,63,0,0,0,0,3.5555555555555554
1013,val,3,181,247,224,290,66,0,0,0,0,3.393939393939394
1014,val,3,179,242,224,287,63,0,0,0,0,3.5555555555555554
1015,train,3,187,256,212,281,69,0,0,0,0,3.246376811594203
1016,train,3,192,247,216,271,55,0,0,0,0,4.072727272727272
1017,train,3,193,249,219,275,56,0,0,0,0,4.0
1018,val,3,181,250,214,283,69,0,0,0,0,3.246376811594203
1019,val,3,178,257,209,288,79,0,0,0,0,2.8354430379746836
1020,val,3,178,259,207,288,81,0,0,0,0,2.765432098765432
1021,train,3,158,257,217,316,99,0,0,0,0,2.2626262626262625
1022,train,3,165,252,224,311,87,0,0,0,0,2.574712643678161
1023,train,3,167,258,221,312,91,0,0,0,0,2.4615384615384617
1024,train,3,180,244,227,291,64,0,0,0,0,3.5
1025,train,3,193,251,217,275,58,0,0,0,0,3.8620689655172415
1026,train,3,185,249,214,278,64,0,0,0,0,3.5
1027,train,3,182,248,212,278,66,0,0,0,0,3.393939393939394
1028,train,3,197,242,222,267,45,0,0,0,0,4.977777777777778
1029,train,3,205,238,223,256,33,0,0,0,0,6.787878787878788
1030,train,3,183,248,208,273,65,0,0,0,0,3.4461538461538463
1031,train,3,175,257,199,281,82,0,0,0,0,2.731707317073171
1032,train,3,178,255,202,279,77,0,0,0,0,2.909090909090909
1033,train,3,180,248,208,276,68,0,0,0,0,3.2941176470588234
1034,train,3,281,313,212,244,32,0,0,0,0,7.0
1035,val,3,213,313,210,310,100,0,0,0,0,2.24
1036,val,3,209,317,204,312,108,0,0,0,0,2.074074074074074
1037,val,3,205,318,198,311,113,0,0,0,0,1.9823008849557522
1038,val,3,207,313,201,307,106,0,0,0,0,2.1132075471698113
1039,val,3,207,307,208,308,100,0,0,0,0,2.24
1040,val,3,208,309,206,307,101,0,0,0,0,2.217821782178218
1041,val,3,217,274,233,290,57,0,0,0,0,3.9298245614035086
1042,test,3,211,287,220,296,76,0,0,0,0,2.9473684210526314
1043,test,3,205,287,214,296,82,0,0,0,0,2.731707317073171
1044,test,3,202,283,216,297,81,0,0,0,0,2.765432098765432
1045,test,3,204,283,216,295,79,0,0,0,0,2.8354430379746836
1046,test,3,210,288,219,297,78,0,0,0,0,2.871794871794872
1047,train,3,223,312,201,290,89,0,0,0,0,2.5168539325842696
1048,train,3,214,322,194,302,108,0,0,0,0,2.074074074074074
1049,train,3,210,325,185,300,115,0,0,0,0,1.9478260869565218
1050,train,3,206,330,185,309,124,0,0,0,0,1.8064516129032258
1051,train,3,210,326,185,301,116,0,0,0,0,1.9310344827586208
1052,train,3,203,330,188,315,127,0,0,0,0,1.763779527559055
1053,train,3,278,372,201,295,94,0,0,0,0,2.382978723404255
1054,train,3,212,312,207,307,100,0,0,0,0,2.24
1055,train,3,215,317,207,309,102,0,0,0,0,2.196078431372549
1056,train,3,215,332,197,314,117,0,0,0,0,1.9145299145299146
1057,train,3,244,336,209,301,92,0,0,0,0,2.4347826086956523
1058,train,3,281,344,220,283,63,0,0,0,0,3.5555555555555554
1059,train,3,225,321,210,306,96,0,0,0,0,2.3333333333333335
1060,train,3,234,316,219,301,82,0,0,0,0,2.731707317073171
1061,train,3,228,298,230,300,70,0,0,0,0,3.2
1062,train,3,218,301,218,301,83,0,0,0,0,2.6987951807228914
1063,train,3,214,309,210,305,95,0,0,0,0,2.357894736842105
1064,train,3,235,274,212,251,39,0,0,0,0,5.743589743589744
1065,train,3,214,277,228,291,63,0,0,0,0,3.5555555555555554
1066,train,3,214,282,226,294,68,0,0,0,0,3.2941176470588234
1067,train,3,218,306,222,310,88,0,0,0,0,2.5454545454545454
1068,train,3,239,303,221,285,64,0,0,0,0,3.5
1069,train,3,241,299,238,296,58,0,0,0,0,3.8620689655172415
1070,train,3,131,163,110,142,32,0,0,0,0,7.0
1071,train,3,132,165,110,143,33,0,0,0,0,6.787878787878788
1072,train,3,128,168,108,148,40,0,0,0,0,5.6
1073,train,3,126,166,110,150,40,0,0,0,0,5.6
1074,train,3,137,189,102,154,52,0,0,0,0,4.3076923076923075
1075,train,3,130,211,88,169,81,0,0,0,0,2.765432098765432
1076,train,3,123,224,78,179,101,0,0,0,0,2.217821782178218
1077,test,3,238,293,229,284,55,0,0,0,0,4.072727272727272
1078,test,3,234,333,203,302,99,0,0,0,0,2.2626262626262625
1079,test,3,235,338,204,307,103,0,0,0,0,2.174757281553398
1080,test,3,232,343,198,309,111,0,0,0,0,2.018018018018018
1081,test,3,233,339,201,307,106,0,0,0,0,2.1132075471698113
1082,test,3,241,285,232,276,44,0,0,0,0,5.090909090909091
1083,val,3,212,277,219,284,65,0,0,0,0,3.4461538461538463
1084,val,3,218,275,225,282,57,0,0,0,0,3.9298245614035086
1085,val,3,205,304,204,303,99,0,0,0,0,2.2626262626262625
1086,val,3,213,291,209,287,78,0,0,0,0,2.871794871794872
1087,val,3,244,347,191,294,103,0,0,0,0,2.174757281553398
1088,train,3,203,317,190,304,114,0,0,0,0,1.9649122807017543
1089,train,3,211,312,201,302,101,0,0,0,0,2.217821782178218
1090,train,3,209,305,203,299,96,0,0,0,0,2.3333333333333335
1091,train,3,209,305,202,298,96,0,0,0,0,2.3333333333333335
1092,train,3,220,310,205,295,90,0,0,0,0,2.488888888888889
1093,train,3,226,306,203,283,80,0,0,0,0,2.8
1094,test,3,205,295,194,284,90,0,0,0,0,2.488888888888889
1095,test,3,224,300,187,263,76,0,0,0,0,2.9473684210526314
1096,test,3,227,295,201,269,68,0,0,0,0,3.2941176470588234
1097,test,3,229,285,212,268,56,0,0,0,0,4.0
1098,test,3,226,285,210,269,59,0,0,0,0,3.7966101694915255
1099,test,3,204,330,172,298,126,0,0,0,0,1.7777777777777777
1100,train,3,223,288,224,289,65,0,0,0,0,3.4461538461538463
1101,train,3,219,287,221,289,68,0,0,0,0,3.2941176470588234
1102,train,3,219,294,217,292,75,0,0,0,0,2.986666666666667
1103,train,3,231,327,198,294,96,0,0,0,0,2.3333333333333335
1104,train,3,211,359,186,334,148,0,0,0,0,1.5135135135135136
1105,train,3,208,383,166,341,175,0,0,0,0,1.28
1106,train,3,207,387,167,347,180,0,0,0,0,1.2444444444444445
1107,train,3,233,309,211,287,76,0,0,0,0,2.9473684210526314
1108,train,3,234,304,214,284,70,0,0,0,0,3.2
1109,train,3,227,297,219,289,70,0,0,0,0,3.2
1110,train,3,249,314,231,296,65,0,0,0,0,3.4461538461538463
1111,train,3,244,328,235,319,84,0,0,0,0,2.6666666666666665
1112,test,3,262,340,207,285,78,0,0,0,0,2.871794871794872
1113,test,3,265,336,218,289,71,0,0,0,0,3.1549295774647885
1114,test,3,270,349,214,293,79,0,0,0,0,2.8354430379746836
1115,test,3,311,345,237,271,34,0,0,0,0,6.588235294117647
1116,test,3,264,323,229,288,59,0,0,0,0,3.7966101694915255
1117,test,3,278,321,208,251,43,0,0,0,0,5.209302325581396
1118,train,3,194,252,234,292,58,0,0,0,0,3.8620689655172415
1119,train,3,193,261,229,297,68,0,0,0,0,3.2941176470588234
1120,train,3,189,261,227,299,72,0,0,0,0,3.111111111111111
1121,train,3,222,262,247,287,40,0,0,0,0,5.6
1122,train,3,227,302,224,299,75,0,0,0,0,2.986666666666667
1123,train,3,239,303,225,289,64,0,0,0,0,3.5
1124,train,3,224,301,210,287,77,0,0,0,0,2.909090909090909
1125,train,3,222,297,212,287,75,0,0,0,0,2.986666666666667
1126,train,3,218,294,215,291,76,0,0,0,0,2.9473684210526314
1127,train,3,217,296,210,289,79,0,0,0,0,2.8354430379746836
1128,train,3,220,297,211,288,77,0,0,0,0,2.909090909090909
1129,train,3,213,282,222,291,69,0,0,0,0,3.246376811594203
1130,train,3,201,295,207,301,94,0,0,0,0,2.382978723404255
1131,train,3,200,295,207,302,95,0,0,0,0,2.357894736842105
1132,train,3,210,287,218,295,77,0,0,0,0,2.909090909090909
1133,train,3,210,291,215,296,81,0,0,0,0,2.765432098765432
1134,train,3,214,273,231,290,59,0,0,0,0,3.7966101694915255
1135,train,3,213,272,226,285,59,0,0,0,0,3.7966101694915255
1136,train,3,211,275,224,288,64,0,0,0,0,3.5
1137,train,3,206,275,223,292,69,0,0,0,0,3.246376811594203
1138,train,3,211,283,220,292,72,0,0,0,0,3.111111111111111
1139,train,3,208,300,212,304,92,0,0,0,0,2.4347826086956523
1140,train,3,210,292,210,292,82,0,0,0,0,2.731707317073171
1141,train,3,217,289,208,280,72,0,0,0,0,3.111111111111111
1142,train,3,227,281,222,276,54,0,0,0,0,4.148148148148148
1143,train,3,230,306,211,287,76,0,0,0,0,2.9473684210526314
1144,test,3,255,321,214,280,66,0,0,0,0,3.393939393939394
1145,test,3,257,326,213,282,69,0,0,0,0,3.246376811594203
1146,test,3,255,325,214,284,70,0,0,0,0,3.2
1147,test,3,246,321,209,284,75,0,0,0,0,2.986666666666667
1148,train,3,304,388,221,305,84,0,0,0,0,2.6666666666666665
1149,train,3,311,375,233,297,64,0,0,0,0,3.5
1150,train,3,318,371,236,289,53,0,0,0,0,4.226415094339623
1151,val,3,231,295,219,283,64,0,0,0,0,3.5
1152,val,3,235,289,222,276,54,0,0,0,0,4.148148148148148
1153,val,3,219,314,206,301,95,0,0,0,0,2.357894736842105
1154,train,3,232,296,220,284,64,0,0,0,0,3.5
1155,train,3,235,294,221,280,59,0,0,0,0,3.7966101694915255
1156,train,3,234,297,217,280,63,0,0,0,0,3.5555555555555554
1157,val,3,249,328,208,287,79,0,0,0,0,2.8354430379746836
1158,val,3,244,337,206,299,93,0,0,0,0,2.4086021505376345
1159,val,3,241,330,206,295,89,0,0,0,0,2.5168539325842696
1160,val,3,239,316,212,289,77,0,0,0,0,2.909090909090909
1161,train,3,287,368,224,305,81,0,0,0,0,2.765432098765432
1162,train,3,274,376,222,324,102,0,0,0,0,2.196078431372549
1163,train,3,272,365,218,311,93,0,0,0,0,2.4086021505376345
1164,train,3,257,372,218,333,115,0,0,0,0,1.9478260869565218
1165,train,3,269,376,217,324,107,0,0,0,0,2.0934579439252334
1166,train,3,274,333,174,233,59,0,0,0,0,3.7966101694915255
1167,train,3,278,334,173,229,56,0,0,0,0,4.0
1168,train,3,278,330,176,228,52,0,0,0,0,4.3076923076923075
1169,val,3,212,312,160,260,100,0,0,0,0,2.24
1170,val,3,206,314,156,264,108,0,0,0,0,2.074074074074074
1171,val,3,202,314,155,267,112,0,0,0,0,2.0
1172,val,3,200,314,154,268,114,0,0,0,0,1.9649122807017543
1173,val,3,200,312,156,268,112,0,0,0,0,2.0
1174,val,3,205,310,159,264,105,0,0,0,0,2.1333333333333333
1175,val,3,210,276,180,246,66,0,0,0,0,3.393939393939394
1176,test,3,243,298,185,240,55,0,0,0,0,4.072727272727272
1177,test,3,217,293,176,252,76,0,0,0,0,2.9473684210526314
1178,test,3,219,297,173,251,78,0,0,0,0,2.871794871794872
1179,test,3,217,297,169,249,80,0,0,0,0,2.8
1180,test,3,226,293,175,242,67,0,0,0,0,3.343283582089552
1181,test,3,242,296,183,237,54,0,0,0,0,4.148148148148148
1182,train,3,269,338,180,249,69,0,0,0,0,3.246376811594203
1183,train,3,249,342,164,257,93,0,0,0,0,2.4086021505376345
1184,train,3,241,344,156,259,103,0,0,0,0,2.174757281553398
1185,train,3,235,347,151,263,112,0,0,0,0,2.0
1186,train,3,234,349,148,263,115,0,0,0,0,1.9478260869565218
1187,train,3,235,348,149,262,113,0,0,0,0,1.9823008849557522
1188,train,3,241,343,157,259,102,0,0,0,0,2.196078431372549
1189,train,3,257,313,211,267,56,0,0,0,0,4.0
1190,train,3,233,335,183,285,102,0,0,0,0,2.196078431372549
1191,train,3,234,312,192,270,78,0,0,0,0,2.871794871794872
1192,train,3,243,325,190,272,82,0,0,0,0,2.731707317073171
1193,train,3,253,321,198,266,68,0,0,0,0,3.2941176470588234
1194,train,3,248,300,186,238,52,0,0,0,0,4.3076923076923075
1195,train,3,255,307,186,238,52,0,0,0,0,4.3076923076923075
1196,train,3,252,308,182,238,56,0,0,0,0,4.0
1197,train,3,248,307,181,240,59,0,0,0,0,3.7966101694915255
1198,train,3,242,288,209,255,46,0,0,0,0,4.869565217391305
1199,train,3,226,282,202,258,56,0,0,0,0,4.0
1200,train,3,224,287,199,262,63,0,0,0,0,3.5555555555555554
1201,train,3,229,282,205,258,53,0,0,0,0,4.226415094339623
1202,train,3,237,295,204,262,58,0,0,0,0,3.8620689655172415
1203,train,3,137,160,96,119,23,0,0,0,0,9.73913043478261
1204,train,3,137,160,96,119,23,0,0,0,0,9.73913043478261
1205,train,3,139,160,96,117,21,0,0,0,0,10.666666666666666
1206,train,3,139,159,97,117,20,0,0,0,0,11.2
1207,train,3,139,159,97,117,20,0,0,0,0,11.2
1208,test,3,240,293,163,216,53,0,0,0,0,4.226415094339623
1209,test,3,238,334,145,241,96,0,0,0,0,2.3333333333333335
1210,test,3,234,334,141,241,100,0,0,0,0,2.24
1211,test,3,236,338,139,241,102,0,0,0,0,2.196078431372549
1212,test,3,239,335,146,242,96,0,0,0,0,2.3333333333333335
1213,test,3,240,333,153,246,93,0,0,0,0,2.4086021505376345
1214,val,3,231,282,202,253,51,0,0,0,0,4.392156862745098
1215,val,3,237,282,202,247,45,0,0,0,0,4.977777777777778
1216,val,3,226,281,196,251,55,0,0,0,0,4.072727272727272
1217,val,3,225,277,197,249,52,0,0,0,0,4.3076923076923075
1218,val,3,236,282,200,246,46,0,0,0,0,4.869565217391305
1219,train,3,253,317,184,248,64,0,0,0,0,3.5
1220,train,3,251,323,179,251,72,0,0,0,0,3.111111111111111
1221,train,3,233,325,171,263,92,0,0,0,0,2.4347826086956523
1222,test,3,234,299,209,274,65,0,0,0,0,3.4461538461538463
1223,test,3,236,299,209,272,63,0,0,0,0,3.5555555555555554
1224,test,3,237,301,202,266,64,0,0,0,0,3.5
1225,test,3,238,289,204,255,51,0,0,0,0,4.392156862745098
1226,train,3,250,294,207,251,44,0,0,0,0,5.090909090909091
1227,train,3,247,298,204,255,51,0,0,0,0,4.392156862745098
1228,train,3,252,295,204,247,43,0,0,0,0,5.209302325581396
1229,train,3,253,293,204,244,40,0,0,0,0,5.6
1230,train,3,271,371,211,311,100,0,0,0,0,2.24
1231,train,3,279,330,211,262,51,0,0,0,0,4.392156862745098
1232,train,3,276,330,210,264,54,0,0,0,0,4.148148148148148
1233,test,3,266,320,207,261,54,0,0,0,0,4.148148148148148
1234,test,3,272,316,209,253,44,0,0,0,0,5.090909090909091
1235,test,3,267,318,201,252,51,0,0,0,0,4.392156862745098
1236,test,3,275,322,199,246,47,0,0,0,0,4.76595744680851
1237,test,3,277,329,200,252,52,0,0,0,0,4.3076923076923075
1238,train,3,227,291,179,243,64,0,0,0,0,3.5
1239,train,3,226,286,181,241,60,0,0,0,0,3.7333333333333334
1240,train,3,224,289,175,240,65,0,0,0,0,3.4461538461538463
1241,train,3,224,290,178,244,66,0,0,0,0,3.393939393939394
1242,train,3,224,282,195,253,58,0,0,0,0,3.8620689655172415
1243,train,3,221,292,186,257,71,0,0,0,0,3.1549295774647885
1244,train,3,217,295,183,261,78,0,0,0,0,2.871794871794872
1245,train,3,230,289,194,253,59,0,0,0,0,3.7966101694915255
1246,train,3,214,272,191,249,58,0,0,0,0,3.8620689655172415
1247,train,3,202,278,181,257,76,0,0,0,0,2.9473684210526314
1248,train,3,200,280,180,260,80,0,0,0,0,2.8
1249,train,3,200,280,179,259,80,0,0,0,0,2.8
1250,train,3,203,273,184,254,70,0,0,0,0,3.2
1251,train,3,249,297,217,265,48,0,0,0,0,4.666666666666667
1252,train,3,243,302,211,270,59,0,0,0,0,3.7966101694915255
1253,train,3,239,302,210,273,63,0,0,0,0,3.5555555555555554
1254,train,3,240,295,214,269,55,0,0,0,0,4.072727272727272
1255,train,3,241,292,214,265,51,0,0,0,0,4.392156862745098
1256,train,3,274,316,191,233,42,0,0,0,0,5.333333333333333
1257,train,3,258,312,184,238,54,0,0,0,0,4.148148148148148
1258,train,3,266,313,188,235,47,0,0,0,0,4.76595744680851
1259,train,3,265,313,186,234,48,0,0,0,0,4.666666666666667
1260,train,3,268,325,184,241,57,0,0,0,0,3.9298245614035086
1261,test,3,268,319,164,215,51,0,0,0,0,4.392156862745098
1262,test,3,272,323,165,216,51,0,0,0,0,4.392156862745098
1263,test,3,272,331,163,222,59,0,0,0,0,3.7966101694915255
1264,test,3,273,327,166,220,54,0,0,0,0,4.148148148148148
1265,test,3,272,324,168,220,52,0,0,0,0,4.3076923076923075
1266,train,3,314,345,202,233,31,0,0,0,0,7.225806451612903
1267,train,3,316,347,199,230,31,0,0,0,0,7.225806451612903
1268,train,3,316,351,197,232,35,0,0,0,0,6.4
1269,train,3,312,355,192,235,43,0,0,0,0,5.209302325581396
1270,val,3,241,280,193,232,39,0,0,0,0,5.743589743589744
1271,val,3,243,278,195,230,35,0,0,0,0,6.4
1272,val,3,245,277,196,228,32,0,0,0,0,7.0
1273,train,3,251,303,196,248,52,0,0,0,0,4.3076923076923075
1274,train,3,251,305,197,251,54,0,0,0,0,4.148148148148148
1275,train,3,250,307,193,250,57,0,0,0,0,3.9298245614035086
1276,val,3,253,341,175,263,88,0,0,0,0,2.5454545454545454
1277,val,3,252,342,173,263,90,0,0,0,0,2.488888888888889
1278,val,3,255,339,176,260,84,0,0,0,0,2.6666666666666665
1279,train,3,266,373,148,255,107,0,0,0,0,2.0934579439252334
1280,train,3,258,376,139,257,118,0,0,0,0,1.8983050847457628
1281,train,3,270,378,141,249,108,0,0,0,0,2.074074074074074
1282,train,3,282,371,156,245,89,0,0,0,0,2.5168539325842696
1283,train,3,185,244,217,276,59,0,0,0,0,3.7966101694915255
1284,train,3,185,240,221,276,55,0,0,0,0,4.072727272727272
1285,train,3,206,238,237,269,32,0,0,0,0,7.0
1286,train,3,201,240,232,271,39,0,0,0,0,5.743589743589744
1287,train,3,204,234,238,268,30,0,0,0,0,7.466666666666667
1288,train,3,201,247,232,278,46,0,0,0,0,4.869565217391305
1289,train,3,179,230,229,280,51,0,0,0,0,4.392156862745098
1290,train,3,173,226,229,282,53,0,0,0,0,4.226415094339623
1291,train,3,167,223,226,282,56,0,0,0,0,4.0
1292,train,3,170,217,229,276,47,0,0,0,0,4.76595744680851
1293,train,3,181,261,219,299,80,0,0,0,0,2.8
1294,train,3,183,258,232,307,75,0,0,0,0,2.986666666666667
1295,train,3,180,249,210,279,69,0,0,0,0,3.246376811594203
1296,train,3,168,256,202,290,88,0,0,0,0,2.5454545454545454
1297,train,3,160,249,197,286,89,0,0,0,0,2.5168539325842696
1298,train,3,166,241,202,277,75,0,0,0,0,2.986666666666667
1299,train,3,178,232,213,267,54,0,0,0,0,4.148148148148148
1300,train,3,185,226,216,257,41,0,0,0,0,5.463414634146342
1301,train,3,186,232,218,264,46,0,0,0,0,4.869565217391305
1302,train,3,189,234,219,264,45,0,0,0,0,4.977777777777778
1303,train,3,190,236,218,264,46,0,0,0,0,4.869565217391305
1304,train,3,167,255,205,293,88,0,0,0,0,2.5454545454545454
1305,train,3,164,244,209,289,80,0,0,0,0,2.8
1306,train,3,174,237,220,283,63,0,0,0,0,3.5555555555555554
1307,train,3,183,237,228,282,54,0,0,0,0,4.148148148148148
1308,train,3,186,245,225,284,59,0,0,0,0,3.7966101694915255
1309,train,3,190,244,225,279,54,0,0,0,0,4.148148148148148
1310,train,3,154,244,208,298,90,0,0,0,0,2.488888888888889
1311,train,3,159,243,212,296,84,0,0,0,0,2.6666666666666665
1312,train,3,157,238,215,296,81,0,0,0,0,2.765432098765432
1313,train,3,170,227,225,282,57,0,0,0,0,3.9298245614035086
1314,train,3,167,232,220,285,65,0,0,0,0,3.4461538461538463
1315,train,3,172,231,221,280,59,0,0,0,0,3.7966101694915255
1316,train,3,177,230,224,277,53,0,0,0,0,4.226415094339623
1317,train,3,178,244,225,291,66,0,0,0,0,3.393939393939394
1318,train,3,179,248,225,294,69,0,0,0,0,3.246376811594203
1319,train,3,171,259,216,304,88,0,0,0,0,2.5454545454545454
1320,train,3,179,238,226,285,59,0,0,0,0,3.7966101694915255
1321,train,3,185,229,232,276,44,0,0,0,0,5.090909090909091
1322,train,3,186,226,233,273,40,0,0,0,0,5.6
1323,train,3,200,232,236,268,32,0,0,0,0,7.0
1324,train,3,198,240,235,277,42,0,0,0,0,5.333333333333333
1325,train,3,204,239,240,275,35,0,0,0,0,6.4
1326,val,3,191,247,225,281,56,0,0,0,0,4.0
1327,val,3,193,241,228,276,48,0,0,0,0,4.666666666666667
1328,val,3,189,245,226,282,56,0,0,0,0,4.0
1329,val,3,188,244,222,278,56,0,0,0,0,4.0
1330,test,3,178,226,230,278,48,0,0,0,0,4.666666666666667
1331,test,3,176,223,231,278,47,0,0,0,0,4.76595744680851
1332,test,3,175,222,233,280,47,0,0,0,0,4.76595744680851
1333,test,3,173,229,229,285,56,0,0,0,0,4.0
1334,test,3,173,233,225,285,60,0,0,0,0,3.7333333333333334
1335,test,3,174,242,222,290,68,0,0,0,0,3.2941176470588234
1336,test,3,178,245,221,288,67,0,0,0,0,3.343283582089552
1337,test,3,183,243,226,286,60,0,0,0,0,3.7333333333333334
1338,test,3,184,244,228,288,60,0,0,0,0,3.7333333333333334
1339,test,3,186,244,225,283,58,0,0,0,0,3.8620689655172415
1340,test,3,169,229,196,256,60,0,0,0,0,3.7333333333333334
1341,test,3,153,235,207,289,82,0,0,0,0,2.731707317073171
1342,test,3,152,235,206,289,83,0,0,0,0,2.6987951807228914
1343,test,3,160,226,214,280,66,0,0,0,0,3.393939393939394
1344,test,3,169,217,234,282,48,0,0,0,0,4.666666666666667
1345,test,3,169,227,230,288,58,0,0,0,0,3.8620689655172415
1346,test,3,171,218,232,279,47,0,0,0,0,4.76595744680851
1347,test,3,177,222,235,280,45,0,0,0,0,4.977777777777778
1348,train,3,210,246,239,275,36,0,0,0,0,6.222222222222222
1349,train,3,208,248,240,280,40,0,0,0,0,5.6
1350,train,3,211,244,244,277,33,0,0,0,0,6.787878787878788
1351,train,3,213,247,244,278,34,0,0,0,0,6.588235294117647
1352,train,3,164,243,225,304,79,0,0,0,0,2.8354430379746836
1353,train,3,151,242,214,305,91,0,0,0,0,2.4615384615384617
1354,train,3,141,240,210,309,99,0,0,0,0,2.2626262626262625
1355,train,3,142,249,203,310,107,0,0,0,0,2.0934579439252334
1356,train,3,147,263,204,320,116,0,0,0,0,1.9310344827586208
1357,train,3,147,263,206,322,116,0,0,0,0,1.9310344827586208
1358,train,3,152,257,216,321,105,0,0,0,0,2.1333333333333333
1359,train,3,161,248,226,313,87,0,0,0,0,2.574712643678161
1360,val,3,163,231,224,292,68,0,0,0,0,3.2941176470588234
1361,val,3,151,238,221,308,87,0,0,0,0,2.574712643678161
1362,val,3,155,238,223,306,83,0,0,0,0,2.6987951807228914
1363,val,3,157,241,214,298,84,0,0,0,0,2.6666666666666665
1364,val,3,160,238,217,295,78,0,0,0,0,2.871794871794872
1365,val,3,155,237,218,300,82,0,0,0,0,2.731707317073171
1366,val,3,162,234,216,288,72,0,0,0,0,3.111111111111111
1367,val,3,164,230,217,283,66,0,0,0,0,3.393939393939394
1368,val,3,170,218,224,272,48,0,0,0,0,4.666666666666667
1369,train,3,178,223,245,290,45,0,0,0,0,4.977777777777778
1370,train,3,157,241,222,306,84,0,0,0,0,2.6666666666666665
1371,train,3,164,240,225,301,76,0,0,0,0,2.9473684210526314
1372,train,3,175,231,230,286,56,0,0,0,0,4.0
1373,train,3,168,231,228,291,63,0,0,0,0,3.5555555555555554
1374,train,3,171,219,229,277,48,0,0,0,0,4.666666666666667
1375,train,3,163,223,219,279,60,0,0,0,0,3.7333333333333334
1376,train,3,172,216,227,271,44,0,0,0,0,5.090909090909091
1377,train,3,179,211,232,264,32,0,0,0,0,7.0
1378,test,3,205,253,241,289,48,0,0,0,0,4.666666666666667
1379,test,3,209,252,241,284,43,0,0,0,0,5.209302325581396
1380,train,3,190,279,203,292,89,0,0,0,0,2.5168539325842696
1381,train,3,215,255,226,266,40,0,0,0,0,5.6
1382,train,3,211,252,222,263,41,0,0,0,0,5.463414634146342
1383,test,3,189,240,208,259,51,0,0,0,0,4.392156862745098
1384,test,3,186,244,207,265,58,0,0,0,0,3.8620689655172415
1385,test,3,189,234,213,258,45,0,0,0,0,4.977777777777778
1386,train,3,152,199,234,281,47,0,0,0,0,4.76595744680851
1387,train,3,146,202,225,281,56,0,0,0,0,4.0
1388,train,3,139,217,212,290,78,0,0,0,0,2.871794871794872
1389,train,3,148,208,221,281,60,0,0,0,0,3.7333333333333334
1390,train,3,140,219,212,291,79,0,0,0,0,2.8354430379746836
1391,train,3,142,220,206,284,78,0,0,0,0,2.871794871794872
1392,train,3,141,211,207,277,70,0,0,0,0,3.2
1393,train,3,141,205,207,271,64,0,0,0,0,3.5
1394,train,3,146,194,214,262,48,0,0,0,0,4.666666666666667
1395,val,3,187,250,216,279,63,0,0,0,0,3.5555555555555554
1396,val,3,178,249,214,285,71,0,0,0,0,3.1549295774647885
1397,val,3,169,269,192,292,100,0,0,0,0,2.24
1398,val,3,171,261,203,293,90,0,0,0,0,2.488888888888889
1399,val,3,175,259,208,292,84,0,0,0,0,2.6666666666666665
1400,val,3,181,251,216,286,70,0,0,0,0,3.2
1401,val,3,186,255,219,288,69,0,0,0,0,3.246376811594203
1402,val,3,192,249,228,285,57,0,0,0,0,3.9298245614035086
1403,val,3,200,243,239,282,43,0,0,0,0,5.209302325581396
1404,train,3,192,259,208,275,67,0,0,0,0,3.343283582089552
1405,train,3,196,252,217,273,56,0,0,0,0,4.0
1406,train,3,194,249,221,276,55,0,0,0,0,4.072727272727272
1407,train,3,201,253,206,258,52,0,0,0,0,4.3076923076923075
1408,train,3,192,222,241,271,30,0,0,0,0,7.466666666666667
1409,train,3,183,224,236,277,41,0,0,0,0,5.463414634146342
1410,train,3,199,266,222,289,67,0,0,0,0,3.343283582089552
1411,train,3,196,254,223,281,58,0,0,0,0,3.8620689655172415
1412,train,3,202,249,231,278,47,0,0,0,0,4.76595744680851
1413,train,3,208,242,233,267,34,0,0,0,0,6.588235294117647
1414,test,3,185,241,227,283,56,0,0,0,0,4.0
1415,test,3,181,246,221,286,65,0,0,0,0,3.4461538461538463
1416,test,3,185,237,228,280,52,0,0,0,0,4.3076923076923075
1417,test,3,186,238,223,275,52,0,0,0,0,4.3076923076923075
1418,test,3,187,238,224,275,51,0,0,0,0,4.392156862745098
1419,test,3,186,241,217,272,55,0,0,0,0,4.072727272727272
1420,test,3,189,234,222,267,45,0,0,0,0,4.977777777777778
1421,val,3,184,239,246,301,55,0,0,0,0,4.072727272727272
1422,val,3,190,238,242,290,48,0,0,0,0,4.666666666666667
1423,val,3,188,240,237,289,52,0,0,0,0,4.3076923076923075
1424,train,3,172,232,216,276,60,0,0,0,0,3.7333333333333334
1425,train,3,171,237,217,283,66,0,0,0,0,3.393939393939394
1426,train,3,172,237,218,283,65,0,0,0,0,3.4461538461538463
1427,train,3,174,237,219,282,63,0,0,0,0,3.5555555555555554
1428,train,3,173,236,219,282,63,0,0,0,0,3.5555555555555554
1429,train,3,180,228,227,275,48,0,0,0,0,4.666666666666667
1430,train,3,178,254,215,291,76,0,0,0,0,2.9473684210526314
1431,train,3,189,252,224,287,63,0,0,0,0,3.5555555555555554
1432,train,3,187,230,241,284,43,0,0,0,0,5.209302325581396
1433,train,3,181,232,237,288,51,0,0,0,0,4.392156862745098
1434,train,3,180,222,249,291,42,0,0,0,0,5.333333333333333
1435,val,3,166,270,190,294,104,0,0,0,0,2.1538461538461537
1436,val,3,159,275,187,303,116,0,0,0,0,1.9310344827586208
1437,val,3,167,259,193,285,92,0,0,0,0,2.4347826086956523
1438,val,3,168,244,219,295,76,0,0,0,0,2.9473684210526314
1439,val,3,161,251,209,299,90,0,0,0,0,2.488888888888889
1440,val,3,171,240,220,289,69,0,0,0,0,3.246376811594203
1441,val,3,185,226,234,275,41,0,0,0,0,5.463414634146342
1442,train,3,182,250,215,283,68,0,0,0,0,3.2941176470588234
1443,train,3,171,251,207,287,80,0,0,0,0,2.8
1444,train,3,178,248,213,283,70,0,0,0,0,3.2
1445,train,3,177,253,210,286,76,0,0,0,0,2.9473684210526314
1446,train,3,182,247,216,281,65,0,0,0,0,3.4461538461538463
1447,train,3,191,231,232,272,40,0,0,0,0,5.6
1448,train,3,182,240,226,284,58,0,0,0,0,3.8620689655172415
1449,train,3,182,239,225,282,57,0,0,0,0,3.9298245614035086
1450,train,3,182,241,227,286,59,0,0,0,0,3.7966101694915255
1451,train,3,179,244,226,291,65,0,0,0,0,3.4461538461538463
1452,train,3,178,243,225,290,65,0,0,0,0,3.4461538461538463
1453,train,3,181,234,229,282,53,0,0,0,0,4.226415094339623
1454,train,3,183,230,233,280,47,0,0,0,0,4.76595744680851
1455,train,3,185,230,236,281,45,0,0,0,0,4.977777777777778
1456,train,3,240,304,216,280,64,0,0,0,0,3.5
1457,train,3,239,306,212,279,67,0,0,0,0,3.343283582089552
1458,train,3,239,304,213,278,65,0,0,0,0,3.4461538461538463
1459,train,3,237,315,213,291,78,0,0,0,0,2.871794871794872
1460,train,3,241,311,217,287,70,0,0,0,0,3.2
1461,train,3,224,331,201,308,107,0,0,0,0,2.0934579439252334
1462,train,3,234,300,214,280,66,0,0,0,0,3.393939393939394
1463,train,3,215,316,186,287,101,0,0,0,0,2.217821782178218
1464,train,3,214,317,184,287,103,0,0,0,0,2.174757281553398
1465,train,3,215,321,185,291,106,0,0,0,0,2.1132075471698113
1466,train,3,225,324,185,284,99,0,0,0,0,2.2626262626262625
1467,train,3,231,319,192,280,88,0,0,0,0,2.5454545454545454
1468,train,3,272,344,205,277,72,0,0,0,0,3.111111111111111
1469,train,3,260,308,226,274,48,0,0,0,0,4.666666666666667
1470,train,3,258,304,229,275,46,0,0,0,0,4.869565217391305
1471,train,3,269,310,233,274,41,0,0,0,0,5.463414634146342
1472,train,3,224,270,225,271,46,0,0,0,0,4.869565217391305
1473,train,3,227,268,229,270,41,0,0,0,0,5.463414634146342
1474,train,3,229,269,237,277,40,0,0,0,0,5.6
1475,train,3,231,271,237,277,40,0,0,0,0,5.6
1476,train,3,221,272,227,278,51,0,0,0,0,4.392156862745098
1477,train,3,227,270,235,278,43,0,0,0,0,5.209302325581396
1478,train,3,228,274,235,281,46,0,0,0,0,4.869565217391305
1479,train,3,227,273,236,282,46,0,0,0,0,4.869565217391305
1480,train,3,259,336,222,299,77,0,0,0,0,2.909090909090909
1481,train,3,263,341,220,298,78,0,0,0,0,2.871794871794872
1482,train,3,262,350,211,299,88,0,0,0,0,2.5454545454545454
1483,train,3,233,337,197,301,104,0,0,0,0,2.1538461538461537
1484,train,3,253,322,217,286,69,0,0,0,0,3.246376811594203
1485,train,3,250,326,210,286,76,0,0,0,0,2.9473684210526314
1486,train,3,258,325,216,283,67,0,0,0,0,3.343283582089552
1487,train,3,290,341,230,281,51,0,0,0,0,4.392156862745098
1488,train,3,276,336,229,289,60,0,0,0,0,3.7333333333333334
1489,train,3,269,312,225,268,43,0,0,0,0,5.209302325581396
1490,train,3,263,318,218,273,55,0,0,0,0,4.072727272727272
1491,train,3,269,309,230,270,40,0,0,0,0,5.6
1492,train,3,265,307,229,271,42,0,0,0,0,5.333333333333333
1493,train,3,199,274,205,280,75,0,0,0,0,2.986666666666667
1494,train,3,189,278,201,290,89,0,0,0,0,2.5168539325842696
1495,train,3,181,283,196,298,102,0,0,0,0,2.196078431372549
1496,train,3,180,283,194,297,103,0,0,0,0,2.174757281553398
1497,train,3,179,283,192,296,104,0,0,0,0,2.1538461538461537
1498,train,3,186,258,217,289,72,0,0,0,0,3.111111111111111
1499,train,3,181,272,206,297,91,0,0,0,0,2.4615384615384617
1500,train,3,182,278,208,304,96,0,0,0,0,2.3333333333333335
1501,train,3,181,281,207,307,100,0,0,0,0,2.24
1502,train,3,181,276,212,307,95,0,0,0,0,2.357894736842105
1503,train,3,179,274,213,308,95,0,0,0,0,2.357894736842105
1504,train,3,177,270,216,309,93,0,0,0,0,2.4086021505376345
1505,train,3,168,279,198,309,111,0,0,0,0,2.018018018018018
1506,train,3,265,349,215,299,84,0,0,0,0,2.6666666666666665
1507,train,3,263,352,218,307,89,0,0,0,0,2.5168539325842696
1508,train,3,258,350,214,306,92,0,0,0,0,2.4347826086956523
1509,train,3,262,354,217,309,92,0,0,0,0,2.4347826086956523
1510,train,3,262,364,205,307,102,0,0,0,0,2.196078431372549
1511,train,3,230,278,229,277,48,0,0,0,0,4.666666666666667
1512,train,3,222,279,225,282,57,0,0,0,0,3.9298245614035086
1513,train,3,218,283,220,285,65,0,0,0,0,3.4461538461538463
1514,train,3,219,273,228,282,54,0,0,0,0,4.148148148148148
1515,val,3,274,327,223,276,53,0,0,0,0,4.226415094339623
1516,val,3,274,343,215,284,69,0,0,0,0,3.246376811594203
1517,val,3,274,352,208,286,78,0,0,0,0,2.871794871794872
1518,val,3,276,352,209,285,76,0,0,0,0,2.9473684210526314
1519,val,3,280,349,211,280,69,0,0,0,0,3.246376811594203
1520,val,3,282,326,231,275,44,0,0,0,0,5.090909090909091
1521,test,3,246,285,240,279,39,0,0,0,0,5.743589743589744
1522,test,3,239,310,219,290,71,0,0,0,0,3.1549295774647885
1523,test,3,230,314,213,297,84,0,0,0,0,2.6666666666666665
1524,test,3,202,315,202,315,113,0,0,0,0,1.9823008849557522
1525,test,3,202,314,200,312,112,0,0,0,0,2.0
1526,test,3,204,309,199,304,105,0,0,0,0,2.1333333333333333
1527,test,3,212,260,230,278,48,0,0,0,0,4.666666666666667
1528,test,3,238,305,208,275,67,0,0,0,0,3.343283582089552
1529,test,3,232,307,209,284,75,0,0,0,0,2.986666666666667
1530,test,3,223,310,198,285,87,0,0,0,0,2.574712643678161
1531,test,3,219,310,194,285,91,0,0,0,0,2.4615384615384617
1532,test,3,219,308,194,283,89,0,0,0,0,2.5168539325842696
1533,train,3,254,313,220,279,59,0,0,0,0,3.7966101694915255
1534,train,3,255,310,226,281,55,0,0,0,0,4.072727272727272
1535,train,3,250,315,221,286,65,0,0,0,0,3.4461538461538463
1536,train,3,254,311,226,283,57,0,0,0,0,3.9298245614035086
1537,train,3,261,325,220,284,64,0,0,0,0,3.5
1538,train,3,211,365,179,333,154,0,0,0,0,1.4545454545454546
1539,train,3,197,370,170,343,173,0,0,0,0,1.2947976878612717
1540,train,3,188,379,164,355,191,0,0,0,0,1.1727748691099475
1541,train,3,191,378,167,354,187,0,0,0,0,1.1978609625668448
1542,train,3,197,382,168,353,185,0,0,0,0,1.2108108108108109
1543,train,3,200,315,205,320,115,0,0,0,0,1.9478260869565218
1544,train,3,227,308,210,291,81,0,0,0,0,2.765432098765432
1545,val,3,243,312,222,291,69,0,0,0,0,3.246376811594203
1546,val,3,219,313,213,307,94,0,0,0,0,2.382978723404255
1547,val,3,216,320,205,309,104,0,0,0,0,2.1538461538461537
1548,val,3,219,319,204,304,100,0,0,0,0,2.24
1549,val,3,219,314,208,303,95,0,0,0,0,2.357894736842105
1550,val,3,227,310,214,297,83,0,0,0,0,2.6987951807228914
1551,val,3,233,316,219,302,83,0,0,0,0,2.6987951807228914
1552,train,3,237,295,227,285,58,0,0,0,0,3.8620689655172415
1553,train,3,227,315,214,302,88,0,0,0,0,2.5454545454545454
1554,train,3,221,297,223,299,76,0,0,0,0,2.9473684210526314
1555,train,3,226,295,226,295,69,0,0,0,0,3.246376811594203
1556,train,3,228,286,230,288,58,0,0,0,0,3.8620689655172415
1557,train,3,260,293,236,269,33,0,0,0,0,6.787878787878788
1558,train,3,256,300,240,284,44,0,0,0,0,5.090909090909091
1559,train,3,249,305,235,291,56,0,0,0,0,4.0
1560,train,3,243,307,231,295,64,0,0,0,0,3.5
1561,train,3,243,308,232,297,65,0,0,0,0,3.4461538461538463
1562,train,3,239,309,230,300,70,0,0,0,0,3.2
1563,test,3,298,358,232,292,60,0,0,0,0,3.7333333333333334
1564,test,3,299,355,235,291,56,0,0,0,0,4.0
1565,test,3,301,347,238,284,46,0,0,0,0,4.869565217391305
1566,train,3,222,265,220,263,43,0,0,0,0,5.209302325581396
1567,train,3,230,271,224,265,41,0,0,0,0,5.463414634146342
1568,test,3,228,276,218,266,48,0,0,0,0,4.666666666666667
1569,test,3,223,281,218,276,58,0,0,0,0,3.8620689655172415
1570,test,3,225,282,214,271,57,0,0,0,0,3.9298245614035086
1571,test,3,226,285,222,281,59,0,0,0,0,3.7966101694915255
1572,test,3,234,277,227,270,43,0,0,0,0,5.209302325581396
1573,train,3,224,268,215,259,44,0,0,0,0,5.090909090909091
1574,train,3,219,296,207,284,77,0,0,0,0,2.909090909090909
1575,train,3,214,305,204,295,91,0,0,0,0,2.4615384615384617
1576,train,3,213,308,201,296,95,0,0,0,0,2.357894736842105
1577,train,3,214,303,203,292,89,0,0,0,0,2.5168539325842696
1578,train,3,215,306,204,295,91,0,0,0,0,2.4615384615384617
1579,train,3,223,300,213,290,77,0,0,0,0,2.909090909090909
1580,train,3,214,307,203,296,93,0,0,0,0,2.4086021505376345
1581,val,3,279,335,222,278,56,0,0,0,0,4.0
1582,val,3,269,347,212,290,78,0,0,0,0,2.871794871794872
1583,val,3,249,356,193,300,107,0,0,0,0,2.0934579439252334
1584,val,3,248,347,211,310,99,0,0,0,0,2.2626262626262625
1585,val,3,245,352,199,306,107,0,0,0,0,2.0934579439252334
1586,val,3,239,353,199,313,114,0,0,0,0,1.9649122807017543
1587,val,3,244,379,184,319,135,0,0,0,0,1.6592592592592592
1588,val,3,249,386,187,324,137,0,0,0,0,1.635036496350365
1589,train,3,300,354,210,264,54,0,0,0,0,4.148148148148148
1590,train,3,293,357,204,268,64,0,0,0,0,3.5
1591,train,3,291,361,205,275,70,0,0,0,0,3.2
1592,train,3,290,348,211,269,58,0,0,0,0,3.8620689655172415
1593,train,3,288,355,211,278,67,0,0,0,0,3.343283582089552
1594,train,3,237,280,236,279,43,0,0,0,0,5.209302325581396
1595,train,3,241,271,243,273,30,0,0,0,0,7.466666666666667
1596,train,3,278,334,222,278,56,0,0,0,0,4.0
1597,train,3,274,338,221,285,64,0,0,0,0,3.5
1598,train,3,280,338,224,282,58,0,0,0,0,3.8620689655172415
1599,train,3,275,340,224,289,65,0,0,0,0,3.4461538461538463
1600,test,3,216,288,223,295,72,0,0,0,0,3.111111111111111
1601,test,3,213,292,219,298,79,0,0,0,0,2.8354430379746836
1602,test,3,212,291,218,297,79,0,0,0,0,2.8354430379746836
1603,test,3,215,287,223,295,72,0,0,0,0,3.111111111111111
1604,test,3,219,258,230,269,39,0,0,0,0,5.743589743589744
1605,val,3,221,267,244,290,46,0,0,0,0,4.869565217391305
1606,val,3,220,268,247,295,48,0,0,0,0,4.666666666666667
1607,val,3,220,267,241,288,47,0,0,0,0,4.76595744680851
1608,val,3,206,331,214,339,125,0,0,0,0,1.792
1609,train,3,255,319,216,280,64,0,0,0,0,3.5
1610,train,3,251,308,221,278,57,0,0,0,0,3.9298245614035086
1611,train,3,251,332,210,291,81,0,0,0,0,2.765432098765432
1612,train,3,244,331,207,294,87,0,0,0,0,2.574712643678161
1613,train,3,252,316,217,281,64,0,0,0,0,3.5
1614,train,3,254,332,209,287,78,0,0,0,0,2.871794871794872
1615,train,3,258,389,179,310,131,0,0,0,0,1.7099236641221374
1616,train,3,247,281,257,291,34,0,0,0,0,6.588235294117647
1617,train,3,236,292,241,297,56,0,0,0,0,4.0
1618,train,3,241,312,225,296,71,0,0,0,0,3.1549295774647885
1619,train,3,237,316,217,296,79,0,0,0,0,2.8354430379746836
1620,train,3,242,314,221,293,72,0,0,0,0,3.111111111111111
1621,val,3,234,301,227,294,67,0,0,0,0,3.343283582089552
1622,val,3,227,303,220,296,76,0,0,0,0,2.9473684210526314
1623,val,3,220,343,197,320,123,0,0,0,0,1.8211382113821137
1624,val,3,215,358,178,321,143,0,0,0,0,1.5664335664335665
1625,val,3,221,359,177,315,138,0,0,0,0,1.6231884057971016
1626,val,3,224,361,179,316,137,0,0,0,0,1.635036496350365
1627,val,3,230,354,177,301,124,0,0,0,0,1.8064516129032258
1628,train,3,241,297,216,272,56,0,0,0,0,4.0
1629,train,3,231,312,202,283,81,0,0,0,0,2.765432098765432
1630,train,3,229,318,199,288,89,0,0,0,0,2.5168539325842696
1631,train,3,228,322,197,291,94,0,0,0,0,2.382978723404255
1632,train,3,225,367,173,315,142,0,0,0,0,1.5774647887323943
1633,train,3,231,372,172,313,141,0,0,0,0,1.5886524822695036
1634,train,3,268,308,233,273,40,0,0,0,0,5.6
1635,train,3,265,356,207,298,91,0,0,0,0,2.4615384615384617
1636,train,3,263,362,205,304,99,0,0,0,0,2.2626262626262625
1637,train,3,259,370,201,312,111,0,0,0,0,2.018018018018018
1638,train,3,263,368,203,308,105,0,0,0,0,2.1333333333333333
1639,train,3,269,368,207,306,99,0,0,0,0,2.2626262626262625
1640,train,3,253,310,153,210,57,0,0,0,0,3.9298245614035086
1641,train,3,244,309,148,213,65,0,0,0,0,3.4461538461538463
1642,train,3,237,314,144,221,77,0,0,0,0,2.909090909090909
1643,train,3,240,318,145,223,78,0,0,0,0,2.871794871794872
1644,train,3,274,343,175,244,69,0,0,0,0,3.246376811594203
1645,train,3,275,335,176,236,60,0,0,0,0,3.7333333333333334
1646,train,3,266,334,170,238,68,0,0,0,0,3.2941176470588234
1647,train,3,264,332,168,236,68,0,0,0,0,3.2941176470588234
1648,train,3,266,336,169,239,70,0,0,0,0,3.2
1649,train,3,267,331,173,237,64,0,0,0,0,3.5
1650,train,3,264,328,171,235,64,0,0,0,0,3.5
1651,train,3,280,314,191,225,34,0,0,0,0,6.588235294117647
1652,train,3,277,310,194,227,33,0,0,0,0,6.787878787878788
1653,train,3,275,311,192,228,36,0,0,0,0,6.222222222222222
1654,train,3,281,315,193,227,34,0,0,0,0,6.588235294117647
1655,train,3,254,294,174,214,40,0,0,0,0,5.6
1656,train,3,252,295,173,216,43,0,0,0,0,5.209302325581396
1657,train,3,255,291,176,212,36,0,0,0,0,6.222222222222222
1658,train,3,254,300,173,219,46,0,0,0,0,4.869565217391305
1659,train,3,301,345,207,251,44,0,0,0,0,5.090909090909091
1660,train,3,296,335,207,246,39,0,0,0,0,5.743589743589744
1661,train,3,300,340,207,247,40,0,0,0,0,5.6
1662,train,3,299,333,208,242,34,0,0,0,0,6.588235294117647
1663,train,3,296,338,207,249,42,0,0,0,0,5.333333333333333
1664,train,3,295,337,207,249,42,0,0,0,0,5.333333333333333
1665,train,3,233,288,217,272,55,0,0,0,0,4.072727272727272
1666,train,3,228,280,212,264,52,0,0,0,0,4.3076923076923075
1667,train,3,228,282,209,263,54,0,0,0,0,4.148148148148148
1668,train,3,228,286,206,264,58,0,0,0,0,3.8620689655172415
1669,train,3,232,283,208,259,51,0,0,0,0,4.392156862745098
1670,train,3,227,284,203,260,57,0,0,0,0,3.9298245614035086
1671,train,3,232,288,203,259,56,0,0,0,0,4.0
1672,train,3,297,331,197,231,34,0,0,0,0,6.588235294117647
1673,train,3,273,328,169,224,55,0,0,0,0,4.072727272727272
1674,train,3,278,326,171,219,48,0,0,0,0,4.666666666666667
1675,train,3,273,325,175,227,52,0,0,0,0,4.3076923076923075
1676,train,3,275,317,180,222,42,0,0,0,0,5.333333333333333
1677,train,3,229,276,209,256,47,0,0,0,0,4.76595744680851
1678,train,3,201,277,193,269,76,0,0,0,0,2.9473684210526314
1679,train,3,197,278,193,274,81,0,0,0,0,2.765432098765432
1680,train,3,194,284,184,274,90,0,0,0,0,2.488888888888889
1681,train,3,198,291,178,271,93,0,0,0,0,2.4086021505376345
1682,train,3,222,297,187,262,75,0,0,0,0,2.986666666666667
1683,train,3,231,296,201,266,65,0,0,0,0,3.4461538461538463
1684,train,3,256,313,171,228,57,0,0,0,0,3.9298245614035086
1685,train,3,220,312,151,243,92,0,0,0,0,2.4347826086956523
1686,train,3,213,315,147,249,102,0,0,0,0,2.196078431372549
1687,train,3,219,319,147,247,100,0,0,0,0,2.24
1688,train,3,225,320,152,247,95,0,0,0,0,2.357894736842105
1689,train,3,226,307,157,238,81,0,0,0,0,2.765432098765432
1690,train,3,253,305,176,228,52,0,0,0,0,4.3076923076923075
1691,train,3,253,310,177,234,57,0,0,0,0,3.9298245614035086
1692,train,3,288,333,183,228,45,0,0,0,0,4.977777777777778
1693,train,3,265,334,171,240,69,0,0,0,0,3.246376811594203
1694,train,3,262,344,164,246,82,0,0,0,0,2.731707317073171
1695,train,3,261,351,162,252,90,0,0,0,0,2.488888888888889
1696,train,3,278,355,171,248,77,0,0,0,0,2.909090909090909
1697,train,3,284,337,182,235,53,0,0,0,0,4.226415094339623
1698,train,3,278,335,186,243,57,0,0,0,0,3.9298245614035086
1699,train,3,275,339,186,250,64,0,0,0,0,3.5
1700,train,3,247,301,192,246,54,0,0,0,0,4.148148148148148
1701,train,3,240,298,189,247,58,0,0,0,0,3.8620689655172415
1702,train,3,241,298,191,248,57,0,0,0,0,3.9298245614035086
1703,train,3,241,297,190,246,56,0,0,0,0,4.0
1704,val,3,274,338,184,248,64,0,0,0,0,3.5
1705,val,3,270,341,176,247,71,0,0,0,0,3.1549295774647885
1706,val,3,266,338,180,252,72,0,0,0,0,3.111111111111111
1707,val,3,265,336,180,251,71,0,0,0,0,3.1549295774647885
1708,val,3,271,334,186,249,63,0,0,0,0,3.5555555555555554
1709,test,3,226,325,162,261,99,0,0,0,0,2.2626262626262625
1710,test,3,221,337,153,269,116,0,0,0,0,1.9310344827586208
1711,test,3,221,340,152,271,119,0,0,0,0,1.8823529411764706
1712,test,3,223,335,152,264,112,0,0,0,0,2.0
1713,test,3,247,319,172,244,72,0,0,0,0,3.111111111111111
1714,test,3,239,299,187,247,60,0,0,0,0,3.7333333333333334
1715,test,3,239,308,171,240,69,0,0,0,0,3.246376811594203
1716,test,3,233,304,166,237,71,0,0,0,0,3.1549295774647885
1717,test,3,214,295,164,245,81,0,0,0,0,2.765432098765432
1718,test,3,206,289,172,255,83,0,0,0,0,2.6987951807228914
1719,test,3,201,282,175,256,81,0,0,0,0,2.765432098765432
1720,test,3,243,284,184,225,41,0,0,0,0,5.463414634146342
1721,train,3,290,326,201,237,36,0,0,0,0,6.222222222222222
1722,train,3,278,329,192,243,51,0,0,0,0,4.392156862745098
1723,train,3,273,328,191,246,55,0,0,0,0,4.072727272727272
1724,train,3,271,325,191,245,54,0,0,0,0,4.148148148148148
1725,train,3,224,332,159,267,108,0,0,0,0,2.074074074074074
1726,train,3,209,360,132,283,151,0,0,0,0,1.4834437086092715
1727,train,3,200,371,118,289,171,0,0,0,0,1.3099415204678362
1728,train,3,200,376,117,293,176,0,0,0,0,1.2727272727272727
1729,train,3,194,374,116,296,180,0,0,0,0,1.2444444444444445
1730,train,3,193,371,120,298,178,0,0,0,0,1.2584269662921348
1731,train,3,199,365,119,285,166,0,0,0,0,1.3493975903614457
1732,train,3,208,304,159,255,96,0,0,0,0,2.3333333333333335
1733,train,3,216,294,171,249,78,0,0,0,0,2.871794871794872
1734,val,3,211,299,146,234,88,0,0,0,0,2.5454545454545454
1735,val,3,208,309,138,239,101,0,0,0,0,2.217821782178218
1736,val,3,210,311,141,242,101,0,0,0,0,2.217821782178218
1737,val,3,208,309,141,242,101,0,0,0,0,2.217821782178218
1738,val,3,216,316,139,239,100,0,0,0,0,2.24
1739,val,3,225,301,155,231,76,0,0,0,0,2.9473684210526314
1740,val,3,231,299,159,227,68,0,0,0,0,3.2941176470588234
1741,train,3,265,308,203,246,43,0,0,0,0,5.209302325581396
1742,train,3,260,305,202,247,45,0,0,0,0,4.977777777777778
1743,train,3,261,308,200,247,47,0,0,0,0,4.76595744680851
1744,train,3,259,310,200,251,51,0,0,0,0,4.392156862745098
1745,train,3,254,309,195,250,55,0,0,0,0,4.072727272727272
1746,train,3,254,311,194,251,57,0,0,0,0,3.9298245614035086
1747,train,3,253,304,193,244,51,0,0,0,0,4.392156862745098
1748,train,3,251,291,178,218,40,0,0,0,0,5.6
1749,train,3,249,293,172,216,44,0,0,0,0,5.090909090909091
1750,train,3,246,290,173,217,44,0,0,0,0,5.090909090909091
1751,train,3,246,290,173,217,44,0,0,0,0,5.090909090909091
1752,train,3,243,290,174,221,47,0,0,0,0,4.76595744680851
1753,train,3,248,288,181,221,40,0,0,0,0,5.6
1754,test,3,314,348,189,223,34,0,0,0,0,6.588235294117647
1755,test,3,315,349,186,220,34,0,0,0,0,6.588235294117647
1756,test,3,313,345,185,217,32,0,0,0,0,7.0
1757,test,3,313,354,184,225,41,0,0,0,0,5.463414634146342
1758,test,3,315,356,184,225,41,0,0,0,0,5.463414634146342
1759,train,3,234,278,193,237,44,0,0,0,0,5.090909090909091
1760,train,3,233,279,191,237,46,0,0,0,0,4.869565217391305
1761,test,3,234,279,184,229,45,0,0,0,0,4.977777777777778
1762,test,3,234,280,183,229,46,0,0,0,0,4.869565217391305
1763,test,3,236,275,185,224,39,0,0,0,0,5.743589743589744
1764,test,3,238,277,191,230,39,0,0,0,0,5.743589743589744
1765,test,3,239,270,193,224,31,0,0,0,0,7.225806451612903
1766,train,3,234,310,158,234,76,0,0,0,0,2.9473684210526314
1767,train,3,228,307,157,236,79,0,0,0,0,2.8354430379746836
1768,train,3,224,304,157,237,80,0,0,0,0,2.8
1769,train,3,219,306,154,241,87,0,0,0,0,2.574712643678161
1770,train,3,216,298,155,237,82,0,0,0,0,2.731707317073171
1771,train,3,215,283,159,227,68,0,0,0,0,3.2941176470588234
1772,train,3,222,276,164,218,54,0,0,0,0,4.148148148148148
1773,val,3,274,370,168,264,96,0,0,0,0,2.3333333333333335
1774,val,3,276,354,183,261,78,0,0,0,0,2.871794871794872
1775,val,3,268,363,171,266,95,0,0,0,0,2.357894736842105
1776,val,3,257,365,163,271,108,0,0,0,0,2.074074074074074
1777,val,3,259,370,162,273,111,0,0,0,0,2.018018018018018
1778,val,3,265,364,160,259,99,0,0,0,0,2.2626262626262625
1779,val,3,264,355,173,264,91,0,0,0,0,2.4615384615384617
1780,val,3,293,349,191,247,56,0,0,0,0,4.0
1781,train,3,290,335,194,239,45,0,0,0,0,4.977777777777778
1782,train,3,295,362,174,241,67,0,0,0,0,3.343283582089552
1783,train,3,289,368,170,249,79,0,0,0,0,2.8354430379746836
1784,train,3,294,361,177,244,67,0,0,0,0,3.343283582089552
1785,train,3,313,358,189,234,45,0,0,0,0,4.977777777777778
1786,train,3,237,279,222,264,42,0,0,0,0,5.333333333333333
1787,train,3,235,278,221,264,43,0,0,0,0,5.209302325581396
1788,train,3,237,276,226,265,39,0,0,0,0,5.743589743589744
1789,train,3,301,341,188,228,40,0,0,0,0,5.6
1790,train,3,301,335,188,222,34,0,0,0,0,6.588235294117647
1791,train,3,301,337,188,224,36,0,0,0,0,6.222222222222222
1792,train,3,298,326,190,218,28,0,0,0,0,8.0
1793,train,3,302,338,188,224,36,0,0,0,0,6.222222222222222
1794,train,3,297,344,185,232,47,0,0,0,0,4.76595744680851
1795,test,3,232,303,177,248,71,0,0,0,0,3.1549295774647885
1796,test,3,231,310,175,254,79,0,0,0,0,2.8354430379746836
1797,test,3,232,311,173,252,79,0,0,0,0,2.8354430379746836
1798,test,3,237,307,179,249,70,0,0,0,0,3.2
1799,test,3,239,311,177,249,72,0,0,0,0,3.111111111111111
1800,test,3,259,313,189,243,54,0,0,0,0,4.148148148148148
1801,val,3,241,285,235,279,44,0,0,0,0,5.090909090909091
1802,val,3,245,287,235,277,42,0,0,0,0,5.333333333333333
1803,val,3,246,288,235,277,42,0,0,0,0,5.333333333333333
1804,val,3,249,283,238,272,34,0,0,0,0,6.588235294117647
1805,val,3,249,288,233,272,39,0,0,0,0,5.743589743589744
1806,train,3,293,346,200,253,53,0,0,0,0,4.226415094339623
1807,train,3,290,357,184,251,67,0,0,0,0,3.343283582089552
1808,train,3,290,345,191,246,55,0,0,0,0,4.072727272727272
1809,train,3,282,348,185,251,66,0,0,0,0,3.393939393939394
1810,train,3,286,345,187,246,59,0,0,0,0,3.7966101694915255
1811,train,3,288,346,187,245,58,0,0,0,0,3.8620689655172415
1812,train,3,291,354,185,248,63,0,0,0,0,3.5555555555555554
1813,train,3,301,348,179,226,47,0,0,0,0,4.76595744680851
1814,train,3,300,346,173,219,46,0,0,0,0,4.869565217391305
1815,train,3,277,344,161,228,67,0,0,0,0,3.343283582089552
1816,train,3,275,343,157,225,68,0,0,0,0,3.2941176470588234
1817,train,3,273,342,155,224,69,0,0,0,0,3.246376811594203
1818,train,3,274,339,160,225,65,0,0,0,0,3.4461538461538463
1819,val,3,286,369,194,277,83,0,0,0,0,2.6987951807228914
1820,val,3,286,364,191,269,78,0,0,0,0,2.871794871794872
1821,val,3,259,305,189,235,46,0,0,0,0,4.869565217391305
1822,val,3,288,355,188,255,67,0,0,0,0,3.343283582089552
1823,val,3,254,362,162,270,108,0,0,0,0,2.074074074074074
1824,val,3,241,366,153,278,125,0,0,0,0,1.792
1825,val,3,235,371,146,282,136,0,0,0,0,1.6470588235294117
1826,val,3,234,373,143,282,139,0,0,0,0,1.6115107913669064
1827,val,3,235,373,142,280,138,0,0,0,0,1.6231884057971016
1828,val,3,239,367,149,277,128,0,0,0,0,1.75
1829,val,3,246,357,155,266,111,0,0,0,0,2.018018018018018
1830,train,3,240,317,175,252,77,0,0,0,0,2.909090909090909
1831,train,3,232,326,167,261,94,0,0,0,0,2.382978723404255
1832,train,3,229,324,167,262,95,0,0,0,0,2.357894736842105
1833,train,3,230,325,167,262,95,0,0,0,0,2.357894736842105
1834,train,3,235,318,170,253,83,0,0,0,0,2.6987951807228914
1835,train,3,272,351,164,243,79,0,0,0,0,2.8354430379746836
1836,train,3,268,355,160,247,87,0,0,0,0,2.574712643678161
1837,train,3,262,364,151,253,102,0,0,0,0,2.196078431372549
1838,train,3,265,361,157,253,96,0,0,0,0,2.3333333333333335
1839,train,3,270,353,162,245,83,0,0,0,0,2.6987951807228914
1840,train,3,286,330,184,228,44,0,0,0,0,5.090909090909091
1841,val,2,163,227,279,343,64,0,0,0,0,3.5
1842,val,2,81,175,271,365,94,0,0,0,0,2.382978723404255
1843,val,2,206,275,115,184,69,0,0,0,0,3.246376811594203
1844,val,2,198,275,113,190,77,0,0,0,0,2.909090909090909
1845,val,2,199,279,113,193,80,0,0,0,0,2.8
1846,val,2,197,274,118,195,77,0,0,0,0,2.909090909090909
1847,val,2,184,268,120,204,84,0,0,0,0,2.6666666666666665
1848,val,2,193,297,106,210,104,0,0,0,0,2.1538461538461537
1849,train,2,278,367,116,205,89,0,0,0,0,2.5168539325842696
1850,train,2,280,373,114,207,93,0,0,0,0,2.4086021505376345
1851,train,2,273,369,116,212,96,0,0,0,0,2.3333333333333335
1852,train,2,300,342,152,194,42,0,0,0,0,5.333333333333333
1853,train,2,178,292,107,221,114,0,0,0,0,1.9649122807017543
1854,train,2,166,286,267,387,120,0,0,0,0,1.8666666666666667
1855,train,2,152,336,233,417,184,0,0,0,0,1.2173913043478262
1856,train,2,123,285,235,397,162,0,0,0,0,1.382716049382716
1857,train,2,125,285,239,399,160,0,0,0,0,1.4
1858,train,2,126,310,230,414,184,0,0,0,0,1.2173913043478262
1859,train,2,130,304,233,407,174,0,0,0,0,1.2873563218390804
1860,train,2,138,301,223,386,163,0,0,0,0,1.3742331288343559
1861,train,2,158,301,234,377,143,0,0,0,0,1.5664335664335665
1862,train,2,195,231,173,209,36,0,0,0,0,6.222222222222222
1863,train,2,167,275,164,272,108,0,0,0,0,2.074074074074074
1864,train,2,144,311,139,306,167,0,0,0,0,1.341317365269461
1865,train,2,139,322,134,317,183,0,0,0,0,1.2240437158469946
1866,train,2,141,341,120,320,200,0,0,0,0,1.12
1867,train,2,229,320,164,255,91,0,0,0,0,2.4615384615384617
1868,train,2,235,317,169,251,82,0,0,0,0,2.731707317073171
1869,train,2,235,304,183,252,69,0,0,0,0,3.246376811594203
1870,train,2,147,249,229,331,102,0,0,0,0,2.196078431372549
1871,train,2,132,257,228,353,125,0,0,0,0,1.792
1872,train,2,123,263,225,365,140,0,0,0,0,1.6
1873,train,2,109,268,221,380,159,0,0,0,0,1.4088050314465408
1874,train,2,106,270,224,388,164,0,0,0,0,1.3658536585365855
1875,train,2,114,270,226,382,156,0,0,0,0,1.435897435897436
1876,train,2,119,266,232,379,147,0,0,0,0,1.5238095238095237
1877,train,2,114,262,236,384,148,0,0,0,0,1.5135135135135136
1878,train,2,157,252,249,344,95,0,0,0,0,2.357894736842105
1879,val,2,226,296,231,301,70,0,0,0,0,3.2
1880,val,2,237,284,252,299,47,0,0,0,0,4.76595744680851
1881,val,2,140,211,260,331,71,0,0,0,0,3.1549295774647885
1882,val,2,136,217,254,335,81,0,0,0,0,2.765432098765432
1883,val,2,131,218,256,343,87,0,0,0,0,2.574712643678161
1884,val,2,134,215,258,339,81,0,0,0,0,2.765432098765432
1885,train,2,205,249,259,303,44,0,0,0,0,5.090909090909091
1886,train,2,203,243,267,307,40,0,0,0,0,5.6
1887,train,2,184,255,258,329,71,0,0,0,0,3.1549295774647885
1888,train,2,180,256,259,335,76,0,0,0,0,2.9473684210526314
1889,train,2,102,264,234,396,162,0,0,0,0,1.382716049382716
1890,train,2,101,279,221,399,178,0,0,0,0,1.2584269662921348
1891,train,2,82,306,164,388,224,0,0,0,0,1.0
1892,train,2,118,295,193,370,177,0,0,0,0,1.265536723163842
1893,train,2,215,350,167,302,135,0,0,0,0,1.6592592592592592
1894,train,2,232,347,183,298,115,0,0,0,0,1.9478260869565218
1895,train,2,217,334,188,305,117,0,0,0,0,1.9145299145299146
1896,train,2,228,341,188,301,113,0,0,0,0,1.9823008849557522
1897,train,2,266,338,207,279,72,0,0,0,0,3.111111111111111
1898,train,2,264,330,219,285,66,0,0,0,0,3.393939393939394
1899,test,2,187,234,136,183,47,0,0,0,0,4.76595744680851
1900,test,2,151,259,126,234,108,0,0,0,0,2.074074074074074
1901,test,2,152,280,115,243,128,0,0,0,0,1.75
1902,test,2,135,299,101,265,164,0,0,0,0,1.3658536585365855
1903,test,2,134,307,98,271,173,0,0,0,0,1.2947976878612717
1904,test,2,157,311,109,263,154,0,0,0,0,1.4545454545454546
1905,test,2,157,313,109,265,156,0,0,0,0,1.435897435897436
1906,test,2,163,311,114,262,148,0,0,0,0,1.5135135135135136
1907,test,2,175,295,126,246,120,0,0,0,0,1.8666666666666667
1908,test,2,193,276,150,233,83,0,0,0,0,2.6987951807228914
1909,val,2,245,304,228,287,59,0,0,0,0,3.7966101694915255
1910,val,2,243,303,231,291,60,0,0,0,0,3.7333333333333334
1911,val,2,244,288,241,285,44,0,0,0,0,5.090909090909091
1912,val,2,206,333,282,409,127,0,0,0,0,1.763779527559055
1913,val,2,216,320,291,395,104,0,0,0,0,2.1538461538461537
1914,train,2,175,259,313,397,84,0,0,0,0,2.6666666666666665
1915,train,2,158,261,291,394,103,0,0,0,0,2.174757281553398
1916,train,2,124,277,243,396,153,0,0,0,0,1.4640522875816993
1917,train,2,134,263,248,377,129,0,0,0,0,1.7364341085271318
1918,train,2,137,296,252,411,159,0,0,0,0,1.4088050314465408
1919,train,2,137,299,251,413,162,0,0,0,0,1.382716049382716
1920,train,2,160,312,261,413,152,0,0,0,0,1.4736842105263157
1921,train,2,131,212,264,345,81,0,0,0,0,2.765432098765432
1922,train,2,123,222,271,370,99,0,0,0,0,2.2626262626262625
1923,train,2,202,387,280,465,185,0,0,0,0,1.2108108108108109
1924,train,2,207,337,311,441,130,0,0,0,0,1.7230769230769232
1925,train,2,215,326,323,434,111,0,0,0,0,2.018018018018018
1926,train,2,228,355,318,445,127,0,0,0,0,1.763779527559055
1927,train,2,244,345,333,434,101,0,0,0,0,2.217821782178218
1928,train,2,252,342,332,422,90,0,0,0,0,2.488888888888889
1929,train,2,152,252,274,374,100,0,0,0,0,2.24
1930,train,2,81,283,232,434,202,0,0,0,0,1.108910891089109
1931,train,2,147,227,317,397,80,0,0,0,0,2.8
1932,train,2,142,235,311,404,93,0,0,0,0,2.4086021505376345
1933,train,2,114,243,293,422,129,0,0,0,0,1.7364341085271318
1934,train,2,134,229,316,411,95,0,0,0,0,2.357894736842105
1935,train,2,219,387,294,462,168,0,0,0,0,1.3333333333333333
1936,train,2,224,403,278,457,179,0,0,0,0,1.2513966480446927
1937,val,2,47,254,240,447,207,0,0,0,0,1.0821256038647342
1938,val,2,72,293,227,448,221,0,0,0,0,1.0135746606334841
1939,val,2,107,267,248,408,160,0,0,0,0,1.4
1940,val,2,127,281,245,399,154,0,0,0,0,1.4545454545454546
1941,val,2,141,279,254,392,138,0,0,0,0,1.6231884057971016
1942,val,2,126,280,252,406,154,0,0,0,0,1.4545454545454546
1943,val,2,115,255,254,394,140,0,0,0,0,1.6
1944,val,2,108,247,268,407,139,0,0,0,0,1.6115107913669064
1945,train,2,171,315,95,239,144,0,0,0,0,1.5555555555555556
1946,train,2,157,287,98,228,130,0,0,0,0,1.7230769230769232
1947,train,2,192,295,114,217,103,0,0,0,0,2.174757281553398
1948,train,2,159,258,277,376,99,0,0,0,0,2.2626262626262625
1949,train,2,147,270,269,392,123,0,0,0,0,1.8211382113821137
1950,train,2,247,298,204,255,51,0,0,0,0,4.392156862745098
1951,train,2,234,306,195,267,72,0,0,0,0,3.111111111111111
1952,train,2,144,239,116,211,95,0,0,0,0,2.357894736842105
1953,train,2,140,239,118,217,99,0,0,0,0,2.2626262626262625
1954,train,2,157,227,136,206,70,0,0,0,0,3.2
1955,train,2,159,246,143,230,87,0,0,0,0,2.574712643678161
1956,train,2,227,310,191,274,83,0,0,0,0,2.6987951807228914
1957,train,2,203,303,178,278,100,0,0,0,0,2.24
1958,train,2,204,300,174,270,96,0,0,0,0,2.3333333333333335
1959,train,2,205,249,193,237,44,0,0,0,0,5.090909090909091
1960,train,2,93,194,122,223,101,0,0,0,0,2.217821782178218
1961,train,2,101,227,102,228,126,0,0,0,0,1.7777777777777777
1962,train,2,103,241,98,236,138,0,0,0,0,1.6231884057971016
1963,train,2,118,257,105,244,139,0,0,0,0,1.6115107913669064
1964,train,2,173,262,157,246,89,0,0,0,0,2.5168539325842696
1965,train,2,175,290,155,270,115,0,0,0,0,1.9478260869565218
1966,train,2,177,283,155,261,106,0,0,0,0,2.1132075471698113
1967,train,2,176,284,156,264,108,0,0,0,0,2.074074074074074
1968,train,2,186,298,155,267,112,0,0,0,0,2.0
1969,train,2,194,273,173,252,79,0,0,0,0,2.8354430379746836
1970,train,2,146,314,97,265,168,0,0,0,0,1.3333333333333333
1971,train,2,159,320,118,279,161,0,0,0,0,1.391304347826087
1972,train,2,192,306,121,235,114,0,0,0,0,1.9649122807017543
1973,train,2,207,314,130,237,107,0,0,0,0,2.0934579439252334
1974,train,2,290,343,257,310,53,0,0,0,0,4.226415094339623
1975,train,2,280,348,252,320,68,0,0,0,0,3.2941176470588234
1976,train,2,290,397,254,361,107,0,0,0,0,2.0934579439252334
1977,train,2,300,408,250,358,108,0,0,0,0,2.074074074074074
1978,train,2,264,403,213,352,139,0,0,0,0,1.6115107913669064
1979,train,2,273,384,226,337,111,0,0,0,0,2.018018018018018
1980,train,2,275,390,228,343,115,0,0,0,0,1.9478260869565218
1981,train,2,296,383,238,325,87,0,0,0,0,2.574712643678161
1982,train,2,252,382,205,335,130,0,0,0,0,1.7230769230769232
1983,train,2,277,368,223,314,91,0,0,0,0,2.4615384615384617
1984,train,2,176,219,196,239,43,0,0,0,0,5.209302325581396
1985,train,2,165,247,169,251,82,0,0,0,0,2.731707317073171
1986,train,2,146,242,172,268,96,0,0,0,0,2.3333333333333335
1987,train,2,173,240,274,341,67,0,0,0,0,3.343283582089552
1988,train,2,116,180,243,307,64,0,0,0,0,3.5
1989,train,2,88,187,256,355,99,0,0,0,0,2.2626262626262625
1990,train,2,73,226,229,382,153,0,0,0,0,1.4640522875816993
1991,train,2,82,217,250,385,135,0,0,0,0,1.6592592592592592
1992,train,2,82,206,261,385,124,0,0,0,0,1.8064516129032258
1993,train,2,78,213,255,390,135,0,0,0,0,1.6592592592592592
1994,train,2,84,203,274,393,119,0,0,0,0,1.8823529411764706
1995,train,2,108,192,295,379,84,0,0,0,0,2.6666666666666665
1996,train,2,79,184,272,377,105,0,0,0,0,2.1333333333333333
1997,train,2,87,182,265,360,95,0,0,0,0,2.357894736842105
1998,test,2,151,221,271,341,70,0,0,0,0,3.2
1999,test,2,136,238,257,359,102,0,0,0,0,2.196078431372549
2000,test,2,121,249,242,370,128,0,0,0,0,1.75
2001,test,2,110,253,231,374,143,0,0,0,0,1.5664335664335665
2002,test,2,133,252,250,369,119,0,0,0,0,1.8823529411764706
2003,test,2,132,249,249,366,117,0,0,0,0,1.9145299145299146
2004,test,2,151,242,265,356,91,0,0,0,0,2.4615384615384617
2005,test,2,104,185,149,230,81,0,0,0,0,2.765432098765432
2006,test,2,89,218,129,258,129,0,0,0,0,1.7364341085271318
2007,test,2,94,226,133,265,132,0,0,0,0,1.696969696969697
2008,test,2,88,231,126,269,143,0,0,0,0,1.5664335664335665
2009,test,2,98,234,133,269,136,0,0,0,0,1.6470588235294117
2010,test,2,107,236,136,265,129,0,0,0,0,1.7364341085271318
2011,test,2,120,238,146,264,118,0,0,0,0,1.8983050847457628
2012,test,2,114,209,273,368,95,0,0,0,0,2.357894736842105
2013,test,2,111,204,274,367,93,0,0,0,0,2.4086021505376345
2014,test,2,127,252,244,369,125,0,0,0,0,1.792
2015,test,2,134,239,251,356,105,0,0,0,0,2.1333333333333333
2016,test,2,152,300,230,378,148,0,0,0,0,1.5135135135135136
2017,val,2,272,377,204,309,105,0,0,0,0,2.1333333333333333
2018,val,2,211,244,285,318,33,0,0,0,0,6.787878787878788
2019,val,2,136,267,197,328,131,0,0,0,0,1.7099236641221374
2020,val,2,138,269,199,330,131,0,0,0,0,1.7099236641221374
2021,val,2,162,253,207,298,91,0,0,0,0,2.4615384615384617
2022,val,2,180,339,219,378,159,0,0,0,0,1.4088050314465408
2023,val,2,195,309,240,354,114,0,0,0,0,1.9649122807017543
2024,val,2,197,256,282,341,59,0,0,0,0,3.7966101694915255
2025,val,2,189,270,272,353,81,0,0,0,0,2.765432098765432
2026,val,2,192,284,267,359,92,0,0,0,0,2.4347826086956523
2027,val,2,207,298,277,368,91,0,0,0,0,2.4615384615384617
2028,val,2,233,309,294,370,76,0,0,0,0,2.9473684210526314
2029,val,2,148,232,215,299,84,0,0,0,0,2.6666666666666665
2030,val,2,141,261,196,316,120,0,0,0,0,1.8666666666666667
2031,val,2,140,264,196,320,124,0,0,0,0,1.8064516129032258
2032,train,2,114,190,259,335,76,0,0,0,0,2.9473684210526314
2033,train,2,99,206,248,355,107,0,0,0,0,2.0934579439252334
2034,train,2,101,214,245,358,113,0,0,0,0,1.9823008849557522
2035,train,2,102,217,247,362,115,0,0,0,0,1.9478260869565218
2036,train,2,116,212,252,348,96,0,0,0,0,2.3333333333333335
2037,train,2,127,211,261,345,84,0,0,0,0,2.6666666666666665
2038,train,2,151,241,259,349,90,0,0,0,0,2.488888888888889
2039,train,2,148,248,251,351,100,0,0,0,0,2.24
2040,train,2,118,259,248,389,141,0,0,0,0,1.5886524822695036
2041,train,2,120,262,242,384,142,0,0,0,0,1.5774647887323943
2042,train,2,139,266,246,373,127,0,0,0,0,1.763779527559055
2043,train,2,161,257,251,347,96,0,0,0,0,2.3333333333333335
2044,train,2,152,272,203,323,120,0,0,0,0,1.8666666666666667
2045,test,2,96,219,218,341,123,0,0,0,0,1.8211382113821137
2046,test,2,82,205,236,359,123,0,0,0,0,1.8211382113821137
2047,test,2,90,232,213,355,142,0,0,0,0,1.5774647887323943
2048,test,2,99,236,241,378,137,0,0,0,0,1.635036496350365
2049,test,2,114,219,250,355,105,0,0,0,0,2.1333333333333333
2050,test,2,128,216,254,342,88,0,0,0,0,2.5454545454545454
2051,train,2,167,343,165,341,176,0,0,0,0,1.2727272727272727
2052,train,2,173,320,178,325,147,0,0,0,0,1.5238095238095237
2053,train,2,176,365,163,352,189,0,0,0,0,1.1851851851851851
2054,train,2,153,350,160,357,197,0,0,0,0,1.1370558375634519
2055,train,2,162,250,212,300,88,0,0,0,0,2.5454545454545454
2056,train,2,88,264,189,365,176,0,0,0,0,1.2727272727272727
2057,train,2,64,248,185,369,184,0,0,0,0,1.2173913043478262
2058,train,2,199,226,220,247,27,0,0,0,0,8.296296296296296
2059,train,2,165,225,185,245,60,0,0,0,0,3.7333333333333334
2060,train,2,187,253,202,268,66,0,0,0,0,3.393939393939394
2061,train,2,260,328,222,290,68,0,0,0,0,3.2941176470588234
2062,train,2,253,333,215,295,80,0,0,0,0,2.8
2063,train,2,244,340,198,294,96,0,0,0,0,2.3333333333333335
2064,train,2,245,339,209,303,94,0,0,0,0,2.382978723404255
2065,val,2,193,265,274,346,72,0,0,0,0,3.111111111111111
2066,val,2,187,271,267,351,84,0,0,0,0,2.6666666666666665
2067,val,2,251,352,258,359,101,0,0,0,0,2.217821782178218
2068,val,2,258,333,267,342,75,0,0,0,0,2.986666666666667
2069,val,2,184,286,262,364,102,0,0,0,0,2.196078431372549
2070,val,2,195,303,267,375,108,0,0,0,0,2.074074074074074
2071,val,2,214,316,273,375,102,0,0,0,0,2.196078431372549
2072,val,2,238,345,278,385,107,0,0,0,0,2.0934579439252334
2073,val,2,89,242,172,325,153,0,0,0,0,1.4640522875816993
2074,val,2,90,280,146,336,190,0,0,0,0,1.1789473684210525
2075,val,2,87,299,145,357,212,0,0,0,0,1.0566037735849056
2076,val,2,101,299,148,346,198,0,0,0,0,1.1313131313131313
2077,train,2,162,275,286,399,113,0,0,0,0,1.9823008849557522
2078,train,2,166,286,281,401,120,0,0,0,0,1.8666666666666667
2079,train,2,89,183,278,372,94,0,0,0,0,2.382978723404255
2080,train,2,318,350,224,256,32,0,0,0,0,7.0
2081,train,2,307,351,221,265,44,0,0,0,0,5.090909090909091
2082,train,2,298,366,212,280,68,0,0,0,0,3.2941176470588234
2083,val,2,196,261,160,225,65,0,0,0,0,3.4461538461538463
2084,val,2,57,224,114,281,167,0,0,0,0,1.341317365269461
2085,val,2,40,155,143,258,115,0,0,0,0,1.9478260869565218
2086,val,2,50,131,168,249,81,0,0,0,0,2.765432098765432
2087,train,2,150,292,271,413,142,0,0,0,0,1.5774647887323943
2088,train,2,162,312,267,417,150,0,0,0,0,1.4933333333333334
2089,train,2,108,329,231,452,221,0,0,0,0,1.0135746606334841
2090,train,2,92,307,228,443,215,0,0,0,0,1.041860465116279
2091,train,2,82,308,221,447,226,0,0,0,0,0.9911504424778761
2092,train,2,184,321,285,422,137,0,0,0,0,1.635036496350365
2093,train,2,203,283,277,357,80,0,0,0,0,2.8
2094,train,2,235,349,206,320,114,0,0,0,0,1.9649122807017543
2095,train,2,233,357,214,338,124,0,0,0,0,1.8064516129032258
2096,train,2,246,346,219,319,100,0,0,0,0,2.24
2097,train,2,276,304,190,218,28,0,0,0,0,8.0
2098,train,2,179,268,122,211,89,0,0,0,0,2.5168539325842696
2099,train,2,225,257,168,200,32,0,0,0,0,7.0
2100,train,2,193,232,297,336,39,0,0,0,0,5.743589743589744
2101,train,2,185,245,283,343,60,0,0,0,0,3.7333333333333334
2102,train,2,181,229,289,337,48,0,0,0,0,4.666666666666667
2103,train,2,199,226,301,328,27,0,0,0,0,8.296296296296296
2104,train,2,182,285,130,233,103,0,0,0,0,2.174757281553398
2105,train,2,183,301,123,241,118,0,0,0,0,1.8983050847457628
2106,train,2,181,312,113,244,131,0,0,0,0,1.7099236641221374
2107,train,2,191,330,102,241,139,0,0,0,0,1.6115107913669064
2108,train,2,191,323,96,228,132,0,0,0,0,1.696969696969697
2109,test,2,200,251,183,234,51,0,0,0,0,4.392156862745098
2110,test,2,192,263,171,242,71,0,0,0,0,3.1549295774647885
2111,test,2,194,260,185,251,66,0,0,0,0,3.393939393939394
2112,train,2,214,279,156,221,65,0,0,0,0,3.4461538461538463
2113,train,2,184,280,157,253,96,0,0,0,0,2.3333333333333335
2114,train,2,176,277,151,252,101,0,0,0,0,2.217821782178218
2115,train,2,174,280,146,252,106,0,0,0,0,2.1132075471698113
2116,train,2,183,282,148,247,99,0,0,0,0,2.2626262626262625
2117,train,2,185,281,156,252,96,0,0,0,0,2.3333333333333335
2118,train,2,208,262,174,228,54,0,0,0,0,4.148148148148148
2119,train,2,253,306,159,212,53,0,0,0,0,4.226415094339623
2120,train,2,267,342,153,228,75,0,0,0,0,2.986666666666667
2121,train,2,352,382,152,182,30,0,0,0,0,7.466666666666667
2122,train,2,285,432,115,262,147,0,0,0,0,1.5238095238095237
2123,train,2,257,408,105,256,151,0,0,0,0,1.4834437086092715
2124,train,2,256,409,106,259,153,0,0,0,0,1.4640522875816993
2125,train,2,265,396,110,241,131,0,0,0,0,1.7099236641221374
2126,train,2,261,409,113,261,148,0,0,0,0,1.5135135135135136
2127,train,2,251,393,120,262,142,0,0,0,0,1.5774647887323943
2128,train,2,189,277,299,387,88,0,0,0,0,2.5454545454545454
2129,train,2,177,319,274,416,142,0,0,0,0,1.5774647887323943
2130,train,2,169,332,271,434,163,0,0,0,0,1.3742331288343559
2131,train,2,167,338,265,436,171,0,0,0,0,1.3099415204678362
2132,train,2,167,439,182,454,272,0,0,0,0,0.8235294117647058
2133,train,2,202,398,248,444,196,0,0,0,0,1.1428571428571428
2134,val,2,136,261,138,263,125,0,0,0,0,1.792
2135,val,2,93,259,119,285,166,0,0,0,0,1.3493975903614457
2136,val,2,140,254,168,282,114,0,0,0,0,1.9649122807017543
2137,val,2,135,263,155,283,128,0,0,0,0,1.75
2138,val,2,119,255,167,303,136,0,0,0,0,1.6470588235294117
2139,val,2,136,255,157,276,119,0,0,0,0,1.8823529411764706
2140,val,2,132,255,151,274,123,0,0,0,0,1.8211382113821137
2141,train,2,192,235,222,265,43,0,0,0,0,5.209302325581396
2142,train,2,189,242,219,272,53,0,0,0,0,4.226415094339623
2143,train,2,129,254,189,314,125,0,0,0,0,1.792
2144,train,2,298,354,322,378,56,0,0,0,0,4.0
2145,train,2,299,358,330,389,59,0,0,0,0,3.7966101694915255
2146,train,2,286,321,244,279,35,0,0,0,0,6.4
2147,train,2,219,332,212,325,113,0,0,0,0,1.9823008849557522
2148,train,2,258,318,252,312,60,0,0,0,0,3.7333333333333334
2149,train,2,260,312,251,303,52,0,0,0,0,4.3076923076923075
2150,train,2,286,326,287,327,40,0,0,0,0,5.6
2151,train,2,225,280,286,341,55,0,0,0,0,4.072727272727272
2152,train,2,269,321,172,224,52,0,0,0,0,4.3076923076923075
2153,train,2,201,253,170,222,52,0,0,0,0,4.3076923076923075
2154,train,2,197,263,157,223,66,0,0,0,0,3.393939393939394
2155,train,2,319,403,130,214,84,0,0,0,0,2.6666666666666665
2156,train,2,183,321,135,273,138,0,0,0,0,1.6231884057971016
2157,train,2,211,313,157,259,102,0,0,0,0,2.196078431372549
2158,train,2,203,267,153,217,64,0,0,0,0,3.5
2159,train,2,217,286,145,214,69,0,0,0,0,3.246376811594203
2160,train,2,226,310,127,211,84,0,0,0,0,2.6666666666666665
2161,train,2,239,381,99,241,142,0,0,0,0,1.5774647887323943
2162,train,2,236,456,69,289,220,0,0,0,0,1.018181818181818
2163,train,2,242,461,69,288,219,0,0,0,0,1.0228310502283104
2164,train,2,224,456,72,304,232,0,0,0,0,0.9655172413793104
2165,train,2,216,440,79,303,224,0,0,0,0,1.0
2166,train,2,274,385,318,429,111,0,0,0,0,2.018018018018018
2167,train,2,290,414,275,399,124,0,0,0,0,1.8064516129032258
2168,train,2,286,328,336,378,42,0,0,0,0,5.333333333333333
2169,train,2,286,365,315,394,79,0,0,0,0,2.8354430379746836
2170,train,2,284,344,314,374,60,0,0,0,0,3.7333333333333334
2171,train,2,266,380,252,366,114,0,0,0,0,1.9649122807017543
2172,train,2,283,384,281,382,101,0,0,0,0,2.217821782178218
2173,train,2,285,409,272,396,124,0,0,0,0,1.8064516129032258
2174,test,2,234,346,191,303,112,0,0,0,0,2.0
2175,test,2,265,366,198,299,101,0,0,0,0,2.217821782178218
2176,test,2,265,364,197,296,99,0,0,0,0,2.2626262626262625
2177,test,2,258,362,194,298,104,0,0,0,0,2.1538461538461537
2178,test,2,236,412,183,359,176,0,0,0,0,1.2727272727272727
2179,train,2,285,399,186,300,114,0,0,0,0,1.9649122807017543
2180,train,2,284,421,172,309,137,0,0,0,0,1.635036496350365
2181,train,2,287,382,188,283,95,0,0,0,0,2.357894736842105
2182,train,2,276,380,182,286,104,0,0,0,0,2.1538461538461537
2183,train,2,245,429,158,342,184,0,0,0,0,1.2173913043478262
2184,train,2,265,426,168,329,161,0,0,0,0,1.391304347826087
2185,train,2,274,367,267,360,93,0,0,0,0,2.4086021505376345
2186,train,2,235,304,316,385,69,0,0,0,0,3.246376811594203
2187,train,2,225,327,289,391,102,0,0,0,0,2.196078431372549
2188,train,2,224,337,282,395,113,0,0,0,0,1.9823008849557522
2189,train,2,216,342,267,393,126,0,0,0,0,1.7777777777777777
2190,train,2,212,398,230,416,186,0,0,0,0,1.2043010752688172
2191,train,2,219,383,247,411,164,0,0,0,0,1.3658536585365855
2192,train,2,229,391,242,404,162,0,0,0,0,1.382716049382716
2193,train,2,254,378,264,388,124,0,0,0,0,1.8064516129032258
2194,train,2,256,364,268,376,108,0,0,0,0,2.074074074074074
2195,train,2,250,325,289,364,75,0,0,0,0,2.986666666666667
2196,test,2,259,323,237,301,64,0,0,0,0,3.5
2197,test,2,240,321,226,307,81,0,0,0,0,2.765432098765432
2198,test,2,194,332,222,360,138,0,0,0,0,1.6231884057971016
2199,test,2,210,337,225,352,127,0,0,0,0,1.763779527559055
2200,test,2,204,331,222,349,127,0,0,0,0,1.763779527559055
2201,test,2,218,333,222,337,115,0,0,0,0,1.9478260869565218
2202,test,2,173,317,202,346,144,0,0,0,0,1.5555555555555556
2203,test,2,175,313,199,337,138,0,0,0,0,1.6231884057971016
2204,test,2,198,300,225,327,102,0,0,0,0,2.196078431372549
2205,test,2,200,288,240,328,88,0,0,0,0,2.5454545454545454
2206,test,2,210,258,279,327,48,0,0,0,0,4.666666666666667
2207,test,2,199,270,267,338,71,0,0,0,0,3.1549295774647885
2208,test,2,187,336,205,354,149,0,0,0,0,1.5033557046979866
2209,test,2,211,323,238,350,112,0,0,0,0,2.0
2210,test,2,181,340,206,365,159,0,0,0,0,1.4088050314465408
2211,test,2,178,317,211,350,139,0,0,0,0,1.6115107913669064
2212,test,2,179,308,206,335,129,0,0,0,0,1.7364341085271318
2213,test,2,184,320,202,338,136,0,0,0,0,1.6470588235294117
2214,test,2,202,306,228,332,104,0,0,0,0,2.1538461538461537
2215,test,2,203,273,248,318,70,0,0,0,0,3.2
2216,train,2,254,361,149,256,107,0,0,0,0,2.0934579439252334
2217,train,2,254,374,144,264,120,0,0,0,0,1.8666666666666667
2218,train,2,265,367,156,258,102,0,0,0,0,2.196078431372549
2219,train,2,260,420,112,272,160,0,0,0,0,1.4
2220,train,2,261,417,115,271,156,0,0,0,0,1.435897435897436
2221,train,2,253,417,92,256,164,0,0,0,0,1.3658536585365855
2222,train,2,271,387,129,245,116,0,0,0,0,1.9310344827586208
2223,train,2,248,390,128,270,142,0,0,0,0,1.5774647887323943
2224,train,2,230,296,313,379,66,0,0,0,0,3.393939393939394
2225,train,2,192,312,275,395,120,0,0,0,0,1.8666666666666667
2226,train,2,201,312,282,393,111,0,0,0,0,2.018018018018018
2227,train,2,206,307,282,383,101,0,0,0,0,2.217821782178218
2228,train,2,217,308,283,374,91,0,0,0,0,2.4615384615384617
2229,train,2,228,310,283,365,82,0,0,0,0,2.731707317073171
2230,train,2,225,392,169,336,167,0,0,0,0,1.341317365269461
2231,train,2,94,242,170,318,148,0,0,0,0,1.5135135135135136
2232,train,2,90,245,166,321,155,0,0,0,0,1.4451612903225806
2233,train,2,152,268,197,313,116,0,0,0,0,1.9310344827586208
2234,train,2,166,274,206,314,108,0,0,0,0,2.074074074074074
2235,train,2,181,345,177,341,164,0,0,0,0,1.3658536585365855
2236,train,2,191,341,184,334,150,0,0,0,0,1.4933333333333334
2237,test,2,310,367,322,379,57,0,0,0,0,3.9298245614035086
2238,test,2,272,383,293,404,111,0,0,0,0,2.018018018018018
2239,test,2,279,390,289,400,111,0,0,0,0,2.018018018018018
2240,test,2,293,384,300,391,91,0,0,0,0,2.4615384615384617
2241,train,2,185,321,126,262,136,0,0,0,0,1.6470588235294117
2242,train,2,97,240,226,369,143,0,0,0,0,1.5664335664335665
2243,train,2,105,220,237,352,115,0,0,0,0,1.9478260869565218
2244,val,2,261,312,239,290,51,0,0,0,0,4.392156862745098
2245,val,2,250,320,229,299,70,0,0,0,0,3.2
2246,val,2,248,315,235,302,67,0,0,0,0,3.343283582089552
2247,val,2,57,140,249,332,83,0,0,0,0,2.6987951807228914
2248,val,2,57,145,247,335,88,0,0,0,0,2.5454545454545454
2249,val,2,59,140,248,329,81,0,0,0,0,2.765432098765432
2250,train,2,113,225,232,344,112,0,0,0,0,2.0
2251,train,2,99,259,203,363,160,0,0,0,0,1.4
2252,train,2,91,209,237,355,118,0,0,0,0,1.8983050847457628
2253,train,2,103,199,258,354,96,0,0,0,0,2.3333333333333335
2254,train,2,106,233,189,316,127,0,0,0,0,1.763779527559055
2255,train,2,85,249,162,326,164,0,0,0,0,1.3658536585365855
2256,train,2,106,259,186,339,153,0,0,0,0,1.4640522875816993
2257,train,2,112,227,190,305,115,0,0,0,0,1.9478260869565218
2258,train,2,115,229,191,305,114,0,0,0,0,1.9649122807017543
2259,train,2,115,210,200,295,95,0,0,0,0,2.357894736842105
2260,train,2,135,192,214,271,57,0,0,0,0,3.9298245614035086
2261,test,2,168,255,138,225,87,0,0,0,0,2.574712643678161
2262,test,2,157,268,124,235,111,0,0,0,0,2.018018018018018
2263,test,2,156,274,122,240,118,0,0,0,0,1.8983050847457628
2264,test,2,152,284,119,251,132,0,0,0,0,1.696969696969697
2265,test,2,153,308,105,260,155,0,0,0,0,1.4451612903225806
2266,test,2,156,316,103,263,160,0,0,0,0,1.4
2267,test,2,161,305,111,255,144,0,0,0,0,1.5555555555555556
2268,test,2,165,294,125,254,129,0,0,0,0,1.7364341085271318
2269,test,2,215,293,159,237,78,0,0,0,0,2.871794871794872
2270,train,2,145,193,296,344,48,0,0,0,0,4.666666666666667
2271,train,2,100,254,253,407,154,0,0,0,0,1.4545454545454546
2272,train,2,124,219,252,347,95,0,0,0,0,2.357894736842105
2273,train,2,121,258,245,382,137,0,0,0,0,1.635036496350365
2274,train,2,128,263,249,384,135,0,0,0,0,1.6592592592592592
2275,train,2,138,252,250,364,114,0,0,0,0,1.9649122807017543
2276,train,2,155,233,258,336,78,0,0,0,0,2.871794871794872
2277,train,2,158,229,279,350,71,0,0,0,0,3.1549295774647885
2278,train,2,175,228,281,334,53,0,0,0,0,4.226415094339623
2279,train,2,180,286,287,393,106,0,0,0,0,2.1132075471698113
2280,train,2,179,286,292,399,107,0,0,0,0,2.0934579439252334
2281,train,2,172,296,290,414,124,0,0,0,0,1.8064516129032258
2282,train,2,187,298,291,402,111,0,0,0,0,2.018018018018018
2283,train,2,181,295,293,407,114,0,0,0,0,1.9649122807017543
2284,train,2,183,259,332,408,76,0,0,0,0,2.9473684210526314
2285,train,2,168,288,291,411,120,0,0,0,0,1.8666666666666667
2286,val,2,212,263,289,340,51,0,0,0,0,4.392156862745098
2287,val,2,203,250,292,339,47,0,0,0,0,4.76595744680851
2288,val,2,101,310,212,421,209,0,0,0,0,1.0717703349282297
2289,val,2,110,263,242,395,153,0,0,0,0,1.4640522875816993
2290,val,2,141,280,258,397,139,0,0,0,0,1.6115107913669064
2291,val,2,148,263,274,389,115,0,0,0,0,1.9478260869565218
2292,val,2,184,292,280,388,108,0,0,0,0,2.074074074074074
2293,val,2,183,297,263,377,114,0,0,0,0,1.9649122807017543
2294,val,2,199,256,299,356,57,0,0,0,0,3.9298245614035086
2295,val,2,144,256,271,383,112,0,0,0,0,2.0
2296,val,2,127,294,248,415,167,0,0,0,0,1.341317365269461
2297,val,2,113,298,224,409,185,0,0,0,0,1.2108108108108109
2298,val,2,111,301,217,407,190,0,0,0,0,1.1789473684210525
2299,val,2,111,303,221,413,192,0,0,0,0,1.1666666666666667
2300,train,2,160,213,192,245,53,0,0,0,0,4.226415094339623
2301,train,2,106,214,152,260,108,0,0,0,0,2.074074074074074
2302,train,2,236,293,225,282,57,0,0,0,0,3.9298245614035086
2303,train,2,103,220,148,265,117,0,0,0,0,1.9145299145299146
2304,train,2,96,214,137,255,118,0,0,0,0,1.8983050847457628
2305,train,2,84,204,137,257,120,0,0,0,0,1.8666666666666667
2306,train,2,80,193,137,250,113,0,0,0,0,1.9823008849557522
2307,train,2,207,274,207,274,67,0,0,0,0,3.343283582089552
2308,train,2,218,301,207,290,83,0,0,0,0,2.6987951807228914
2309,train,2,222,316,204,298,94,0,0,0,0,2.382978723404255
2310,train,2,222,313,200,291,91,0,0,0,0,2.4615384615384617
2311,train,2,241,340,151,250,99,0,0,0,0,2.2626262626262625
2312,train,2,233,348,148,263,115,0,0,0,0,1.9478260869565218
2313,train,2,230,348,143,261,118,0,0,0,0,1.8983050847457628
2314,train,2,229,344,143,258,115,0,0,0,0,1.9478260869565218
2315,train,2,229,340,144,255,111,0,0,0,0,2.018018018018018
2316,train,2,235,340,153,258,105,0,0,0,0,2.1333333333333333
2317,train,2,214,353,203,342,139,0,0,0,0,1.6115107913669064
2318,train,2,168,377,186,395,209,0,0,0,0,1.0717703349282297
2319,train,2,204,336,234,366,132,0,0,0,0,1.696969696969697
2320,train,2,213,329,245,361,116,0,0,0,0,1.9310344827586208
2321,train,2,75,123,185,233,48,0,0,0,0,4.666666666666667
2322,train,2,67,126,181,240,59,0,0,0,0,3.7966101694915255
2323,train,2,69,128,187,246,59,0,0,0,0,3.7966101694915255
2324,train,2,71,140,186,255,69,0,0,0,0,3.246376811594203
2325,train,2,74,138,186,250,64,0,0,0,0,3.5
2326,train,2,196,268,282,354,72,0,0,0,0,3.111111111111111
2327,train,2,183,275,281,373,92,0,0,0,0,2.4347826086956523
2328,train,2,170,308,238,376,138,0,0,0,0,1.6231884057971016
2329,train,2,163,305,241,383,142,0,0,0,0,1.5774647887323943
2330,train,2,144,296,246,398,152,0,0,0,0,1.4736842105263157
2331,train,2,165,305,255,395,140,0,0,0,0,1.6
2332,train,2,173,315,258,400,142,0,0,0,0,1.5774647887323943
2333,test,2,105,170,261,326,65,0,0,0,0,3.4461538461538463
2334,test,2,97,180,257,340,83,0,0,0,0,2.6987951807228914
2335,test,2,108,187,268,347,79,0,0,0,0,2.8354430379746836
2336,test,2,98,191,259,352,93,0,0,0,0,2.4086021505376345
2337,test,2,93,193,253,353,100,0,0,0,0,2.24
2338,test,2,91,195,251,355,104,0,0,0,0,2.1538461538461537
2339,test,2,90,190,253,353,100,0,0,0,0,2.24
2340,test,2,59,185,236,362,126,0,0,0,0,1.7777777777777777
2341,test,2,86,165,256,335,79,0,0,0,0,2.8354430379746836
2342,test,2,115,233,128,246,118,0,0,0,0,1.8983050847457628
2343,test,2,115,241,130,256,126,0,0,0,0,1.7777777777777777
2344,train,2,175,334,115,274,159,0,0,0,0,1.4088050314465408
2345,train,2,176,336,110,270,160,0,0,0,0,1.4
2346,train,2,199,334,127,262,135,0,0,0,0,1.6592592592592592
2347,train,2,196,321,129,254,125,0,0,0,0,1.792
2348,train,2,221,310,153,242,89,0,0,0,0,2.5168539325842696
2349,train,2,302,371,308,377,69,0,0,0,0,3.246376811594203
2350,train,2,174,245,282,353,71,0,0,0,0,3.1549295774647885
2351,train,2,184,268,274,358,84,0,0,0,0,2.6666666666666665
2352,train,2,85,196,252,363,111,0,0,0,0,2.018018018018018
2353,train,2,92,203,254,365,111,0,0,0,0,2.018018018018018
2354,train,2,61,229,228,396,168,0,0,0,0,1.3333333333333333
2355,train,2,63,234,237,408,171,0,0,0,0,1.3099415204678362
2356,train,2,70,237,247,414,167,0,0,0,0,1.341317365269461
2357,train,2,66,256,238,428,190,0,0,0,0,1.1789473684210525
2358,train,2,64,247,239,422,183,0,0,0,0,1.2240437158469946
2359,train,2,76,212,260,396,136,0,0,0,0,1.6470588235294117
2360,train,2,70,212,261,403,142,0,0,0,0,1.5774647887323943
2361,train,2,77,277,222,422,200,0,0,0,0,1.12
2362,train,2,194,266,279,351,72,0,0,0,0,3.111111111111111
2363,train,2,358,409,257,308,51,0,0,0,0,4.392156862745098
2364,train,2,340,385,305,350,45,0,0,0,0,4.977777777777778
2365,train,2,193,311,234,352,118,0,0,0,0,1.8983050847457628
2366,train,2,191,317,235,361,126,0,0,0,0,1.7777777777777777
2367,train,2,150,420,154,424,270,0,0,0,0,0.8296296296296296
2368,train,2,233,433,193,393,200,0,0,0,0,1.12
2369,train,2,249,427,172,350,178,0,0,0,0,1.2584269662921348
2370,train,2,136,440,117,421,304,0,0,0,0,0.7368421052631579
2371,train,2,156,427,127,398,271,0,0,0,0,0.8265682656826568
2372,train,2,185,293,221,329,108,0,0,0,0,2.074074074074074
2373,train,2,223,271,290,338,48,0,0,0,0,4.666666666666667
2374,train,2,216,288,275,347,72,0,0,0,0,3.111111111111111
2375,train,2,344,390,254,300,46,0,0,0,0,4.869565217391305
2376,train,2,195,339,215,359,144,0,0,0,0,1.5555555555555556
2377,train,2,181,329,215,363,148,0,0,0,0,1.5135135135135136
2378,train,2,155,341,193,379,186,0,0,0,0,1.2043010752688172
2379,train,2,147,427,146,426,280,0,0,0,0,0.8
2380,train,2,148,431,142,425,283,0,0,0,0,0.7915194346289752
2381,train,2,154,428,128,402,274,0,0,0,0,0.8175182481751825
2382,train,2,82,433,104,455,351,0,0,0,0,0.6381766381766382
2383,train,2,349,397,253,301,48,0,0,0,0,4.666666666666667
2384,test,2,71,162,181,272,91,0,0,0,0,2.4615384615384617
2385,test,2,57,185,149,277,128,0,0,0,0,1.75
2386,test,2,60,192,144,276,132,0,0,0,0,1.696969696969697
2387,test,2,52,225,122,295,173,0,0,0,0,1.2947976878612717
2388,test,2,57,248,131,322,191,0,0,0,0,1.1727748691099475
2389,test,2,54,215,135,296,161,0,0,0,0,1.391304347826087
2390,test,2,69,222,138,291,153,0,0,0,0,1.4640522875816993
2391,test,2,80,229,151,300,149,0,0,0,0,1.5033557046979866
2392,test,2,78,232,142,296,154,0,0,0,0,1.4545454545454546
2393,test,2,101,240,151,290,139,0,0,0,0,1.6115107913669064
2394,train,2,203,332,151,280,129,0,0,0,0,1.7364341085271318
2395,train,2,213,342,132,261,129,0,0,0,0,1.7364341085271318
2396,train,2,222,386,116,280,164,0,0,0,0,1.3658536585365855
2397,train,2,222,335,111,224,113,0,0,0,0,1.9823008849557522
2398,train,2,207,355,105,253,148,0,0,0,0,1.5135135135135136
2399,train,2,205,388,88,271,183,0,0,0,0,1.2240437158469946
2400,train,2,206,326,107,227,120,0,0,0,0,1.8666666666666667
2401,train,2,206,358,101,253,152,0,0,0,0,1.4736842105263157
2402,train,2,227,315,142,230,88,0,0,0,0,2.5454545454545454
2403,val,2,141,217,125,201,76,0,0,0,0,2.9473684210526314
2404,val,2,129,221,120,212,92,0,0,0,0,2.4347826086956523
2405,val,2,129,229,112,212,100,0,0,0,0,2.24
2406,val,2,130,224,112,206,94,0,0,0,0,2.382978723404255
2407,val,2,129,225,113,209,96,0,0,0,0,2.3333333333333335
2408,val,2,137,224,116,203,87,0,0,0,0,2.574712643678161
2409,val,2,153,224,125,196,71,0,0,0,0,3.1549295774647885
2410,train,2,149,236,127,214,87,0,0,0,0,2.574712643678161
2411,train,2,140,242,120,222,102,0,0,0,0,2.196078431372549
2412,train,2,146,241,126,221,95,0,0,0,0,2.357894736842105
2413,train,2,147,239,128,220,92,0,0,0,0,2.4347826086956523
2414,train,2,156,233,135,212,77,0,0,0,0,2.909090909090909
2415,train,2,128,259,95,226,131,0,0,0,0,1.7099236641221374
2416,train,2,162,255,110,203,93,0,0,0,0,2.4086021505376345
2417,train,2,157,256,107,206,99,0,0,0,0,2.2626262626262625
2418,train,2,156,258,105,207,102,0,0,0,0,2.196078431372549
2419,train,2,167,242,107,182,75,0,0,0,0,2.986666666666667
2420,train,2,162,264,244,346,102,0,0,0,0,2.196078431372549
2421,train,2,131,310,236,415,179,0,0,0,0,1.2513966480446927
2422,train,2,115,311,224,420,196,0,0,0,0,1.1428571428571428
2423,train,2,139,310,245,416,171,0,0,0,0,1.3099415204678362
2424,train,2,140,307,241,408,167,0,0,0,0,1.341317365269461
2425,train,2,136,307,241,412,171,0,0,0,0,1.3099415204678362
2426,train,2,179,293,168,282,114,0,0,0,0,1.9649122807017543
2427,train,2,194,276,197,279,82,0,0,0,0,2.731707317073171
2428,train,2,189,279,195,285,90,0,0,0,0,2.488888888888889
2429,train,2,175,306,166,297,131,0,0,0,0,1.7099236641221374
2430,train,2,166,270,175,279,104,0,0,0,0,2.1538461538461537
2431,train,2,168,270,176,278,102,0,0,0,0,2.196078431372549
2432,train,2,166,266,177,277,100,0,0,0,0,2.24
2433,train,2,171,258,180,267,87,0,0,0,0,2.574712643678161
2434,train,2,176,254,186,264,78,0,0,0,0,2.871794871794872
2435,train,2,119,218,244,343,99,0,0,0,0,2.2626262626262625
2436,train,2,113,229,240,356,116,0,0,0,0,1.9310344827586208
2437,train,2,108,236,233,361,128,0,0,0,0,1.75
2438,train,2,100,249,220,369,149,0,0,0,0,1.5033557046979866
2439,train,2,100,251,220,371,151,0,0,0,0,1.4834437086092715
2440,train,2,97,250,220,373,153,0,0,0,0,1.4640522875816993
2441,train,2,101,250,223,372,149,0,0,0,0,1.5033557046979866
2442,train,2,163,251,280,368,88,0,0,0,0,2.5454545454545454
2443,test,2,141,266,194,319,125,0,0,0,0,1.792
2444,test,2,134,302,184,352,168,0,0,0,0,1.3333333333333333
2445,test,2,126,298,186,358,172,0,0,0,0,1.302325581395349
2446,test,2,125,290,194,359,165,0,0,0,0,1.3575757575757577
2447,test,2,175,311,224,360,136,0,0,0,0,1.6470588235294117
2448,test,2,176,313,221,358,137,0,0,0,0,1.635036496350365
2449,test,2,186,317,223,354,131,0,0,0,0,1.7099236641221374
2450,test,2,146,318,199,371,172,0,0,0,0,1.302325581395349
2451,test,2,188,339,188,339,151,0,0,0,0,1.4834437086092715
2452,test,2,183,265,223,305,82,0,0,0,0,2.731707317073171
2453,test,2,156,274,204,322,118,0,0,0,0,1.8983050847457628
2454,test,2,141,319,192,370,178,0,0,0,0,1.2584269662921348
2455,test,2,133,317,188,372,184,0,0,0,0,1.2173913043478262
2456,test,2,127,329,169,371,202,0,0,0,0,1.108910891089109
2457,test,2,131,311,196,376,180,0,0,0,0,1.2444444444444445
2458,test,2,130,317,191,378,187,0,0,0,0,1.1978609625668448
2459,test,2,150,317,198,365,167,0,0,0,0,1.341317365269461
2460,test,2,130,327,176,373,197,0,0,0,0,1.1370558375634519
2461,test,2,160,277,208,325,117,0,0,0,0,1.9145299145299146
2462,test,2,160,266,215,321,106,0,0,0,0,2.1132075471698113
2463,train,2,124,205,129,210,81,0,0,0,0,2.765432098765432
2464,train,2,117,267,103,253,150,0,0,0,0,1.4933333333333334
2465,train,2,133,264,125,256,131,0,0,0,0,1.7099236641221374
2466,train,2,140,256,143,259,116,0,0,0,0,1.9310344827586208
2467,train,2,157,241,158,242,84,0,0,0,0,2.6666666666666665
2468,train,2,153,257,135,239,104,0,0,0,0,2.1538461538461537
2469,train,2,166,226,167,227,60,0,0,0,0,3.7333333333333334
2470,train,2,130,187,291,348,57,0,0,0,0,3.9298245614035086
2471,train,2,124,189,283,348,65,0,0,0,0,3.4461538461538463
2472,train,2,91,194,274,377,103,0,0,0,0,2.174757281553398
2473,train,2,86,191,277,382,105,0,0,0,0,2.1333333333333333
2474,train,2,86,193,272,379,107,0,0,0,0,2.0934579439252334
2475,train,2,92,193,285,386,101,0,0,0,0,2.217821782178218
2476,train,2,176,232,198,254,56,0,0,0,0,4.0
2477,train,2,161,248,192,279,87,0,0,0,0,2.574712643678161
2478,train,2,129,243,201,315,114,0,0,0,0,1.9649122807017543
2479,train,2,158,259,178,279,101,0,0,0,0,2.217821782178218
2480,train,2,142,260,168,286,118,0,0,0,0,1.8983050847457628
2481,train,2,141,241,167,267,100,0,0,0,0,2.24
2482,train,2,137,249,162,274,112,0,0,0,0,2.0
2483,train,2,148,251,171,274,103,0,0,0,0,2.174757281553398
2484,train,2,127,283,163,319,156,0,0,0,0,1.435897435897436
2485,train,2,132,249,198,315,117,0,0,0,0,1.9145299145299146
2486,train,2,136,247,204,315,111,0,0,0,0,2.018018018018018
2487,train,2,128,208,260,340,80,0,0,0,0,2.8
2488,train,2,99,234,117,252,135,0,0,0,0,1.6592592592592592
2489,train,2,76,242,101,267,166,0,0,0,0,1.3493975903614457
2490,train,2,69,243,97,271,174,0,0,0,0,1.2873563218390804
2491,train,2,69,241,99,271,172,0,0,0,0,1.302325581395349
2492,train,2,73,235,105,267,162,0,0,0,0,1.382716049382716
2493,train,2,99,228,121,250,129,0,0,0,0,1.7364341085271318
2494,train,2,126,243,124,241,117,0,0,0,0,1.9145299145299146
2495,train,2,147,218,145,216,71,0,0,0,0,3.1549295774647885
2496,train,2,180,255,278,353,75,0,0,0,0,2.986666666666667
2497,train,2,189,252,288,351,63,0,0,0,0,3.5555555555555554
2498,train,2,167,254,287,374,87,0,0,0,0,2.574712643678161
2499,train,2,209,254,263,308,45,0,0,0,0,4.977777777777778
2500,train,2,193,271,267,345,78,0,0,0,0,2.871794871794872
2501,train,2,196,280,269,353,84,0,0,0,0,2.6666666666666665
2502,train,2,177,314,229,366,137,0,0,0,0,1.635036496350365
2503,train,2,184,310,238,364,126,0,0,0,0,1.7777777777777777
2504,train,2,159,306,238,385,147,0,0,0,0,1.5238095238095237
2505,train,2,196,308,259,371,112,0,0,0,0,2.0
2506,train,2,219,297,293,371,78,0,0,0,0,2.871794871794872
2507,train,2,273,318,284,329,45,0,0,0,0,4.977777777777778
2508,train,2,262,318,285,341,56,0,0,0,0,4.0
2509,train,2,216,334,198,316,118,0,0,0,0,1.8983050847457628
2510,train,2,216,330,197,311,114,0,0,0,0,1.9649122807017543
2511,train,2,251,316,269,334,65,0,0,0,0,3.4461538461538463
2512,train,2,248,319,262,333,71,0,0,0,0,3.1549295774647885
2513,train,2,242,323,252,333,81,0,0,0,0,2.765432098765432
2514,train,2,237,329,243,335,92,0,0,0,0,2.4347826086956523
2515,train,2,212,340,219,347,128,0,0,0,0,1.75
2516,train,2,217,381,188,352,164,0,0,0,0,1.3658536585365855
2517,train,2,210,377,193,360,167,0,0,0,0,1.341317365269461
2518,train,2,194,311,200,317,117,0,0,0,0,1.9145299145299146
2519,train,2,218,329,199,310,111,0,0,0,0,2.018018018018018
2520,train,2,212,378,192,358,166,0,0,0,0,1.3493975903614457
2521,train,2,222,387,170,335,165,0,0,0,0,1.3575757575757577
2522,train,2,240,322,263,345,82,0,0,0,0,2.731707317073171
2523,train,2,241,316,268,343,75,0,0,0,0,2.986666666666667
2524,test,2,130,205,180,255,75,0,0,0,0,2.986666666666667
2525,test,2,108,225,168,285,117,0,0,0,0,1.9145299145299146
2526,test,2,105,224,163,282,119,0,0,0,0,1.8823529411764706
2527,test,2,93,266,125,298,173,0,0,0,0,1.2947976878612717
2528,test,2,110,250,144,284,140,0,0,0,0,1.6
2529,test,2,112,259,164,311,147,0,0,0,0,1.5238095238095237
2530,train,2,128,229,142,243,101,0,0,0,0,2.217821782178218
2531,train,2,113,232,145,264,119,0,0,0,0,1.8823529411764706
2532,train,2,61,233,93,265,172,0,0,0,0,1.302325581395349
2533,train,2,44,228,87,271,184,0,0,0,0,1.2173913043478262
2534,train,2,45,224,92,271,179,0,0,0,0,1.2513966480446927
2535,train,2,59,208,107,256,149,0,0,0,0,1.5033557046979866
2536,train,2,63,206,109,252,143,0,0,0,0,1.5664335664335665
2537,train,2,70,198,134,262,128,0,0,0,0,1.75
2538,train,2,68,196,139,267,128,0,0,0,0,1.75
2539,train,2,77,224,121,268,147,0,0,0,0,1.5238095238095237
2540,val,2,178,206,261,289,28,0,0,0,0,8.0
2541,val,2,166,202,261,297,36,0,0,0,0,6.222222222222222
2542,val,2,140,219,232,311,79,0,0,0,0,2.8354430379746836
2543,val,2,135,217,228,310,82,0,0,0,0,2.731707317073171
2544,val,2,136,219,226,309,83,0,0,0,0,2.6987951807228914
2545,val,2,133,211,227,305,78,0,0,0,0,2.871794871794872
2546,test,2,125,240,135,250,115,0,0,0,0,1.9478260869565218
2547,test,2,123,240,137,254,117,0,0,0,0,1.9145299145299146
2548,test,2,126,240,139,253,114,0,0,0,0,1.9649122807017543
2549,test,2,134,251,134,251,117,0,0,0,0,1.9145299145299146
2550,test,2,90,178,235,323,88,0,0,0,0,2.5454545454545454
2551,test,2,92,182,233,323,90,0,0,0,0,2.488888888888889
2552,test,2,90,159,245,314,69,0,0,0,0,3.246376811594203
2553,test,2,76,158,251,333,82,0,0,0,0,2.731707317073171
2554,val,2,239,284,267,312,45,0,0,0,0,4.977777777777778
2555,val,2,208,289,249,330,81,0,0,0,0,2.765432098765432
2556,val,2,167,309,246,388,142,0,0,0,0,1.5774647887323943
2557,val,2,175,307,252,384,132,0,0,0,0,1.696969696969697
2558,val,2,196,286,233,323,90,0,0,0,0,2.488888888888889
2559,val,2,163,307,187,331,144,0,0,0,0,1.5555555555555556
2560,val,2,152,306,185,339,154,0,0,0,0,1.4545454545454546
2561,val,2,151,304,186,339,153,0,0,0,0,1.4640522875816993
2562,val,2,141,293,186,338,152,0,0,0,0,1.4736842105263157
2563,val,2,143,307,183,347,164,0,0,0,0,1.3658536585365855
2564,val,2,136,343,176,383,207,0,0,0,0,1.0821256038647342
2565,val,2,138,347,173,382,209,0,0,0,0,1.0717703349282297
2566,train,2,162,217,277,332,55,0,0,0,0,4.072727272727272
2567,train,2,135,223,256,344,88,0,0,0,0,2.5454545454545454
2568,train,2,130,231,249,350,101,0,0,0,0,2.217821782178218
2569,train,2,126,230,250,354,104,0,0,0,0,2.1538461538461537
2570,train,2,117,223,254,360,106,0,0,0,0,2.1132075471698113
2571,train,2,113,213,257,357,100,0,0,0,0,2.24
2572,train,2,113,182,278,347,69,0,0,0,0,3.246376811594203
2573,train,2,60,166,240,346,106,0,0,0,0,2.1132075471698113
2574,train,2,60,173,246,359,113,0,0,0,0,1.9823008849557522
2575,train,2,60,195,234,369,135,0,0,0,0,1.6592592592592592
2576,train,2,69,197,245,373,128,0,0,0,0,1.75
2577,train,2,70,206,244,380,136,0,0,0,0,1.6470588235294117
2578,train,2,82,190,256,364,108,0,0,0,0,2.074074074074074
2579,test,2,134,218,255,339,84,0,0,0,0,2.6666666666666665
2580,test,2,139,227,251,339,88,0,0,0,0,2.5454545454545454
2581,test,2,131,222,253,344,91,0,0,0,0,2.4615384615384617
2582,test,2,122,234,239,351,112,0,0,0,0,2.0
2583,test,2,125,202,262,339,77,0,0,0,0,2.909090909090909
2584,test,2,119,202,262,345,83,0,0,0,0,2.6987951807228914
2585,test,2,111,206,254,349,95,0,0,0,0,2.357894736842105
2586,train,2,92,193,222,323,101,0,0,0,0,2.217821782178218
2587,train,2,76,187,213,324,111,0,0,0,0,2.018018018018018
2588,train,2,85,155,235,305,70,0,0,0,0,3.2
2589,train,2,256,325,220,289,69,0,0,0,0,3.246376811594203
2590,train,2,250,329,215,294,79,0,0,0,0,2.8354430379746836
2591,train,2,246,339,208,301,93,0,0,0,0,2.4086021505376345
2592,train,2,241,336,197,292,95,0,0,0,0,2.357894736842105
2593,train,2,234,338,189,293,104,0,0,0,0,2.1538461538461537
2594,train,2,238,332,194,288,94,0,0,0,0,2.382978723404255
2595,val,2,34,142,212,320,108,0,0,0,0,2.074074074074074
2596,val,2,48,139,201,292,91,0,0,0,0,2.4615384615384617
2597,val,2,77,190,209,322,113,0,0,0,0,1.9823008849557522
2598,val,2,85,175,223,313,90,0,0,0,0,2.488888888888889
2599,val,2,97,167,238,308,70,0,0,0,0,3.2
2600,val,2,77,280,170,373,203,0,0,0,0,1.103448275862069
2601,val,2,80,287,170,377,207,0,0,0,0,1.0821256038647342
2602,val,2,85,239,173,327,154,0,0,0,0,1.4545454545454546
2603,val,2,85,215,177,307,130,0,0,0,0,1.7230769230769232
2604,val,2,88,227,175,314,139,0,0,0,0,1.6115107913669064
2605,val,2,104,230,175,301,126,0,0,0,0,1.7777777777777777
2606,val,2,49,237,158,346,188,0,0,0,0,1.1914893617021276
2607,val,2,64,226,163,325,162,0,0,0,0,1.382716049382716
2608,train,2,236,374,204,342,138,0,0,0,0,1.6231884057971016
2609,train,2,249,340,233,324,91,0,0,0,0,2.4615384615384617
2610,train,2,253,366,226,339,113,0,0,0,0,1.9823008849557522
2611,train,2,263,347,236,320,84,0,0,0,0,2.6666666666666665
2612,val,2,224,258,196,230,34,0,0,0,0,6.588235294117647
2613,val,2,256,308,212,264,52,0,0,0,0,4.3076923076923075
2614,val,2,260,311,214,265,51,0,0,0,0,4.392156862745098
2615,val,2,260,306,218,264,46,0,0,0,0,4.869565217391305
2616,val,2,256,309,216,269,53,0,0,0,0,4.226415094339623
2617,train,2,135,331,253,449,196,0,0,0,0,1.1428571428571428
2618,train,2,115,331,240,456,216,0,0,0,0,1.037037037037037
2619,train,2,101,341,230,470,240,0,0,0,0,0.9333333333333333
2620,train,2,121,333,244,456,212,0,0,0,0,1.0566037735849056
2621,train,2,163,317,278,432,154,0,0,0,0,1.4545454545454546
2622,train,2,171,311,283,423,140,0,0,0,0,1.6
2623,train,2,178,307,284,413,129,0,0,0,0,1.7364341085271318
2624,train,2,204,298,254,348,94,0,0,0,0,2.382978723404255
2625,train,2,119,223,203,307,104,0,0,0,0,2.1538461538461537
2626,train,2,130,256,205,331,126,0,0,0,0,1.7777777777777777
2627,train,2,140,219,255,334,79,0,0,0,0,2.8354430379746836
2628,train,2,133,249,217,333,116,0,0,0,0,1.9310344827586208
2629,train,2,135,255,216,336,120,0,0,0,0,1.8666666666666667
2630,train,2,126,234,225,333,108,0,0,0,0,2.074074074074074
2631,train,2,261,316,226,281,55,0,0,0,0,4.072727272727272
2632,train,2,265,341,219,295,76,0,0,0,0,2.9473684210526314
2633,train,2,263,327,227,291,64,0,0,0,0,3.5
2634,train,2,222,334,119,231,112,0,0,0,0,2.0
2635,train,2,209,345,113,249,136,0,0,0,0,1.6470588235294117
2636,train,2,210,338,114,242,128,0,0,0,0,1.75
2637,train,2,209,344,107,242,135,0,0,0,0,1.6592592592592592
2638,train,2,202,344,105,247,142,0,0,0,0,1.5774647887323943
2639,train,2,196,326,107,237,130,0,0,0,0,1.7230769230769232
2640,train,2,199,329,109,239,130,0,0,0,0,1.7230769230769232
2641,train,2,151,227,130,206,76,0,0,0,0,2.9473684210526314
2642,train,2,146,215,130,199,69,0,0,0,0,3.246376811594203
2643,train,2,144,223,131,210,79,0,0,0,0,2.8354430379746836
2644,train,2,136,201,131,196,65,0,0,0,0,3.4461538461538463
2645,train,2,123,204,114,195,81,0,0,0,0,2.765432098765432
2646,train,2,97,169,171,243,72,0,0,0,0,3.111111111111111
2647,train,2,202,301,157,256,99,0,0,0,0,2.2626262626262625
2648,train,2,201,289,169,257,88,0,0,0,0,2.5454545454545454
2649,train,2,202,291,164,253,89,0,0,0,0,2.5168539325842696
2650,train,2,185,267,153,235,82,0,0,0,0,2.731707317073171
2651,train,2,179,294,133,248,115,0,0,0,0,1.9478260869565218
2652,train,2,165,284,132,251,119,0,0,0,0,1.8823529411764706
2653,train,2,166,280,135,249,114,0,0,0,0,1.9649122807017543
2654,train,2,168,291,133,256,123,0,0,0,0,1.8211382113821137
2655,train,2,178,292,138,252,114,0,0,0,0,1.9649122807017543
2656,train,2,185,302,148,265,117,0,0,0,0,1.9145299145299146
2657,train,2,70,250,82,262,180,0,0,0,0,1.2444444444444445
2658,train,2,67,247,76,256,180,0,0,0,0,1.2444444444444445
2659,train,2,82,241,96,255,159,0,0,0,0,1.4088050314465408
2660,train,2,94,233,121,260,139,0,0,0,0,1.6115107913669064
2661,train,2,107,227,136,256,120,0,0,0,0,1.8666666666666667
2662,train,2,102,234,120,252,132,0,0,0,0,1.696969696969697
2663,train,2,118,205,151,238,87,0,0,0,0,2.574712643678161
2664,train,2,209,317,288,396,108,0,0,0,0,2.074074074074074
2665,train,2,212,331,290,409,119,0,0,0,0,1.8823529411764706
2666,train,2,175,289,279,393,114,0,0,0,0,1.9649122807017543
2667,train,2,201,333,283,415,132,0,0,0,0,1.696969696969697
2668,train,2,188,331,275,418,143,0,0,0,0,1.5664335664335665
2669,train,2,183,335,271,423,152,0,0,0,0,1.4736842105263157
2670,train,2,170,314,271,415,144,0,0,0,0,1.5555555555555556
2671,train,2,166,314,269,417,148,0,0,0,0,1.5135135135135136
2672,train,2,143,320,241,418,177,0,0,0,0,1.265536723163842
2673,train,2,152,314,250,412,162,0,0,0,0,1.382716049382716
2674,train,2,157,310,259,412,153,0,0,0,0,1.4640522875816993
2675,val,2,78,189,164,275,111,0,0,0,0,2.018018018018018
2676,val,2,92,210,148,266,118,0,0,0,0,1.8983050847457628
2677,val,2,90,232,145,287,142,0,0,0,0,1.5774647887323943
2678,train,2,65,137,197,269,72,0,0,0,0,3.111111111111111
2679,train,2,54,122,200,268,68,0,0,0,0,3.2941176470588234
2680,train,2,147,222,316,391,75,0,0,0,0,2.986666666666667
2681,train,2,155,210,323,378,55,0,0,0,0,4.072727272727272
2682,train,2,249,313,244,308,64,0,0,0,0,3.5
2683,train,2,237,325,237,325,88,0,0,0,0,2.5454545454545454
2684,train,2,244,327,241,324,83,0,0,0,0,2.6987951807228914
2685,train,2,250,322,248,320,72,0,0,0,0,3.111111111111111
2686,train,2,263,316,266,319,53,0,0,0,0,4.226415094339623
2687,train,2,229,280,281,332,51,0,0,0,0,4.392156862745098
2688,train,2,252,343,146,237,91,0,0,0,0,2.4615384615384617
2689,train,2,147,255,136,244,108,0,0,0,0,2.074074074074074
2690,train,2,149,257,135,243,108,0,0,0,0,2.074074074074074
2691,train,2,159,263,139,243,104,0,0,0,0,2.1538461538461537
2692,train,2,167,267,141,241,100,0,0,0,0,2.24
2693,train,2,189,254,170,235,65,0,0,0,0,3.4461538461538463
2694,train,2,115,229,162,276,114,0,0,0,0,1.9649122807017543
2695,train,2,108,295,108,295,187,0,0,0,0,1.1978609625668448
2696,train,2,112,283,116,287,171,0,0,0,0,1.3099415204678362
2697,train,2,119,280,114,275,161,0,0,0,0,1.391304347826087
2698,train,2,127,312,123,308,185,0,0,0,0,1.2108108108108109
2699,train,2,140,315,127,302,175,0,0,0,0,1.28
2700,train,2,152,257,131,236,105,0,0,0,0,2.1333333333333333
2701,train,2,154,258,136,240,104,0,0,0,0,2.1538461538461537
2702,train,2,225,266,347,388,41,0,0,0,0,5.463414634146342
2703,train,2,211,277,322,388,66,0,0,0,0,3.393939393939394
2704,train,2,182,271,303,392,89,0,0,0,0,2.5168539325842696
2705,train,2,169,293,264,388,124,0,0,0,0,1.8064516129032258
2706,train,2,181,286,276,381,105,0,0,0,0,2.1333333333333333
2707,train,2,179,269,286,376,90,0,0,0,0,2.488888888888889
2708,train,2,188,245,305,362,57,0,0,0,0,3.9298245614035086
2709,train,2,180,243,295,358,63,0,0,0,0,3.5555555555555554
2710,test,2,167,299,179,311,132,0,0,0,0,1.696969696969697
2711,test,2,177,301,185,309,124,0,0,0,0,1.8064516129032258
2712,test,2,182,282,203,303,100,0,0,0,0,2.24
2713,test,2,187,279,204,296,92,0,0,0,0,2.4347826086956523
2714,train,2,261,331,211,281,70,0,0,0,0,3.2
2715,train,2,241,324,210,293,83,0,0,0,0,2.6987951807228914
2716,train,2,214,314,205,305,100,0,0,0,0,2.24
2717,train,2,206,306,189,289,100,0,0,0,0,2.24
2718,train,2,206,321,180,295,115,0,0,0,0,1.9478260869565218
2719,train,2,208,319,179,290,111,0,0,0,0,2.018018018018018
2720,train,2,186,316,175,305,130,0,0,0,0,1.7230769230769232
2721,train,2,186,318,175,307,132,0,0,0,0,1.696969696969697
2722,train,2,176,317,183,324,141,0,0,0,0,1.5886524822695036
2723,train,2,174,290,284,400,116,0,0,0,0,1.9310344827586208
2724,train,2,166,308,264,406,142,0,0,0,0,1.5774647887323943
2725,train,2,162,309,256,403,147,0,0,0,0,1.5238095238095237
2726,train,2,130,310,241,421,180,0,0,0,0,1.2444444444444445
2727,train,2,127,302,232,407,175,0,0,0,0,1.28
2728,train,2,132,297,242,407,165,0,0,0,0,1.3575757575757577
2729,train,2,141,294,248,401,153,0,0,0,0,1.4640522875816993
2730,train,2,142,266,261,385,124,0,0,0,0,1.8064516129032258
2731,train,2,117,207,297,387,90,0,0,0,0,2.488888888888889
2732,train,2,107,202,309,404,95,0,0,0,0,2.357894736842105
2733,train,2,83,246,292,455,163,0,0,0,0,1.3742331288343559
2734,train,2,87,296,237,446,209,0,0,0,0,1.0717703349282297
2735,train,2,119,266,296,443,147,0,0,0,0,1.5238095238095237
2736,train,2,119,278,280,439,159,0,0,0,0,1.4088050314465408
2737,train,2,141,213,345,417,72,0,0,0,0,3.111111111111111
2738,train,2,154,386,171,403,232,0,0,0,0,0.9655172413793104
2739,train,2,198,369,174,345,171,0,0,0,0,1.3099415204678362
2740,train,2,195,361,180,346,166,0,0,0,0,1.3493975903614457
2741,train,2,188,352,186,350,164,0,0,0,0,1.3658536585365855
2742,train,2,194,317,216,339,123,0,0,0,0,1.8211382113821137
2743,val,2,68,180,146,258,112,0,0,0,0,2.0
2744,val,2,58,184,141,267,126,0,0,0,0,1.7777777777777777
2745,val,2,6,221,100,315,215,0,0,0,0,1.041860465116279
2746,val,2,54,215,131,292,161,0,0,0,0,1.391304347826087
2747,val,2,60,148,136,224,88,0,0,0,0,2.5454545454545454
2748,train,2,65,135,253,323,70,0,0,0,0,3.2
2749,train,2,75,140,265,330,65,0,0,0,0,3.4461538461538463
2750,train,2,163,205,333,375,42,0,0,0,0,5.333333333333333
2751,train,2,156,203,333,380,47,0,0,0,0,4.76595744680851
2752,train,2,151,205,333,387,54,0,0,0,0,4.148148148148148
2753,train,2,269,300,287,318,31,0,0,0,0,7.225806451612903
2754,train,2,258,315,269,326,57,0,0,0,0,3.9298245614035086
2755,train,2,263,317,269,323,54,0,0,0,0,4.148148148148148
2756,train,2,273,308,283,318,35,0,0,0,0,6.4
2757,train,2,249,277,312,340,28,0,0,0,0,8.0
2758,train,2,143,358,255,470,215,0,0,0,0,1.041860465116279
2759,train,2,118,389,212,483,271,0,0,0,0,0.8265682656826568
2760,train,2,175,360,214,399,185,0,0,0,0,1.2108108108108109
2761,train,2,105,400,196,491,295,0,0,0,0,0.7593220338983051
2762,train,2,106,403,197,494,297,0,0,0,0,0.7542087542087542
2763,train,2,49,452,101,504,403,0,0,0,0,0.5558312655086849
2764,train,2,100,350,115,365,250,0,0,0,0,0.896
2765,train,2,153,377,126,350,224,0,0,0,0,1.0
2766,train,2,146,324,150,328,178,0,0,0,0,1.2584269662921348
2767,train,2,118,357,136,375,239,0,0,0,0,0.9372384937238494
2768,train,2,71,387,117,433,316,0,0,0,0,0.7088607594936709
2769,train,2,182,306,224,348,124,0,0,0,0,1.8064516129032258
2770,train,2,222,298,279,355,76,0,0,0,0,2.9473684210526314
2771,train,2,171,303,271,403,132,0,0,0,0,1.696969696969697
2772,train,2,166,319,244,397,153,0,0,0,0,1.4640522875816993
2773,train,2,171,330,220,379,159,0,0,0,0,1.4088050314465408
2774,test,2,145,241,280,376,96,0,0,0,0,2.3333333333333335
2775,test,2,207,312,306,411,105,0,0,0,0,2.1333333333333333
2776,test,2,198,312,300,414,114,0,0,0,0,1.9649122807017543
2777,test,2,193,310,296,413,117,0,0,0,0,1.9145299145299146
2778,test,2,190,313,291,414,123,0,0,0,0,1.8211382113821137
2779,test,2,184,350,272,438,166,0,0,0,0,1.3493975903614457
2780,train,2,246,313,270,337,67,0,0,0,0,3.343283582089552
2781,train,2,235,311,264,340,76,0,0,0,0,2.9473684210526314
2782,train,2,218,310,263,355,92,0,0,0,0,2.4347826086956523
2783,train,2,209,341,261,393,132,0,0,0,0,1.696969696969697
2784,train,2,219,332,246,359,113,0,0,0,0,1.9823008849557522
2785,train,2,214,325,245,356,111,0,0,0,0,2.018018018018018
2786,train,2,217,348,251,382,131,0,0,0,0,1.7099236641221374
2787,test,2,146,286,188,328,140,0,0,0,0,1.6
2788,test,2,205,309,229,333,104,0,0,0,0,2.1538461538461537
2789,test,2,130,318,169,357,188,0,0,0,0,1.1914893617021276
2790,test,2,124,313,167,356,189,0,0,0,0,1.1851851851851851
2791,test,2,135,285,194,344,150,0,0,0,0,1.4933333333333334
2792,test,2,200,308,194,302,108,0,0,0,0,2.074074074074074
2793,test,2,203,299,201,297,96,0,0,0,0,2.3333333333333335
2794,test,2,204,294,214,304,90,0,0,0,0,2.488888888888889
2795,test,2,120,347,144,371,227,0,0,0,0,0.986784140969163
2796,test,2,97,357,134,394,260,0,0,0,0,0.8615384615384616
2797,test,2,89,352,133,396,263,0,0,0,0,0.8517110266159695
2798,test,2,176,293,264,381,117,0,0,0,0,1.9145299145299146
2799,test,2,170,345,191,366,175,0,0,0,0,1.28
2800,train,2,138,268,284,414,130,0,0,0,0,1.7230769230769232
2801,train,2,136,261,294,419,125,0,0,0,0,1.792
2802,train,2,147,274,285,412,127,0,0,0,0,1.763779527559055
2803,train,2,158,278,271,391,120,0,0,0,0,1.8666666666666667
2804,train,2,178,250,318,390,72,0,0,0,0,3.111111111111111
2805,train,2,83,195,221,333,112,0,0,0,0,2.0
2806,train,2,58,213,209,364,155,0,0,0,0,1.4451612903225806
2807,train,2,117,192,257,332,75,0,0,0,0,2.986666666666667
2808,train,2,125,185,261,321,60,0,0,0,0,3.7333333333333334
2809,train,2,155,232,177,254,77,0,0,0,0,2.909090909090909
2810,train,2,153,236,155,238,83,0,0,0,0,2.6987951807228914
2811,train,2,139,259,137,257,120,0,0,0,0,1.8666666666666667
2812,train,2,121,286,112,277,165,0,0,0,0,1.3575757575757577
2813,train,2,80,336,101,357,256,0,0,0,0,0.875
2814,train,2,83,350,89,356,267,0,0,0,0,0.8389513108614233
2815,train,2,81,332,125,376,251,0,0,0,0,0.8924302788844621
2816,train,2,152,251,212,311,99,0,0,0,0,2.2626262626262625
2817,test,2,134,230,309,405,96,0,0,0,0,2.3333333333333335
2818,test,2,154,219,329,394,65,0,0,0,0,3.4461538461538463
2819,test,2,156,223,326,393,67,0,0,0,0,3.343283582089552
2820,test,2,163,219,333,389,56,0,0,0,0,4.0
2821,train,2,72,249,203,380,177,0,0,0,0,1.265536723163842
2822,val,2,151,207,242,298,56,0,0,0,0,4.0
2823,train,2,177,208,330,361,31,0,0,0,0,7.225806451612903
2824,train,2,179,208,331,360,29,0,0,0,0,7.724137931034483
2825,train,2,167,231,332,396,64,0,0,0,0,3.5
2826,train,2,170,235,327,392,65,0,0,0,0,3.4461538461538463
2827,train,2,166,224,326,384,58,0,0,0,0,3.8620689655172415
2828,train,2,164,220,326,382,56,0,0,0,0,4.0
2829,train,2,167,222,326,381,55,0,0,0,0,4.072727272727272
2830,train,2,174,217,335,378,43,0,0,0,0,5.209302325581396
2831,train,2,159,260,215,316,101,0,0,0,0,2.217821782178218
2832,train,2,189,253,231,295,64,0,0,0,0,3.5
2833,train,2,173,262,205,294,89,0,0,0,0,2.5168539325842696
2834,train,2,176,254,209,287,78,0,0,0,0,2.871794871794872
2835,train,2,199,246,233,280,47,0,0,0,0,4.76595744680851
2836,train,2,197,228,306,337,31,0,0,0,0,7.225806451612903
2837,train,2,171,273,145,247,102,0,0,0,0,2.196078431372549
2838,train,2,170,284,149,263,114,0,0,0,0,1.9649122807017543
2839,train,2,166,293,156,283,127,0,0,0,0,1.763779527559055
2840,train,2,176,354,196,374,178,0,0,0,0,1.2584269662921348
2841,train,2,146,312,200,366,166,0,0,0,0,1.3493975903614457
2842,train,2,163,291,231,359,128,0,0,0,0,1.75
2843,train,2,156,286,228,358,130,0,0,0,0,1.7230769230769232
2844,train,2,172,295,220,343,123,0,0,0,0,1.8211382113821137
2845,train,2,186,279,227,320,93,0,0,0,0,2.4086021505376345
2846,train,2,159,227,194,262,68,0,0,0,0,3.2941176470588234
2847,train,2,106,234,155,283,128,0,0,0,0,1.75
2848,train,2,77,230,140,293,153,0,0,0,0,1.4640522875816993
2849,train,2,70,233,133,296,163,0,0,0,0,1.3742331288343559
2850,train,2,83,232,145,294,149,0,0,0,0,1.5033557046979866
2851,train,2,77,227,146,296,150,0,0,0,0,1.4933333333333334
2852,train,2,97,203,170,276,106,0,0,0,0,2.1132075471698113
2853,train,2,107,207,179,279,100,0,0,0,0,2.24
2854,val,2,278,333,267,322,55,0,0,0,0,4.072727272727272
2855,val,2,266,337,256,327,71,0,0,0,0,3.1549295774647885
2856,val,2,265,318,263,316,53,0,0,0,0,4.226415094339623
2857,val,2,271,311,267,307,40,0,0,0,0,5.6
2858,val,2,61,139,165,243,78,0,0,0,0,2.871794871794872
2859,val,2,64,147,162,245,83,0,0,0,0,2.6987951807228914
2860,val,2,59,148,159,248,89,0,0,0,0,2.5168539325842696
2861,train,2,113,219,176,282,106,0,0,0,0,2.1132075471698113
2862,train,2,113,227,173,287,114,0,0,0,0,1.9649122807017543
2863,train,2,109,229,169,289,120,0,0,0,0,1.8666666666666667
2864,train,2,89,221,178,310,132,0,0,0,0,1.696969696969697
2865,train,2,96,177,216,297,81,0,0,0,0,2.765432098765432
2866,test,2,188,272,211,295,84,0,0,0,0,2.6666666666666665
2867,test,2,173,288,206,321,115,0,0,0,0,1.9478260869565218
2868,test,2,141,303,168,330,162,0,0,0,0,1.382716049382716
2869,test,2,127,319,147,339,192,0,0,0,0,1.1666666666666667
2870,test,2,130,327,135,332,197,0,0,0,0,1.1370558375634519
2871,test,2,135,314,140,319,179,0,0,0,0,1.2513966480446927
2872,test,2,144,292,147,295,148,0,0,0,0,1.5135135135135136
2873,val,2,239,282,259,302,43,0,0,0,0,5.209302325581396
2874,val,2,224,284,247,307,60,0,0,0,0,3.7333333333333334
2875,val,2,220,278,244,302,58,0,0,0,0,3.8620689655172415
2876,train,2,135,238,163,266,103,0,0,0,0,2.174757281553398
2877,train,2,114,230,179,295,116,0,0,0,0,1.9310344827586208
2878,train,2,82,232,145,295,150,0,0,0,0,1.4933333333333334
2879,train,2,69,268,125,324,199,0,0,0,0,1.1256281407035176
2880,train,2,77,252,141,316,175,0,0,0,0,1.28
2881,train,2,90,245,161,316,155,0,0,0,0,1.4451612903225806
2882,train,2,110,271,163,324,161,0,0,0,0,1.391304347826087
2883,train,2,119,187,218,286,68,0,0,0,0,3.2941176470588234
2884,train,2,117,185,223,291,68,0,0,0,0,3.2941176470588234
2885,train,2,167,225,306,364,58,0,0,0,0,3.8620689655172415
2886,train,2,140,230,297,387,90,0,0,0,0,2.488888888888889
2887,train,2,83,244,273,434,161,0,0,0,0,1.391304347826087
2888,train,2,110,266,277,433,156,0,0,0,0,1.435897435897436
2889,train,2,132,267,271,406,135,0,0,0,0,1.6592592592592592
2890,train,2,128,307,198,377,179,0,0,0,0,1.2513966480446927
2891,train,2,105,199,168,262,94,0,0,0,0,2.382978723404255
2892,train,2,107,206,166,265,99,0,0,0,0,2.2626262626262625
2893,train,2,80,227,126,273,147,0,0,0,0,1.5238095238095237
2894,train,2,64,236,125,297,172,0,0,0,0,1.302325581395349
2895,train,2,209,274,230,295,65,0,0,0,0,3.4461538461538463
2896,train,2,205,306,226,327,101,0,0,0,0,2.217821782178218
2897,train,2,206,309,227,330,103,0,0,0,0,2.174757281553398
2898,train,2,214,304,240,330,90,0,0,0,0,2.488888888888889
2899,train,2,232,288,262,318,56,0,0,0,0,4.0
2900,train,2,253,330,215,292,77,0,0,0,0,2.909090909090909
2901,train,2,241,341,206,306,100,0,0,0,0,2.24
2902,train,2,231,354,199,322,123,0,0,0,0,1.8211382113821137
2903,train,2,238,341,202,305,103,0,0,0,0,2.174757281553398
2904,train,2,242,336,206,300,94,0,0,0,0,2.382978723404255
2905,train,2,240,328,208,296,88,0,0,0,0,2.5454545454545454
2906,train,2,259,305,295,341,46,0,0,0,0,4.869565217391305
2907,train,2,242,335,273,366,93,0,0,0,0,2.4086021505376345
2908,train,2,235,341,268,374,106,0,0,0,0,2.1132075471698113
2909,train,2,231,357,260,386,126,0,0,0,0,1.7777777777777777
2910,train,2,224,360,260,396,136,0,0,0,0,1.6470588235294117
2911,train,2,224,338,292,406,114,0,0,0,0,1.9649122807017543
2912,train,2,218,342,283,407,124,0,0,0,0,1.8064516129032258
2913,train,2,230,333,317,420,103,0,0,0,0,2.174757281553398
2914,train,2,89,123,236,270,34,0,0,0,0,6.588235294117647
2915,train,2,78,138,208,268,60,0,0,0,0,3.7333333333333334
2916,train,2,81,144,203,266,63,0,0,0,0,3.5555555555555554
2917,train,2,78,138,195,255,60,0,0,0,0,3.7333333333333334
2918,test,2,104,224,158,278,120,0,0,0,0,1.8666666666666667
2919,test,2,102,228,160,286,126,0,0,0,0,1.7777777777777777
2920,test,2,92,244,135,287,152,0,0,0,0,1.4736842105263157
2921,test,2,101,238,149,286,137,0,0,0,0,1.635036496350365
2922,test,2,110,235,151,276,125,0,0,0,0,1.792
2923,test,2,119,227,162,270,108,0,0,0,0,2.074074074074074
2924,test,2,126,217,170,261,91,0,0,0,0,2.4615384615384617
2925,test,2,174,239,141,206,65,0,0,0,0,3.4461538461538463
2926,test,2,176,259,113,196,83,0,0,0,0,2.6987951807228914
2927,test,2,142,220,133,211,78,0,0,0,0,2.871794871794872
2928,test,2,137,256,89,208,119,0,0,0,0,1.8823529411764706
2929,test,2,144,250,106,212,106,0,0,0,0,2.1132075471698113
2930,test,2,150,242,111,203,92,0,0,0,0,2.4347826086956523
2931,test,2,149,241,110,202,92,0,0,0,0,2.4347826086956523
2932,test,2,154,243,105,194,89,0,0,0,0,2.5168539325842696
2933,test,2,146,247,85,186,101,0,0,0,0,2.217821782178218
2934,val,2,142,319,160,337,177,0,0,0,0,1.265536723163842
2935,val,2,155,305,178,328,150,0,0,0,0,1.4933333333333334
2936,val,2,163,312,172,321,149,0,0,0,0,1.5033557046979866
2937,val,2,142,316,154,328,174,0,0,0,0,1.2873563218390804
2938,val,2,111,336,146,371,225,0,0,0,0,0.9955555555555555
2939,val,2,78,361,135,418,283,0,0,0,0,0.7915194346289752
2940,val,2,147,373,183,409,226,0,0,0,0,0.9911504424778761
2941,val,2,155,366,192,403,211,0,0,0,0,1.061611374407583
2942,val,2,175,358,203,386,183,0,0,0,0,1.2240437158469946
2943,val,2,208,346,225,363,138,0,0,0,0,1.6231884057971016
2944,train,2,129,230,122,223,101,0,0,0,0,2.217821782178218
2945,train,2,123,242,116,235,119,0,0,0,0,1.8823529411764706
2946,train,2,126,249,113,236,123,0,0,0,0,1.8211382113821137
2947,train,2,128,239,124,235,111,0,0,0,0,2.018018018018018
2948,train,2,43,169,164,290,126,0,0,0,0,1.7777777777777777
2949,train,2,39,195,139,295,156,0,0,0,0,1.435897435897436
2950,train,2,32,207,128,303,175,0,0,0,0,1.28
2951,train,2,41,205,136,300,164,0,0,0,0,1.3658536585365855
2952,train,2,54,195,155,296,141,0,0,0,0,1.5886524822695036
2953,train,2,45,180,149,284,135,0,0,0,0,1.6592592592592592
2954,train,2,85,166,167,248,81,0,0,0,0,2.765432098765432
2955,test,2,125,227,155,257,102,0,0,0,0,2.196078431372549
2956,test,2,130,273,115,258,143,0,0,0,0,1.5664335664335665
2957,test,2,139,287,117,265,148,0,0,0,0,1.5135135135135136
2958,test,2,138,281,115,258,143,0,0,0,0,1.5664335664335665
2959,test,2,147,283,127,263,136,0,0,0,0,1.6470588235294117
2960,test,2,141,273,135,267,132,0,0,0,0,1.696969696969697
2961,train,2,162,286,195,319,124,0,0,0,0,1.8064516129032258
2962,train,2,161,277,196,312,116,0,0,0,0,1.9310344827586208
2963,train,2,94,285,133,324,191,0,0,0,0,1.1727748691099475
2964,train,2,104,299,136,331,195,0,0,0,0,1.1487179487179486
2965,train,2,90,304,128,342,214,0,0,0,0,1.0467289719626167
2966,train,2,163,276,223,336,113,0,0,0,0,1.9823008849557522
2967,train,2,152,293,234,375,141,0,0,0,0,1.5886524822695036
2968,train,2,194,290,304,400,96,0,0,0,0,2.3333333333333335
2969,train,2,170,390,187,407,220,0,0,0,0,1.018181818181818
2970,train,2,60,189,165,294,129,0,0,0,0,1.7364341085271318
2971,train,2,78,203,149,274,125,0,0,0,0,1.792
2972,train,2,73,187,171,285,114,0,0,0,0,1.9649122807017543
2973,train,2,100,182,177,259,82,0,0,0,0,2.731707317073171
2974,train,2,99,153,208,262,54,0,0,0,0,4.148148148148148
2975,train,2,262,306,293,337,44,0,0,0,0,5.090909090909091
2976,train,2,262,325,279,342,63,0,0,0,0,3.5555555555555554
2977,train,2,254,323,267,336,69,0,0,0,0,3.246376811594203
2978,train,2,245,323,263,341,78,0,0,0,0,2.871794871794872
2979,train,2,246,328,263,345,82,0,0,0,0,2.731707317073171
2980,train,2,248,335,264,351,87,0,0,0,0,2.574712643678161
2981,train,2,257,332,268,343,75,0,0,0,0,2.986666666666667
2982,train,2,264,312,279,327,48,0,0,0,0,4.666666666666667
2983,val,2,97,258,175,336,161,0,0,0,0,1.391304347826087
2984,val,2,106,256,181,331,150,0,0,0,0,1.4933333333333334
2985,val,2,105,244,178,317,139,0,0,0,0,1.6115107913669064
2986,val,2,96,248,161,313,152,0,0,0,0,1.4736842105263157
2987,val,2,54,245,139,330,191,0,0,0,0,1.1727748691099475
2988,val,2,32,267,134,369,235,0,0,0,0,0.9531914893617022
2989,val,2,-1,310,88,399,311,1,0,0,0,0.7202572347266881
2990,val,2,105,313,196,404,208,0,0,0,0,1.0769230769230769
2991,val,2,104,319,186,401,215,0,0,0,0,1.041860465116279
2992,val,2,110,317,191,398,207,0,0,0,0,1.0821256038647342
2993,train,2,254,341,255,342,87,0,0,0,0,2.574712643678161
2994,train,2,247,362,241,356,115,0,0,0,0,1.9478260869565218
2995,train,2,236,356,248,368,120,0,0,0,0,1.8666666666666667
2996,train,2,261,332,284,355,71,0,0,0,0,3.1549295774647885
2997,train,2,252,328,277,353,76,0,0,0,0,2.9473684210526314
2998,train,2,152,342,165,355,190,0,0,0,0,1.1789473684210525
2999,train,2,192,348,171,327,156,0,0,0,0,1.435897435897436
3000,train,2,187,340,173,326,153,0,0,0,0,1.4640522875816993
3001,train,2,174,347,172,345,173,0,0,0,0,1.2947976878612717
3002,train,2,162,339,174,351,177,0,0,0,0,1.265536723163842
3003,train,2,152,316,198,362,164,0,0,0,0,1.3658536585365855
3004,train,2,209,261,259,311,52,0,0,0,0,4.3076923076923075
3005,train,2,153,244,294,385,91,0,0,0,0,2.4615384615384617
3006,train,2,152,256,287,391,104,0,0,0,0,2.1538461538461537
3007,train,2,149,255,280,386,106,0,0,0,0,2.1132075471698113
3008,train,2,146,266,261,381,120,0,0,0,0,1.8666666666666667
3009,train,2,224,293,191,260,69,0,0,0,0,3.246376811594203
3010,train,2,221,298,181,258,77,0,0,0,0,2.909090909090909
3011,train,2,243,296,193,246,53,0,0,0,0,4.226415094339623
3012,train,2,192,270,148,226,78,0,0,0,0,2.871794871794872
3013,train,2,185,260,158,233,75,0,0,0,0,2.986666666666667
3014,train,2,196,340,188,332,144,0,0,0,0,1.5555555555555556
3015,train,2,210,346,187,323,136,0,0,0,0,1.6470588235294117
3016,train,2,209,364,170,325,155,0,0,0,0,1.4451612903225806
3017,train,2,160,364,165,369,204,0,0,0,0,1.0980392156862746
3018,train,2,155,364,167,376,209,0,0,0,0,1.0717703349282297
3019,train,2,240,358,183,301,118,0,0,0,0,1.8983050847457628
3020,test,2,69,160,229,320,91,0,0,0,0,2.4615384615384617
3021,test,2,74,156,232,314,82,0,0,0,0,2.731707317073171
3022,train,2,217,281,180,244,64,0,0,0,0,3.5
3023,train,2,206,294,168,256,88,0,0,0,0,2.5454545454545454
3024,train,2,188,306,160,278,118,0,0,0,0,1.8983050847457628
3025,train,2,184,304,157,277,120,0,0,0,0,1.8666666666666667
3026,train,2,179,292,160,273,113,0,0,0,0,1.9823008849557522
3027,train,2,177,290,152,265,113,0,0,0,0,1.9823008849557522
3028,train,2,229,273,198,242,44,0,0,0,0,5.090909090909091
3029,train,2,131,233,196,298,102,0,0,0,0,2.196078431372549
3030,test,1,141,243,298,400,102,0,0,0,0,2.196078431372549
3031,train,2,63,261,194,392,198,0,0,0,0,1.1313131313131313
3032,train,2,47,262,188,403,215,0,0,0,0,1.041860465116279
3033,train,2,54,265,189,400,211,0,0,0,0,1.061611374407583
3034,train,2,70,268,197,395,198,0,0,0,0,1.1313131313131313
3035,train,2,103,259,223,379,156,0,0,0,0,1.435897435897436
3036,train,2,133,201,343,411,68,0,0,0,0,3.2941176470588234
3037,train,2,128,219,326,417,91,0,0,0,0,2.4615384615384617
3038,train,2,134,215,327,408,81,0,0,0,0,2.765432098765432
3039,train,2,163,193,341,371,30,0,0,0,0,7.466666666666667
3040,train,2,154,211,319,376,57,0,0,0,0,3.9298245614035086
3041,train,2,153,205,310,362,52,0,0,0,0,4.3076923076923075
3042,train,2,239,395,313,469,156,0,0,0,0,1.435897435897436
3043,train,2,278,371,342,435,93,0,0,0,0,2.4086021505376345
3044,train,2,202,423,216,437,221,0,0,0,0,1.0135746606334841
3045,train,2,229,464,196,431,235,0,0,0,0,0.9531914893617022
3046,train,2,247,439,225,417,192,0,0,0,0,1.1666666666666667
3047,train,2,199,256,299,356,57,0,0,0,0,3.9298245614035086
3048,train,2,196,239,297,340,43,0,0,0,0,5.209302325581396
3049,test,2,155,248,119,212,93,0,0,0,0,2.4086021505376345
3050,test,2,145,259,98,212,114,0,0,0,0,1.9649122807017543
3051,test,2,121,271,78,228,150,0,0,0,0,1.4933333333333334
3052,test,2,118,274,69,225,156,0,0,0,0,1.435897435897436
3053,test,2,106,277,70,241,171,0,0,0,0,1.3099415204678362
3054,test,2,101,281,63,243,180,0,0,0,0,1.2444444444444445
3055,test,2,71,310,66,305,239,0,0,0,0,0.9372384937238494
3056,train,2,94,183,252,341,89,0,0,0,0,2.5168539325842696
3057,train,2,77,181,248,352,104,0,0,0,0,2.1538461538461537
3058,train,2,73,246,212,385,173,0,0,0,0,1.2947976878612717
3059,train,2,82,237,236,391,155,0,0,0,0,1.4451612903225806
3060,train,2,82,248,227,393,166,0,0,0,0,1.3493975903614457
3061,train,2,109,244,245,380,135,0,0,0,0,1.6592592592592592
3062,train,2,145,190,330,375,45,0,0,0,0,4.977777777777778
3063,train,1,258,330,93,165,72,0,0,0,0,3.111111111111111
3064,val,1,103,192,238,327,89,0,0,0,0,2.5168539325842696
